ridge_PTM,ridge_IPTM,rf_PTM,rf_IPTM,mlp_PTM,mlp_IPTM
0.72850806,0.21633834,0.7195569999999998,0.1907425555555555,0.7304901,0.21157473
0.7251264,0.20111161,0.7232856666666663,0.1696091666666666,0.7232996,0.17630835
0.738307,0.23731393,0.7246616666666658,0.1770099999999997,0.73758906,0.20235737
0.7266642,0.2131033,0.7158663333333337,0.1925287142857141,0.73349756,0.25780368
0.6662073,0.16755658,0.6829400000000001,0.2346366666666664,0.67640734,0.22925594
0.7129587,0.67313087,0.7119999999999991,0.6730000000000017,0.7148888,0.6860619
0.69495916,0.59800327,0.6949999999999997,0.5850000000000007,0.7005422,0.6093524
0.7082584,0.67065716,0.7020499999999987,0.6533399999999994,0.7212635,0.6937545
0.7472903,0.27290928,0.734445119047619,0.2214435714285714,0.7364232,0.22938657
0.7129587,0.67313087,0.7119999999999991,0.6730000000000017,0.7148888,0.6860619
0.73157394,0.21005252,0.7286156666666664,0.1974762857142857,0.7331666,0.19973747
0.7336007,0.20871252,0.7389150000000001,0.2427800000000001,0.7282392,0.21286377
0.70436597,0.65315026,0.7060000000000002,0.671,0.7056846,0.6836332
0.7383516,0.24143901,0.7339826666666667,0.2058939523809524,0.73451793,0.21327639
0.7436432,0.24100423,0.736,0.2408276666666666,0.7468488,0.26410562
0.7185861,0.17670578,0.7111016666666667,0.1640221666666666,0.7287276,0.2083737
0.74285084,0.24882504,0.7311599999999995,0.1915057142857142,0.73801136,0.20175564
0.7392921,0.23359257,0.7572450595238096,0.3474270238095238,0.74049956,0.22263446
0.7365196,0.22588438,0.7410999999999999,0.2510086666666669,0.7446234,0.2513503
0.7051703,0.6379473,0.7220000000000002,0.7060000000000015,0.70669234,0.682625
0.5572377,0.22572643,0.5279500000000001,0.13459,0.54102445,0.21195468
0.72888225,0.18916604,0.7328228095238092,0.2010835714285713,0.7363669,0.18976986
0.7335713,0.20005912,0.7329408333333332,0.2174286666666665,0.7348883,0.19982871
0.5395703,0.1659255,0.52117,0.13209,0.5200576,0.13307947
0.72757214,0.19524577,0.7385699999999994,0.2378199999999999,0.73549736,0.20672119
0.73234177,0.22945091,0.7218474999999994,0.1547206666666665,0.7380606,0.23682448
0.7482182,0.26062858,0.7376466428571427,0.255266666666667,0.7365695,0.20281965
0.67592454,0.58910644,0.6809999999999989,0.6360000000000011,0.6770046,0.6331845
0.6857867,0.5887064,0.6910000000000011,0.6589999999999995,0.6909913,0.66569775
0.7029356,0.6451264,0.7029999999999975,0.6440000000000039,0.70833373,0.6949933
0.7406429,0.23848987,0.7266299444444444,0.1803733333333333,0.7401334,0.21942408
0.68633854,0.59822506,0.6824299999999998,0.6330999999999999,0.686978,0.65512294
0.7301896,0.21039504,0.7475649999999997,0.3022859999999998,0.73537016,0.22767256
0.73787016,0.21276683,0.7347999999999996,0.1971797063492064,0.7402825,0.2670442
0.7219626,0.16962922,0.715788357142857,0.1431288095238095,0.7315403,0.18432346
0.7276081,0.19372869,0.7566673333333331,0.3198255000000005,0.73080313,0.18253165
0.6923044,0.6037367,0.6954699999999993,0.62697,0.69380647,0.6264525
0.6989876,0.6316327,0.6929999999999992,0.6209800000000009,0.69266194,0.60566294
0.7429263,0.25144362,0.7277399761904761,0.1950935,0.73620546,0.23133534
0.69495916,0.59800327,0.6949999999999997,0.5850000000000007,0.7005422,0.6093524
0.7347098,0.22259161,0.7260786666666661,0.20038,0.7392565,0.21413694
0.7365239,0.22103453,0.7379999999999997,0.2229131201298701,0.74075454,0.22452268
0.7034868,0.6665494,0.6929999999999992,0.627000000000001,0.7063234,0.6720044
0.72182983,0.17037061,0.7124933333333332,0.1129049999999999,0.7224912,0.17791948
0.7292919,0.18442437,0.7312208333333331,0.2006116666666667,0.72783875,0.17767863
0.68376285,0.5757138,0.6908300000000003,0.6385700000000003,0.68334055,0.63823783
0.7391792,0.23292184,0.7283422380952379,0.1989533333333334,0.7355329,0.19702283
0.7379922,0.22550923,0.7346033333333329,0.1922799999999999,0.73689306,0.1921214
0.7097477,0.6563254,0.7160000000000022,0.6870000000000038,0.71315485,0.69279605
0.6871718,0.586672,0.6709999999999998,0.5720000000000008,0.69191366,0.6664745
0.7350426,0.20931804,0.7325399999999995,0.1891443333333333,0.73737043,0.21296862
0.7442384,0.25896284,0.7464840952380952,0.2506845714285715,0.7415533,0.2287322
0.7020491,0.66511095,0.7120000000000017,0.7019999999999988,0.7039747,0.6695434
0.71574026,0.16790447,0.6980499999999998,0.0951339166666666,0.7229787,0.18169469
0.7219151,0.18381453,0.7228000000000001,0.1877059999999998,0.73349845,0.1927249
0.70010114,0.6500342,0.6949999999999997,0.6210000000000008,0.70221585,0.66402245
0.6949563,0.62916553,0.7009999999999998,0.6499999999999991,0.698648,0.6228156
0.6610819,0.49641538,0.6210000000000008,0.2399999999999996,0.66057664,0.41092503
0.7334748,0.20929855,0.737547,0.2363246666666666,0.7388771,0.20445526
0.5232302,0.11435568,0.5194700000000002,0.1346499999999999,0.52039343,0.12487552
0.73425394,0.25245208,0.7434890476190477,0.2790467023809524,0.7400699,0.29826188
0.662613,0.5244993,0.6400000000000005,0.3850000000000003,0.64638114,0.46453926
0.7406429,0.23848987,0.7266299444444444,0.1803733333333333,0.7401334,0.21942408
0.7129587,0.67313087,0.7119999999999991,0.6730000000000017,0.7148888,0.6860619
0.7097477,0.6563254,0.7160000000000022,0.6870000000000038,0.71315485,0.69279605
0.70672387,0.68088233,0.6949999999999996,0.6370000000000003,0.71171737,0.7050515
0.7280125,0.2089315,0.7033028333333335,0.1350453333333333,0.73032624,0.19946717
0.72898185,0.19085813,0.7210724999999999,0.1587558333333332,0.7356334,0.1904975
0.72530663,0.18310452,0.7302408333333332,0.1865496666666667,0.7247994,0.19362399
0.7358686,0.21270987,0.7507188333333334,0.2836200000000002,0.73329043,0.24884209
0.73083276,0.18734252,0.7188740000000016,0.1431833333333331,0.7313472,0.18399027
0.69493234,0.64520836,0.7009999999999996,0.6689999999999984,0.69777215,0.6664391
0.6777264,0.5545868,0.6899999999999991,0.6520000000000009,0.67468464,0.615218
0.73505425,0.22853288,0.7260158333333325,0.2120200000000004,0.7369672,0.21546537
0.7249075,0.16328293,0.7231966666666659,0.1572974999999999,0.72487414,0.17050792
0.7434086,0.25502586,0.748826666666667,0.2696800000000003,0.74652505,0.23698106
0.67709,0.5916312,0.6940000000000011,0.7060000000000015,0.6841662,0.6937311
0.73309624,0.20708638,0.7346286666666662,0.2059968333333333,0.7367781,0.21671923
0.706914,0.6871661,0.7019999999999987,0.6839999999999989,0.70737326,0.698592
0.70090544,0.6194098,0.7189999999999996,0.6929999999999983,0.70443755,0.67247957
0.7130776,0.66598475,0.718999999999999,0.6800000000000016,0.7178915,0.6967228
0.73730457,0.22847891,0.7327039999999997,0.2176572222222222,0.742594,0.22927174
0.7161861,0.12779248,0.7290458333333335,0.1843806904761904,0.7246055,0.16802222
0.72402835,0.1814133,0.7113299999999999,0.1180016666666665,0.7282456,0.17404884
0.5302712,0.09967464,0.5285300000000005,0.11403,0.5191155,0.1271818
0.7162001,0.18780166,0.7195499999999995,0.1729246666666668,0.7293403,0.2367121
0.7298429,0.22270513,0.7154514285714276,0.1364554999999999,0.73317975,0.20179254
0.7129587,0.67313087,0.7119999999999991,0.6730000000000017,0.7148888,0.6860619
0.7416464,0.2731235,0.7424238333333335,0.2663925793650794,0.74183494,0.25077343
0.68612313,0.633308,0.6790000000000007,0.6314899999999994,0.6858159,0.705152
0.72146076,0.19905496,0.7060699999999998,0.1374499999999998,0.72860885,0.24307552
0.7360567,0.24675173,0.7195949999999992,0.1710276666666666,0.74324167,0.25941393
0.7143891,0.6670379,0.7221899999999996,0.7088300000000001,0.719765,0.71492213
0.65446043,0.5082751,0.6674399999999997,0.5656700000000001,0.6614139,0.5749909
0.73333645,0.21166423,0.7318032619047616,0.1852362857142857,0.7360468,0.21035962
0.68454915,0.5738397,0.7129999999999999,0.6915099999999996,0.6843601,0.6220092
0.6622262,0.49380648,0.622999999999999,0.2330000000000003,0.65176827,0.3723771
0.7129587,0.67313087,0.7119999999999991,0.6730000000000017,0.7148888,0.6860619
0.72954917,0.19681275,0.7335466666666666,0.2070130952380952,0.7266434,0.19485632
0.69612247,0.6344105,0.7056700000000015,0.6787800000000003,0.6981491,0.6822514
0.7097477,0.6563254,0.7160000000000022,0.6870000000000038,0.71315485,0.69279605
0.7129587,0.67313087,0.7119999999999991,0.6730000000000017,0.7148888,0.6860619
0.73246604,0.20368004,0.7295562500000004,0.1819864999999999,0.7350847,0.20959094
0.7298924,0.19278973,0.7311549999999992,0.1956319999999999,0.73744273,0.2142779
0.7389442,0.25356925,0.7211874999999995,0.1796059999999998,0.7453409,0.250362
0.7062957,0.662842,0.7120000000000017,0.6790000000000007,0.7053588,0.6608403
0.7416914,0.23189053,0.7401799999999998,0.2363028333333333,0.7353897,0.22109899
0.72810835,0.1950332,0.7336100000000001,0.2099599999999998,0.7375829,0.20461993
0.7162001,0.18780172,0.7195499999999995,0.1729246666666668,0.7293403,0.2367121
0.7406403,0.29740834,0.753636333333334,0.3650990952380954,0.736493,0.3210197
0.7100562,0.6904353,0.710999999999999,0.6850000000000009,0.71656936,0.7134982
0.70616215,0.6697622,0.7020499999999997,0.6661100000000001,0.70833826,0.69036317
0.7273073,0.18640026,0.7466863333333333,0.2938071428571429,0.74538946,0.23878527
0.70688546,0.66263866,0.7139999999999991,0.6929999999999992,0.7102823,0.69481224
0.6932458,0.62776995,0.6871300000000007,0.6214099999999995,0.69614077,0.6543459
0.73377955,0.20953861,0.7410799999999996,0.2289003333333333,0.73063976,0.20674628
0.73332405,0.1883206,0.7264600000000001,0.1741341666666665,0.7380139,0.18886802
0.7411488,0.23285097,0.7327524999999995,0.19172,0.7419305,0.24562931
0.73003894,0.18316352,0.7240779999999991,0.1455991666666665,0.7357352,0.192687
0.74530244,0.25972915,0.7445069999999998,0.2539546666666669,0.74415624,0.24431616
0.7292261,0.18785301,0.7256233333333334,0.1654846666666666,0.73224854,0.19595346
0.69179857,0.63098514,0.6843700000000003,0.6326599999999999,0.7006845,0.6858655
0.7007469,0.6756485,0.71,0.7150000000000019,0.7043299,0.6947669
0.6916152,0.6133407,0.7049999999999987,0.6880000000000009,0.69994235,0.70959526
0.7129587,0.67313087,0.7119999999999991,0.6730000000000017,0.7148888,0.6860619
0.73763806,0.21845078,0.7393581666666664,0.2194218571428571,0.7348708,0.22111596
0.7077411,0.65023685,0.7229999999999993,0.7049999999999987,0.716035,0.70890224
0.73708224,0.22880471,0.7433810000000001,0.2360724999999999,0.744264,0.23043539
0.7353059,0.21282375,0.7410130952380952,0.233948,0.7407596,0.20879766
0.7162002,0.13305598,0.7189180000000002,0.1291291666666666,0.72090685,0.14301792
0.7130776,0.66598475,0.718999999999999,0.6800000000000016,0.7178915,0.6967228
0.7283131,0.18525136,0.7379071666666667,0.2312833333333338,0.72751856,0.18415216
0.7130776,0.66598475,0.718999999999999,0.6800000000000016,0.7178915,0.6967228
0.72920513,0.19484156,0.7374616666666666,0.1983873333333332,0.7315516,0.21630251
0.74180305,0.24805874,0.7377900966810965,0.2499022777777776,0.7400348,0.21326658
0.6568347,0.46763182,0.6510000000000015,0.4969999999999999,0.6524565,0.5334316
0.71862346,0.18487653,0.703078333333332,0.1300350000000001,0.7266687,0.20747244
0.73265576,0.23737931,0.7216294999999999,0.2094805595238095,0.73334455,0.21869548
0.74239945,0.22497207,0.7332400000000002,0.2121058333333335,0.74084306,0.25398725
0.6974945,0.64349675,0.7019999999999985,0.6559999999999995,0.7007081,0.67218584
0.6952578,0.6485146,0.6989999999999985,0.6670000000000015,0.70126665,0.6806429
0.7058029,0.6531194,0.7109999999999986,0.6850000000000018,0.7105853,0.69667363
0.7034868,0.6665494,0.6929999999999992,0.627000000000001,0.7063234,0.6720044
0.7201896,0.14679658,0.7245166666666658,0.1514642857142858,0.7231163,0.16460848
0.73826885,0.22824559,0.7491528333333334,0.2988078333333336,0.74055624,0.23230498
0.7176702,0.16333595,0.7328213333333333,0.2037143333333333,0.72672665,0.1816696
0.74096006,0.23065317,0.731986071428571,0.1892383333333333,0.73890877,0.2061345
0.7374664,0.23343295,0.7383351428571427,0.2207913333333334,0.73435396,0.22716609
0.7245743,0.1806593,0.718369166666666,0.145565,0.72466534,0.17584261
0.72813034,0.19716704,0.7322966666666666,0.1992800000000001,0.73397106,0.20449363
0.67298007,0.5089402,0.6722499999999997,0.4617800000000002,0.6813857,0.47048742
0.741017,0.21527845,0.747235333333333,0.2749526991341991,0.7472595,0.2223421
0.73186177,0.20358098,0.7108599999999988,0.1180249999999999,0.733292,0.19789067
0.67592454,0.58910644,0.6809999999999989,0.6360000000000011,0.6770046,0.6331845
0.7315813,0.21099442,0.7204500000000011,0.1484251666666669,0.73277956,0.24359053
0.7347723,0.2035721,0.7265100000000002,0.1546860000000001,0.7420821,0.21015982
0.7383919,0.22020799,0.7323180555555551,0.2233834523809523,0.7387882,0.20682465
0.6968457,0.6785195,0.69383,0.6321599999999999,0.7065853,0.7226391
0.73400253,0.19986802,0.7336574999999996,0.2288865,0.74158776,0.20267683
0.7438621,0.24973693,0.7303012380952381,0.1927739047619047,0.73970735,0.2375449
0.7308476,0.22819263,0.7247280396825394,0.1935476125541125,0.7319628,0.22423685
0.7325041,0.21249849,0.7382808333333329,0.2312465555555555,0.7352388,0.2205488
0.7212652,0.16541433,0.7268033333333324,0.1761655238095237,0.7349329,0.19996041
0.7115123,0.18220931,0.7366526666666666,0.2391245714285713,0.7197091,0.19024816
0.7160409,0.17944127,0.7303499999999995,0.2832611111111106,0.7214736,0.17561543
0.7256193,0.18061274,0.7230248888888883,0.1725503333333332,0.7276239,0.18439911
0.72285956,0.19478327,0.7333429999999994,0.2320899999999996,0.7356238,0.23308074
0.6974945,0.64349675,0.7019999999999985,0.6559999999999995,0.7007081,0.67218584
0.7353686,0.23282844,0.7281399999999993,0.18106,0.7355783,0.22084284
0.69851995,0.61422,0.67958,0.4965699999999997,0.6991512,0.60272694
0.69858456,0.60645664,0.7060000000000015,0.6629999999999984,0.7048445,0.6735955
0.7291718,0.18037209,0.7429958333333334,0.2427991428571429,0.7378834,0.22231978
0.73179966,0.22873327,0.7338133333333329,0.2263333333333334,0.73517746,0.23675202
0.7357637,0.23714781,0.7303033333333326,0.21649,0.7396308,0.24426019
0.7395029,0.2510705,0.8075657142857139,0.5403837619047618,0.73835975,0.23279004
0.7280125,0.2089315,0.7033028333333335,0.1350453333333333,0.73032624,0.19946717
0.68585986,0.57846844,0.6909099999999998,0.5886499999999999,0.6986408,0.63001335
0.73697805,0.20550555,0.7391799999999996,0.2274649999999998,0.743263,0.21760972
0.7347944,0.21568128,0.7217499999999992,0.1568580000000001,0.7354764,0.22402976
0.67527515,0.25159296,0.7130300000000007,0.3269799999999999,0.6816956,0.288369
0.74409145,0.24470502,0.7317640000000002,0.1947765,0.7440398,0.22090816
0.690036,0.6372152,0.6820000000000008,0.6390000000000012,0.69016635,0.6841242
0.7296903,0.18495694,0.7278200000000002,0.170568619047619,0.73156536,0.22184475
0.68044674,0.5758805,0.6790000000000007,0.5880000000000006,0.6810588,0.5791629
0.72917616,0.20861724,0.7166000000000016,0.1408933333333332,0.730934,0.1882905
0.7234246,0.14736313,0.7186666666666668,0.1474665476190474,0.7274945,0.20152342
0.7423506,0.24476105,0.7308633333333328,0.1946400000000002,0.743034,0.22352707
0.6901476,0.571712,0.6783200000000005,0.5484700000000012,0.7034064,0.6675355
0.7034868,0.6665494,0.6929999999999992,0.627000000000001,0.7063234,0.6720044
0.7058029,0.6531194,0.7109999999999986,0.6850000000000018,0.7105853,0.69667363
0.74172735,0.2572585,0.7404075384615381,0.247921369047619,0.7375852,0.23520868
0.6822541,0.5631843,0.6837799999999997,0.6528200000000001,0.687115,0.5684592
0.72684324,0.20324945,0.7333503571428576,0.2301436666666671,0.7318266,0.2062555
0.7375486,0.21919179,0.7475510476190479,0.2728253095238096,0.7388941,0.26887769
0.71865827,0.6910781,0.7280000000000004,0.719999999999999,0.7194066,0.728761
0.74316067,0.26554877,0.7394897467532465,0.2429060317460318,0.73612535,0.2327286
0.7369846,0.22549993,0.7302122222222225,0.1893699999999997,0.74819726,0.26818687
0.7097477,0.6563254,0.7160000000000022,0.6870000000000038,0.71315485,0.69279605
0.73013324,0.18561098,0.7304618333333331,0.1791204999999999,0.7284968,0.18865581
0.5719547,0.24210173,0.54106,0.1442,0.5505612,0.19547647
0.6745324,0.54617393,0.6972299999999997,0.6598500000000003,0.6663016,0.59348136
0.70552063,0.65265167,0.7123900000000001,0.6745299999999992,0.71597576,0.7036823
0.6985846,0.60645664,0.7060000000000015,0.6629999999999984,0.7048444,0.6735955
0.72992444,0.20026183,0.7334627857142857,0.2163490000000002,0.73338044,0.19453496
0.72425485,0.20993292,0.7203524999999993,0.1690100079365078,0.72947156,0.20924199
0.73151195,0.2222749,0.7373429999999997,0.2170174999999997,0.73542935,0.22402114
0.7248074,0.16994286,0.732057333333333,0.1841423333333333,0.73275536,0.19400454
0.72603685,0.19124457,0.7183775000000001,0.1715016666666665,0.730175,0.1945172
0.7383903,0.23248687,0.7284000000000002,0.1733363809523809,0.742584,0.22201678
0.6791198,0.597614,0.690910000000001,0.6737400000000007,0.6774851,0.7052625
0.7065426,0.6655283,0.7090000000000016,0.6520000000000006,0.7107169,0.67272866
0.7224004,0.1895312,0.7020538888888889,0.1231139523809523,0.7259301,0.1987656
0.74015945,0.23897591,0.7296599999999995,0.203004,0.7385347,0.20938826
0.73759997,0.24057436,0.7312122222222226,0.2373133333333329,0.7409522,0.2259366
0.7339499,0.21404824,0.7312133333333328,0.1981385714285715,0.7419187,0.2241487
0.72557986,0.16739959,0.7321043333333327,0.2028139999999999,0.736869,0.21260047
0.72638345,0.16842946,0.7301529999999998,0.1913520000000001,0.7385466,0.19453862
0.6974945,0.64349675,0.7019999999999985,0.6559999999999995,0.7007081,0.67218584
0.74206066,0.23949462,0.7334116666666666,0.1988642619047618,0.7298649,0.19327383
0.72006005,0.15968025,0.7257776111111112,0.2021295833333331,0.72855985,0.18505171
0.6974945,0.64349675,0.7019999999999985,0.6559999999999995,0.7007081,0.67218584
0.7107184,0.122696936,0.7174345000000012,0.1419820238095237,0.72402906,0.16160092
0.7311364,0.18570477,0.7255404999999996,0.1533414285714285,0.7295673,0.21438055
0.73215926,0.20070428,0.7292460476190472,0.1824066666666667,0.7372689,0.19831195
0.7097477,0.6563254,0.7160000000000022,0.6870000000000038,0.71315485,0.69279605
0.72753125,0.18521509,0.7326635952380951,0.2076403452380952,0.73272264,0.17705157
0.74223197,0.24742413,0.7408673333333333,0.2493863333333333,0.7396041,0.21469387
0.73689383,0.21517944,0.7344791666666662,0.1997105,0.7414832,0.23725682
0.7368681,0.22117138,0.7344383333333329,0.1985146666666666,0.7381563,0.20861298
0.6996051,0.6510993,0.7030200000000013,0.6490000000000008,0.7003027,0.6794896
0.6921516,0.5682583,0.6836300000000005,0.5038899999999997,0.694855,0.57307935
0.7224847,0.15605003,0.7209549999999995,0.1541088333333332,0.7260512,0.18313774
0.7248275,0.17882454,0.7295034047619049,0.1945964285714285,0.726022,0.18784936
0.69156057,0.6330743,0.6845100000000002,0.6207200000000009,0.6950661,0.66396785
0.7308959,0.19196966,0.7384804285714285,0.2317985714285713,0.73690414,0.19209582
0.6997645,0.61809987,0.6989999999999994,0.6670000000000011,0.70386755,0.66838515
0.72481287,0.17898774,0.7111019999999988,0.1266524999999998,0.72842985,0.18735369
0.6559736,0.2135278,0.6713,0.2355249999999998,0.6708284,0.23526658
0.73169875,0.2238121,0.7337289523809521,0.2185763333333333,0.7347129,0.22399487
0.74202913,0.23595947,0.7324365,0.2016238888888887,0.7396947,0.2251344
0.7029356,0.6451264,0.7029999999999975,0.6440000000000039,0.70833373,0.6949933
0.7062957,0.662842,0.7120000000000017,0.6790000000000007,0.7053588,0.6608403
0.7130776,0.66598475,0.718999999999999,0.6800000000000016,0.7178915,0.6967228
0.73295885,0.26217616,0.740583333333333,0.3005408333333337,0.7348397,0.29299003
0.6819801,0.5870902,0.6739999999999999,0.5540000000000005,0.678565,0.5773664
0.67568666,0.5519199,0.6387999999999997,0.3173399999999995,0.6904022,0.6297654
0.70227194,0.61953485,0.6090000000000013,0.179,0.7040242,0.65517277
0.74125683,0.22436267,0.7390912499999996,0.19904,0.7404561,0.22124043
0.74686855,0.28319198,0.7324400000000001,0.1860099999999998,0.74486285,0.2871319
0.70791817,0.66315967,0.7120000000000019,0.6870000000000005,0.7082808,0.66585344
0.7127253,0.14504063,0.7309199999999995,0.2232800000000001,0.72087234,0.17562121
0.701706,0.68642837,0.6951199999999993,0.6689999999999986,0.70678955,0.6961718
0.7399607,0.23066145,0.7443999999999998,0.2354649999999998,0.74515796,0.26604825
0.73944694,0.23208982,0.7418933333333335,0.2240059999999999,0.73921764,0.22213766
0.6764573,0.57314086,0.6992400000000001,0.6924200000000001,0.67863935,0.6747828
0.7129587,0.67313087,0.7119999999999991,0.6730000000000017,0.7148888,0.6860619
0.7359245,0.20387965,0.7396913333333331,0.2661130714285713,0.7390508,0.21865895
0.7333789,0.21241051,0.7176099999999991,0.1317400000000001,0.72712034,0.17039791
0.7287105,0.23443145,0.7454186666666665,0.2567180952380952,0.7321901,0.26377362
0.69848967,0.6093714,0.6120000000000004,0.2229999999999999,0.7006712,0.6280332
0.70041263,0.6217951,0.7269999999999992,0.7139999999999991,0.7051301,0.6819933
0.7097477,0.6563254,0.7160000000000022,0.6870000000000038,0.71315485,0.69279605
0.7401964,0.2420066,0.7166056666666659,0.134543777777778,0.7460259,0.23142146
0.73783517,0.24235606,0.7397674999999999,0.2404449047619046,0.73724806,0.2091858
0.72162277,0.16565782,0.7327130238095235,0.1853090952380952,0.7259717,0.16632497
0.7425049,0.24610135,0.739682,0.2430116785714284,0.74284375,0.23797004
0.7129587,0.67313087,0.7119999999999991,0.6730000000000017,0.7148888,0.6860619
0.7402358,0.23367122,0.734228333333333,0.218385,0.7395977,0.20549983
0.73868483,0.21408826,0.7289716666666664,0.1913996666666667,0.7345253,0.18877876
0.73911834,0.18981558,0.7382896666666666,0.2217799999999999,0.7422472,0.21837541
0.7376929,0.21575925,0.7429899999999999,0.2614300000000005,0.7338438,0.19173382
0.7315291,0.2196258,0.7435383333333333,0.2853354358974356,0.7321077,0.19613132
0.73436296,0.21375385,0.7392657976190473,0.229949119047619,0.72935414,0.21684378
0.705374,0.66122043,0.7030000000000014,0.6800000000000002,0.711009,0.7112722
0.73412186,0.21101719,0.7357908333333331,0.2058306666666667,0.7390934,0.24139947
0.72811383,0.21033165,0.7280836190476186,0.1884593095238094,0.7368869,0.2256945
0.7353976,0.23824671,0.7684404761904768,0.4244649512987017,0.7408258,0.24657519
0.689407,0.6023359,0.7019900000000014,0.6675499999999985,0.6910265,0.6187608
0.68394053,0.59874374,0.677,0.6460000000000007,0.686601,0.6528311
0.4941587,0.03657955,0.51536,0.1053933333333333,0.4968285,0.14233294
0.7388241,0.27218893,0.7120000000000017,0.1614320476190475,0.72823346,0.22200808
0.71865827,0.6910781,0.7280000000000004,0.719999999999999,0.7194066,0.728761
0.7270576,0.2077626,0.73162625,0.1986400714285713,0.73476917,0.24672008
0.719689,0.1656672,0.7119600000000017,0.1206539999999998,0.72851396,0.18949668
0.70090544,0.6194098,0.7189999999999996,0.6929999999999983,0.70443755,0.67247957
0.7367352,0.23668763,0.7340400238095238,0.2375608333333335,0.7392291,0.22599086
0.7384253,0.24199378,0.7344454761904758,0.2095400000000001,0.7421373,0.22551729
0.7417245,0.25632918,0.7359222857142856,0.2531385714285714,0.7436349,0.2780791
0.7126198,0.6661153,0.7310000000000003,0.7230899999999992,0.72092897,0.73921734
0.7359298,0.2299734,0.7289403333333331,0.2090098333333333,0.7363652,0.20415115
0.72006005,0.15968025,0.7257776111111112,0.2021295833333331,0.72855985,0.18505171
0.7408255,0.28682983,0.7366792380952379,0.288747083333333,0.7407378,0.2818127
0.7317182,0.20793939,0.7207933333333325,0.1583099999999998,0.7392432,0.21855538
0.7366632,0.2289963,0.7386503333333333,0.2577517222222222,0.7459201,0.25587323
0.70050967,0.62802804,0.710999999999999,0.6730000000000014,0.7054278,0.6904178
0.739589,0.2198857,0.7326542142857143,0.2095349999999999,0.7381476,0.21168995
0.7367012,0.21923321,0.7357049999999994,0.1993259523809525,0.7335077,0.21882448
0.744277,0.24502715,0.745474083333333,0.2291865833333333,0.7460603,0.27580282
0.7129587,0.67313087,0.7119999999999991,0.6730000000000017,0.7148888,0.6860619
0.7410355,0.23855719,0.7861733333333335,0.4710715000000003,0.74047714,0.2180152
0.5626588,0.22227025,0.5441999999999999,0.1386666666666667,0.5484828,0.23578972
0.705374,0.66122043,0.7030000000000014,0.6800000000000002,0.711009,0.7112722
0.7402396,0.24154615,0.7367826666666665,0.2082999999999998,0.73946095,0.2152465
0.7051703,0.6379473,0.7220000000000002,0.7060000000000015,0.70669234,0.682625
0.7422414,0.24493062,0.7244031666666664,0.1674770000000001,0.7416354,0.23818961
0.70461833,0.64250743,0.7239999999999991,0.7120000000000017,0.708207,0.69252926
0.66753805,0.53626966,0.6586799999999994,0.532170000000001,0.6628276,0.5044293
0.72026217,0.17501876,0.7255199999999998,0.1761188333333333,0.72773904,0.17605409
0.73409665,0.21664399,0.7385091666666662,0.2289893809523809,0.732307,0.19941196
0.72175163,0.16987929,0.720991083333333,0.1673615,0.72252536,0.15931892
0.6629441,0.23579472,0.6628000000000001,0.2285116666666667,0.66871166,0.23377012
0.7190956,0.15891981,0.744200833333333,0.2662620000000003,0.7308254,0.18994415
0.731198,0.20012254,0.7570766666666664,0.3148684523809523,0.7325909,0.20247136
0.7204764,0.19871625,0.7368271666666664,0.2664050000000001,0.72971195,0.22226742
0.73527515,0.20630237,0.7460541666666661,0.2608104999999999,0.7387239,0.26071477
0.7058029,0.6531194,0.7109999999999986,0.6850000000000018,0.7105853,0.69667363
0.73141205,0.21715373,0.7599455000000002,0.3567825714285715,0.73334765,0.22308202
0.67878115,0.5614824,0.6979999999999997,0.6719999999999987,0.68590665,0.61548036
0.73527336,0.21953523,0.7423899999999999,0.2582153333333334,0.7347235,0.22116444
0.64816844,0.454686,0.6627700000000009,0.4911499999999998,0.6442153,0.55474937
0.6993803,0.6298943,0.6983,0.6534000000000006,0.69456255,0.5772832
0.7130776,0.66598475,0.718999999999999,0.6800000000000016,0.7178915,0.6967228
0.7303897,0.20731232,0.7382374999999994,0.2329283333333333,0.7357298,0.20980275
0.537569,0.15828335,0.5354900000000005,0.13519,0.5271367,0.19397567
0.73488355,0.20847923,0.7407699999999999,0.2226599999999999,0.7428962,0.2254515
0.7234807,0.16691127,0.7194516666666678,0.1431387142857143,0.72864276,0.16529897
0.72293615,0.18218112,0.7323824285714283,0.202773,0.73153293,0.19713083
0.726528,0.19345474,0.7341447499999998,0.2183560238095237,0.7357925,0.20353502
0.7097477,0.6563254,0.7160000000000022,0.6870000000000038,0.71315485,0.69279605
0.73877984,0.23191464,0.7455219047619047,0.2555604761904763,0.7383331,0.2300227
0.7295871,0.20249784,0.7323109999999999,0.2084559999999999,0.7313745,0.20665038
0.73031664,0.2107656,0.7254283333333329,0.2096571904761907,0.7311664,0.1889803
0.72046316,0.15107489,0.7232090995670991,0.1435824285714287,0.725785,0.1773119
0.7447052,0.24863118,0.7457341666666666,0.2438000000000001,0.7501454,0.23205179
0.7224875,0.15449837,0.7389158333333331,0.2155255,0.7389468,0.22035962
0.68525255,0.6199914,0.6899999999999991,0.6540000000000016,0.6863736,0.6239304
0.7097477,0.6563254,0.7160000000000022,0.6870000000000038,0.71315485,0.69279605
0.7291996,0.17916247,0.7254299999999995,0.1695299999999999,0.7369886,0.20722441
0.6531248,0.17105761,0.6738099999999995,0.2289325000000001,0.6717649,0.24382855
0.7130776,0.66598475,0.718999999999999,0.6800000000000016,0.7178915,0.6967228
0.6780347,0.5386649,0.65775,0.4248399999999999,0.6731564,0.5938342
0.71514475,0.6614804,0.7252500000000005,0.6596899999999997,0.7222686,0.7189658
0.68684894,0.5638832,0.6079999999999988,0.2250000000000002,0.6951238,0.56727344
0.66342723,0.53960925,0.6643099999999998,0.59403,0.6618998,0.6055178
0.7029356,0.6451264,0.7029999999999975,0.6440000000000039,0.70833373,0.6949933
0.67592454,0.58910644,0.6809999999999989,0.6360000000000011,0.6770046,0.6331845
0.74717337,0.26008108,0.7431099999999996,0.2382935000000001,0.7431756,0.21814871
0.733446,0.20610648,0.7328742857142854,0.2140333333333332,0.73875624,0.22058603
0.74306285,0.2459813,0.7454639920634919,0.2311493055555556,0.7472899,0.25013924
0.72881633,0.18113819,0.7276741666666661,0.1833447222222221,0.7358524,0.1862357
0.7054054,0.61188745,0.7207499999999993,0.6665299999999987,0.71356493,0.6730593
0.69317865,0.59705794,0.7129999999999999,0.6899999999999991,0.688922,0.612164
0.69661,0.6181623,0.7019099999999987,0.5989999999999993,0.7012036,0.6608874
0.7324721,0.20467722,0.7310116666666664,0.1828234285714286,0.7381604,0.19831887
0.7271242,0.1731363,0.7307761428571422,0.1775183333333333,0.732201,0.18583043
0.7029356,0.6451264,0.7029999999999975,0.6440000000000039,0.70833373,0.6949933
0.7291055,0.18950433,0.733677777777778,0.1993881190476189,0.72495127,0.18412995
0.73819155,0.2347897,0.7309200000000005,0.19185,0.7415588,0.21944596
0.70865756,0.6891229,0.71607,0.6989999999999994,0.71973765,0.7182328
0.7385864,0.2604469,0.7333371666666666,0.2249335000000001,0.7346993,0.23691797
0.7294974,0.20674989,0.7269949999999992,0.1854999999999999,0.73353887,0.18786334
0.74559927,0.27193445,0.7470243333333333,0.2636686666666666,0.74481666,0.2606976
0.6786136,0.5230705,0.6090000000000012,0.1910000000000001,0.67949575,0.49954814
0.7077411,0.65023685,0.7229999999999993,0.7049999999999987,0.716035,0.70890224
0.6894866,0.5795845,0.7019999999999988,0.6289999999999991,0.6954481,0.6501337
0.744555,0.20866793,0.7552200000000003,0.2648333333333335,0.73751605,0.19419193
0.67992073,0.20753288,0.6801500000000001,0.2069068333333333,0.67319787,0.20593372
0.70090544,0.6194098,0.7189999999999996,0.6929999999999983,0.70443755,0.67247957
0.6984699,0.61679375,0.6989999999999994,0.6289999999999992,0.70387006,0.67154115
0.7327844,0.20123923,0.7642325000000004,0.3432274285714281,0.72891134,0.19005905
0.67537034,0.17699707,0.6724900000000003,0.2079866666666667,0.6757364,0.2505024
0.73178816,0.21184427,0.7295444696969695,0.2044818333333332,0.73418874,0.20021673
0.72978127,0.19597465,0.734411333333333,0.2258899999999999,0.7293861,0.20647392
0.6777264,0.5545868,0.6899999999999991,0.6520000000000009,0.67468464,0.615218
0.69601977,0.6376678,0.7057800000000009,0.7025799999999994,0.69026244,0.6931737
0.7405769,0.24864274,0.7286413849206346,0.184773,0.7409995,0.25211167
0.7301705,0.19073921,0.7289533333333327,0.1859399999999999,0.7361829,0.20240131
0.7316543,0.22763717,0.7314221904761904,0.2116115714285713,0.7414141,0.22902063
0.65786505,0.18064788,0.6714399999999998,0.2473916666666667,0.6752473,0.2571197
0.7097477,0.6563254,0.7160000000000022,0.6870000000000038,0.71315485,0.69279605
0.7163529,0.16710001,0.7219100000000002,0.1736993217893218,0.7310829,0.20890433
0.70090544,0.6194098,0.7189999999999996,0.6929999999999983,0.70443755,0.67247957
0.73330855,0.2138983,0.7435861666666664,0.2420203333333332,0.74312943,0.22601525
0.7097477,0.6563254,0.7160000000000022,0.6870000000000038,0.71315485,0.69279605
0.7419929,0.22547626,0.7474333333333333,0.2387300000000003,0.745561,0.22081411
0.72060704,0.14073575,0.7298458333333329,0.2057754999999999,0.7263219,0.17405859
0.7323447,0.21536475,0.7652823095238094,0.3715443333333332,0.73714525,0.23430166
0.7052221,0.66319704,0.7239999999999991,0.7069999999999999,0.70930934,0.70257264
0.6870116,0.579842,0.6894999999999992,0.5975499999999994,0.697834,0.66859907
0.7407982,0.22130877,0.7464868333333332,0.26089175,0.74249303,0.23137057
0.73746306,0.22128874,0.7420378333333335,0.2335130238095237,0.74094534,0.25687623
0.7051442,0.66466653,0.7024000000000004,0.6398199999999999,0.7051029,0.6797242
0.7401808,0.24312615,0.7289999999999993,0.1849999999999999,0.74786973,0.22883391
0.73961544,0.22103345,0.7477966666666661,0.222128,0.7351104,0.21234944
0.7360287,0.25189817,0.739163214285714,0.2574093928571429,0.74027735,0.2543338
0.539689,0.18920761,0.5210100000000001,0.11395,0.5268698,0.21505865
0.7353816,0.2196706,0.7338719523809519,0.1953951904761905,0.7377214,0.21831195
0.69767535,0.28124732,0.6922800000000001,0.2877901666666668,0.68620366,0.2568476
0.7431182,0.25217488,0.7358199999999995,0.2256794285714286,0.73672336,0.21246457
0.7364688,0.20228541,0.7316725714285713,0.2054851904761906,0.72928596,0.1936793
0.6934633,0.6077288,0.7113800000000016,0.7258600000000004,0.69870627,0.6968904
0.7279547,0.20440686,0.7157399999999999,0.1437641666666668,0.72727454,0.17836964
0.72666365,0.18234566,0.7235484206349204,0.2013843095238095,0.72489446,0.18454923
0.6952578,0.6485146,0.6989999999999985,0.6670000000000015,0.70126665,0.6806429
0.74053746,0.22900668,0.7407995238095233,0.2368888333333334,0.7431272,0.21560833
0.7062957,0.662842,0.7120000000000017,0.6790000000000007,0.7053588,0.6608403
0.7296298,0.18678325,0.7278205,0.2283675,0.7361189,0.22376108
0.70090544,0.6194098,0.7189999999999996,0.6929999999999983,0.70443755,0.67247957
0.72284436,0.1626041,0.7304599999999998,0.1996394999999999,0.7284905,0.19402945
0.7339499,0.21404824,0.7312133333333328,0.1981385714285715,0.7419187,0.2241487
0.73288846,0.2493369,0.71925,0.2036569999999999,0.7350476,0.27512318
0.71128064,0.13310644,0.7082649999999988,0.10079,0.71978503,0.17666861
0.7043752,0.6846032,0.7069999999999999,0.6839999999999989,0.7087204,0.6961698
0.7310947,0.18764412,0.7393101190476188,0.2499946666666667,0.74054646,0.22718859
0.7402821,0.23660946,0.7337271666666669,0.1992768333333333,0.74189514,0.21977681
0.70436597,0.65315026,0.7060000000000002,0.671,0.7056846,0.6836332
0.67785287,0.557819,0.6948099999999994,0.6482599999999986,0.68432,0.57211465
0.7318954,0.18802884,0.7310357777777774,0.1989804761904761,0.7327949,0.1947692
0.7058029,0.6531194,0.7109999999999986,0.6850000000000018,0.7105853,0.69667363
0.71959734,0.17485398,0.711619999999999,0.1585349999999996,0.73172593,0.20708904
0.6981451,0.6537061,0.6865800000000007,0.6124399999999991,0.701091,0.6746562
0.7407694,0.22995016,0.7276999999999998,0.1737498333333332,0.7382064,0.21321726
0.7346088,0.21071604,0.7371233333333332,0.2205506666666668,0.73710907,0.19928852
0.70791817,0.66315967,0.7120000000000019,0.6870000000000005,0.7082808,0.66585344
0.7051703,0.6379473,0.7220000000000002,0.7060000000000015,0.70669234,0.682625
0.68723464,0.60494936,0.6779999999999988,0.5760000000000004,0.69025874,0.6620969
0.7023597,0.6617637,0.6959999999999993,0.6379999999999995,0.7057737,0.6799224
0.6655611,0.5296226,0.6925500000000002,0.6674699999999996,0.6668284,0.6505964
0.735512,0.1989721,0.7339389325396821,0.2221449999999999,0.7387608,0.2029198
0.7012321,0.6559684,0.70087,0.6521500000000003,0.70486116,0.69282687
0.735758,0.20267713,0.7416524166666663,0.23952325,0.7396183,0.21096042
0.7393503,0.23596996,0.7731908333333339,0.4192900000000003,0.73711765,0.20864728
0.72906303,0.19889873,0.7344935000000004,0.2276658333333334,0.73229384,0.20912626
0.73902345,0.23106068,0.7325366666666665,0.1973155833333333,0.7390696,0.21503076
0.7236709,0.17037809,0.7382063095238095,0.2285766666666666,0.73480177,0.19920291
0.7274095,0.20383924,0.7381540000000001,0.2263189761904762,0.7257987,0.18227786
0.70974755,0.65632534,0.7160000000000022,0.6870000000000038,0.7131548,0.6927961
0.7305502,0.19917414,0.7313417142857138,0.205768238095238,0.73391646,0.19390108
0.7129587,0.67313087,0.7119999999999991,0.6730000000000017,0.7148888,0.6860619
0.69493234,0.64520836,0.7009999999999996,0.6689999999999984,0.69777215,0.6664391
0.73397785,0.22054183,0.734738,0.2026388333333333,0.7354663,0.21224394
0.7007469,0.6756485,0.71,0.7150000000000019,0.7043299,0.6947669
0.73618364,0.22285211,0.7276475000000003,0.1910166666666666,0.7404615,0.20655453
0.72961193,0.17769745,0.7314335714285711,0.2067599999999999,0.7298105,0.19971281
0.73655176,0.22013724,0.7270879761904757,0.1792659404761905,0.7357254,0.19092068
0.7269906,0.21541211,0.7383612142857142,0.242147857142857,0.7337667,0.23469253
0.7058029,0.6531194,0.7109999999999986,0.6850000000000018,0.7105853,0.69667363
0.7129587,0.67313087,0.7119999999999991,0.6730000000000017,0.7148888,0.6860619
0.7547841,0.30474952,0.72515,0.1699060000000002,0.7429156,0.24354482
0.71865827,0.6910781,0.7280000000000004,0.719999999999999,0.7194066,0.728761
0.6952578,0.6485146,0.6989999999999985,0.6670000000000015,0.70126665,0.6806429
0.70436597,0.65315026,0.7060000000000002,0.671,0.7056846,0.6836332
0.66565204,0.5126271,0.6727599999999998,0.4534199999999997,0.650342,0.5396309
0.70436597,0.65315026,0.7060000000000002,0.671,0.7056846,0.6836332
0.73932225,0.22483721,0.7425805952380954,0.24077,0.742663,0.2661612
0.695295,0.60372967,0.7289999999999993,0.7229999999999994,0.69900084,0.67109054
0.6568347,0.46763182,0.6510000000000015,0.4969999999999999,0.6524565,0.5334316
0.7186329,0.18730342,0.7276561428571422,0.2062366666666664,0.73143244,0.23532239
0.6644281,0.54526436,0.67338,0.6269999999999999,0.65374017,0.5926236
0.6916325,0.6042736,0.6749999999999987,0.5700000000000002,0.69338053,0.6490106
0.7358967,0.21496513,0.7391697738095234,0.2219301666666666,0.7407844,0.22304171
0.6917621,0.5748535,0.6750100000000003,0.4630899999999998,0.69712293,0.42833188
0.7341466,0.19739032,0.7619735714285717,0.3139183333333332,0.7341078,0.19002405
0.73213655,0.21123272,0.7288718333333329,0.2157091666666665,0.7307694,0.2186824
0.72949094,0.20753914,0.7224116904761902,0.1927915,0.72588867,0.17224461
0.6609151,0.5264034,0.6540000000000016,0.5300000000000007,0.6564293,0.51964396
0.73851585,0.22888312,0.7424933333333331,0.2214714285714286,0.7386603,0.24540804
0.6749136,0.56449914,0.6629999999999984,0.5510000000000004,0.66455483,0.61589986
0.72365,0.1686942,0.7424976666666667,0.213134,0.7378112,0.22199434
0.7386994,0.22434142,0.7295699999999995,0.1889463333333333,0.737787,0.19189799
0.6799363,0.59813166,0.6926700000000007,0.6590299999999994,0.67526776,0.67625344
0.6952578,0.6485146,0.6989999999999985,0.6670000000000015,0.70126665,0.6806429
0.7333345,0.20330524,0.7397311904761904,0.2364132857142856,0.7388028,0.20952038
0.7086797,0.67237943,0.7229999999999993,0.7180000000000015,0.71129525,0.7038687
0.73004,0.18403772,0.7389499999999998,0.2446250000000002,0.7340726,0.18673289
0.71529734,0.6826232,0.7039999999999996,0.6289999999999992,0.7186608,0.69105846
0.68044674,0.5758805,0.6790000000000007,0.5880000000000006,0.6810588,0.5791629
0.7130776,0.66598475,0.718999999999999,0.6800000000000016,0.7178915,0.6967228
0.6627068,0.21898916,0.6841700000000002,0.262456,0.67313653,0.24002224
0.7311606,0.20631742,0.7187599999999993,0.1498604999999996,0.7338861,0.2099292
0.7348591,0.21759355,0.7218155,0.1538950833333333,0.73234296,0.19427302
0.72910774,0.22896564,0.7401285714285712,0.2833694926739928,0.73626,0.2529332
0.7307,0.20818579,0.7279926190476194,0.1889308333333333,0.73766416,0.1867419
0.6997645,0.61809987,0.6989999999999994,0.6670000000000011,0.70386755,0.66838515
0.7197128,0.1656686,0.7266499999999995,0.1652565476190476,0.72419846,0.17512955
0.682021,0.5869634,0.6860300000000003,0.5501700000000002,0.6989941,0.69550216
0.7338642,0.23423135,0.75,0.2814132299922299,0.73684365,0.21219072
0.74424875,0.2386918,0.7368499999999993,0.2111615,0.74949116,0.21793893
0.73690873,0.21750453,0.7281997222222222,0.1659033333333331,0.73774123,0.21008056
0.70791817,0.66315967,0.7120000000000019,0.6870000000000005,0.7082808,0.66585344
0.72157705,0.18311939,0.7195884166666667,0.1675518333333333,0.72486305,0.17495891
0.7339448,0.23136353,0.7500175,0.2947294999999993,0.7442827,0.22646786
0.73089886,0.21043295,0.7302822380952384,0.2070775595238095,0.73696446,0.22585522
0.7029356,0.6451264,0.7029999999999975,0.6440000000000039,0.70833373,0.6949933
0.69595265,0.5739752,0.6719999999999986,0.4087700000000007,0.70229053,0.58951557
0.70010114,0.6500342,0.6949999999999997,0.6210000000000008,0.70221585,0.66402245
0.6829989,0.61838233,0.686639999999999,0.6692499999999986,0.68096745,0.61097765
0.72791475,0.18837494,0.7218632142857143,0.1702641071428571,0.7232177,0.17749722
0.68952215,0.6126031,0.6985600000000001,0.6700999999999998,0.6938337,0.695638
0.74138576,0.25179985,0.7394799999999995,0.2450973809523807,0.73448074,0.21237576
0.7329897,0.20509726,0.7397415833333332,0.234358,0.7290069,0.21894768
0.73644304,0.21468252,0.725126666666666,0.1780533333333334,0.73893666,0.26231018
0.7086153,0.6440444,0.7049999999999987,0.6510000000000015,0.71271807,0.6514884
0.6952578,0.6485146,0.6989999999999985,0.6670000000000015,0.70126665,0.6806429
0.6950526,0.6123062,0.6929999999999992,0.6109999999999989,0.6992123,0.66515094
0.6881722,0.57714725,0.6979999999999997,0.6310000000000001,0.69254076,0.6379797
0.70672387,0.68088233,0.6949999999999996,0.6370000000000003,0.71171737,0.7050515
0.7366789,0.2228271,0.8112262857142859,0.5604979761904758,0.7414776,0.2290409
0.7023597,0.6617637,0.6959999999999993,0.6379999999999995,0.7057737,0.6799224
0.7349361,0.2056762,0.7307399999999993,0.1876896428571428,0.7378849,0.23944485
0.73233926,0.21418393,0.7416576111111111,0.2423029285714284,0.7336674,0.21733835
0.72113115,0.17903107,0.7351416666666661,0.2308222499999999,0.7367605,0.20788026
0.73062253,0.19151676,0.7300699999999993,0.1967947380952379,0.7318182,0.18736035
0.69567156,0.61577815,0.7097999999999997,0.683490000000001,0.69975644,0.65670377
0.7198173,0.17589632,0.7148802380952379,0.1643500555555555,0.73074174,0.1925843
0.70488554,0.6782206,0.7054,0.6735599999999999,0.71954757,0.7239098
0.6923914,0.5886612,0.7199999999999993,0.7120000000000017,0.6984395,0.6569503
0.69655234,0.640739,0.706000000000001,0.6959999999999993,0.6991634,0.67977935
0.73482525,0.20832145,0.7212518989050162,0.1319848680469856,0.73382246,0.20421588
0.72849524,0.20942253,0.7191420000000001,0.1486113333333331,0.7371723,0.20770828
0.7297552,0.1916936,0.7280950000000002,0.1769100000000002,0.73639977,0.20386176
0.7029356,0.6451264,0.7029999999999975,0.6440000000000039,0.70833373,0.6949933
0.70436585,0.65315056,0.7060000000000002,0.671,0.70568454,0.6836332
0.7029356,0.64512646,0.7029999999999975,0.6440000000000039,0.70833373,0.6949933
0.7097477,0.6563254,0.7160000000000022,0.6870000000000038,0.71315485,0.69279605
0.6973281,0.6495749,0.7122199999999999,0.68537,0.7101902,0.6975371
0.7130776,0.66598475,0.718999999999999,0.6800000000000016,0.7178915,0.6967228
0.69755024,0.61200356,0.6966800000000007,0.570700000000001,0.70164514,0.6159602
0.73409015,0.2087903,0.7323713333333335,0.2050793333333333,0.7374476,0.2007317
0.71865827,0.6910781,0.7280000000000004,0.719999999999999,0.7194066,0.728761
0.73247576,0.19293505,0.7471695000000002,0.2749055714285711,0.7395639,0.22227955
0.7294996,0.20006514,0.7279499999999992,0.1685141825396826,0.7321293,0.20918009
0.7051703,0.6379473,0.7220000000000002,0.7060000000000015,0.70669234,0.682625
0.70436597,0.65315026,0.7060000000000002,0.671,0.7056846,0.6836332
0.7097477,0.6563254,0.7160000000000022,0.6870000000000038,0.71315485,0.69279605
0.7062957,0.662842,0.7120000000000017,0.6790000000000007,0.7053588,0.6608403
0.69493234,0.64520836,0.7009999999999996,0.6689999999999984,0.69777215,0.6664391
0.725925,0.17192692,0.8020389999999991,0.5273725000000008,0.7335222,0.20803082
0.73031586,0.22573572,0.7365830277777775,0.2564770317460319,0.73529035,0.23592465
0.53234124,0.12921649,0.5354400000000005,0.1343200000000001,0.52797425,0.19624372
0.70814604,0.6725079,0.7229999999999991,0.7120000000000017,0.7137892,0.73061967
0.7029356,0.6451264,0.7029999999999975,0.6440000000000039,0.70833373,0.6949933
0.69495916,0.59800327,0.6949999999999997,0.5850000000000007,0.7005422,0.6093524
0.7129587,0.67313087,0.7119999999999991,0.6730000000000017,0.7148888,0.6860619
0.72957504,0.19813624,0.7256859999999999,0.1734949999999999,0.7261441,0.17596999
0.7379396,0.23335999,0.7275129999999994,0.1955888095238095,0.7375639,0.20036612
0.68659425,0.59955287,0.646759999999999,0.39829,0.6820768,0.65025526
0.73033917,0.2202217,0.7104300000000001,0.1319699999999997,0.7288974,0.22157115
0.722017,0.17132336,0.7224330833333334,0.17192,0.7289003,0.17735681
0.7349825,0.21281597,0.7308626666666662,0.1916299999999999,0.7385906,0.20735829
0.74220514,0.25336474,0.74492,0.2555068333333334,0.7433212,0.23998867
0.726486,0.21333534,0.7295369880952378,0.198268857142857,0.72534174,0.17340058
0.74568874,0.22243077,0.7327616666666663,0.2107183333333333,0.737512,0.19675222
0.7298552,0.19764856,0.7228884047619046,0.1568619523809525,0.73191434,0.2081787
0.68675345,0.60276955,0.7030000000000014,0.7060899999999988,0.6896721,0.6863846
0.74710906,0.2717172,0.739405333333333,0.246649,0.7389574,0.21857885
0.7021727,0.6419582,0.7098400000000015,0.6666599999999989,0.7076939,0.695152
0.6668547,0.15618038,0.6827800000000004,0.2636959999999999,0.6800413,0.2399106
0.7376847,0.2296626,0.7277600000000003,0.183295,0.74091035,0.2321031
0.7446352,0.2596448,0.7481455357142857,0.2822650000000002,0.7529541,0.26286536
0.7315185,0.20245838,0.7310500000000003,0.1891866666666664,0.7348917,0.21801868
0.73786676,0.24673405,0.7233465833333332,0.1637284999999999,0.7388488,0.2254287
0.75720567,0.26046225,0.737186333333333,0.2015799999999998,0.7474316,0.21398559
0.69661,0.6181623,0.7019099999999987,0.5989999999999993,0.7012036,0.6608874
0.73625886,0.22175738,0.7253499999999989,0.1631856493506493,0.7433613,0.22610527
0.73923385,0.24352878,0.7299475000000002,0.1923442857142856,0.73791695,0.24078947
0.6881722,0.57714725,0.6979999999999997,0.6310000000000001,0.69254076,0.6379797
0.7382504,0.21708047,0.7376233333333333,0.2341764285714285,0.7408236,0.21768904
0.7130776,0.66598475,0.718999999999999,0.6800000000000016,0.7178915,0.6967228
0.68690455,0.64056826,0.69176,0.6737900000000009,0.688887,0.7051447
0.6995576,0.665805,0.6970000000000012,0.6360000000000011,0.7068691,0.7063897
0.6972349,0.61959803,0.7090000000000016,0.6779999999999988,0.70198613,0.67694473
0.69863725,0.58227646,0.710999999999999,0.6430000000000006,0.70113873,0.617285
0.65190977,0.4839905,0.6210000000000008,0.3079999999999999,0.6499231,0.4854191
0.7097477,0.6563254,0.7160000000000022,0.6870000000000038,0.71315485,0.69279605
0.70436597,0.65315026,0.7060000000000002,0.671,0.7056846,0.6836332
0.73191637,0.2109676,0.7321091666666666,0.1823675000000003,0.72956914,0.20568767
0.73629767,0.22634882,0.7233199206349211,0.1792157857142856,0.73312604,0.21080005
0.69096684,0.59741235,0.6959999999999993,0.6800000000000002,0.69374377,0.6508917
0.74154145,0.25164646,0.7460233333333334,0.2837969047619048,0.7435393,0.26608407
0.68798244,0.5603322,0.6319999999999992,0.3009999999999993,0.685624,0.55128795
0.7046937,0.6855258,0.7069999999999999,0.6719999999999987,0.7068255,0.70592386
0.73132026,0.1857453,0.7331816666666664,0.1835282857142857,0.7350077,0.20242488
0.744327,0.23406485,0.7398499999999997,0.225005,0.74227136,0.21729167
0.73189723,0.21171314,0.7527538095238097,0.3117433333333336,0.7344199,0.20260003
0.7289259,0.18841803,0.736588,0.2050866666666666,0.73382246,0.20676917
0.7344153,0.18754667,0.7412784999999998,0.2445018333333333,0.7368059,0.20033467
0.7478227,0.26202628,0.7518825476190473,0.2505249761904762,0.74209297,0.29418415
0.73810947,0.23980731,0.7413649999999998,0.2355553452380952,0.7443256,0.22865526
0.7034868,0.6665494,0.6929999999999992,0.627000000000001,0.7063234,0.6720044
0.7429024,0.25701827,0.7254129761904758,0.187388619047619,0.73160964,0.19029236
0.7130776,0.66598475,0.718999999999999,0.6800000000000016,0.7178915,0.6967228
0.6974945,0.64349675,0.7019999999999985,0.6559999999999995,0.7007081,0.67218584
0.7285734,0.18854004,0.7221383333333334,0.1498357142857143,0.7370198,0.18781675
0.74188745,0.24760464,0.7389259999999997,0.2123836666666667,0.7426019,0.23472661
0.6897159,0.63480973,0.6819900000000003,0.6087100000000012,0.68999267,0.65245897
0.73298293,0.20765239,0.7431545622710624,0.2453798333333333,0.7422437,0.22953054
0.7310786,0.20233864,0.746699238095238,0.2750910952380953,0.73721814,0.23399033
0.7361964,0.2134121,0.7367612380952376,0.231547880952381,0.73828244,0.20331466
0.7133012,0.69429374,0.7108000000000003,0.6683400000000002,0.7203864,0.7344534
0.6842102,0.59203905,0.7099699999999994,0.6694600000000007,0.6958709,0.6714005
0.7097477,0.6563254,0.7160000000000022,0.6870000000000038,0.71315485,0.69279605
0.6881722,0.57714725,0.6979999999999997,0.6310000000000001,0.69254076,0.6379797
0.69863725,0.58227646,0.710999999999999,0.6430000000000006,0.70113873,0.617285
0.6609151,0.5264034,0.6540000000000016,0.5300000000000007,0.6564293,0.51964396
0.6678277,0.23370689,0.6679199999999997,0.229703857142857,0.6787701,0.24327956
0.6998564,0.6094424,0.6751799999999988,0.5279999999999991,0.69216955,0.5936885
0.6950526,0.6123062,0.6929999999999992,0.6109999999999989,0.6992123,0.66515094
0.7306856,0.18819982,0.7312349999999994,0.1763607380952383,0.73156714,0.19539124
0.52247876,0.111332715,0.5325,0.1244799999999999,0.5109149,0.21062823
0.7029356,0.6451264,0.7029999999999975,0.6440000000000039,0.70833373,0.6949933
0.73418736,0.19879937,0.7324257499999999,0.1970218333333333,0.7364198,0.1978296
0.7467631,0.2510913,0.7409884999999998,0.2191270238095237,0.7389628,0.21230042
0.71529734,0.6826232,0.7039999999999996,0.6289999999999992,0.7186608,0.69105846
0.70403427,0.6756463,0.69903,0.6334499999999998,0.7079066,0.70375675
0.7279547,0.20440686,0.7157399999999999,0.1437641666666668,0.72727454,0.17836964
0.73277485,0.22132796,0.7591799999999997,0.2809366666666666,0.7364164,0.20547849
0.7259995,0.19130778,0.7189913333333335,0.1832148939393939,0.7313168,0.17795205
0.74477077,0.24234205,0.7310248333333331,0.1671533333333333,0.74499965,0.22937375
0.7029356,0.6451264,0.7029999999999975,0.6440000000000039,0.70833373,0.6949933
0.69493234,0.64520836,0.7009999999999996,0.6689999999999984,0.69777215,0.6664391
0.6622262,0.49380648,0.622999999999999,0.2330000000000003,0.65176827,0.3723771
0.72898185,0.19085813,0.7210724999999999,0.1587558333333332,0.7356334,0.1904975
0.70672387,0.68088233,0.6949999999999996,0.6370000000000003,0.71171737,0.7050515
0.7156141,0.674485,0.7389999999999997,0.7369999999999998,0.7175502,0.70743287
0.739189,0.2181432,0.744755,0.26067,0.73508435,0.20530534
0.7339179,0.21416774,0.7260175,0.1692206428571428,0.7396485,0.21018915
0.70436597,0.65315026,0.7060000000000002,0.671,0.7056846,0.6836332
0.73982537,0.21886626,0.7316400000000003,0.1786199999999997,0.73458797,0.19539893
0.70292306,0.61899614,0.6854599999999992,0.5599300000000004,0.71259654,0.68060255
0.66887236,0.5459971,0.6689999999999986,0.5480000000000013,0.66015476,0.557477
0.7383045,0.22888145,0.7240234999999998,0.1688266666666666,0.73723423,0.22604162
0.75016904,0.25434548,0.7425839999999997,0.225,0.75715464,0.24565692
0.72571474,0.1726875,0.7290166666666664,0.2044585793650794,0.72899485,0.19365203
0.7130776,0.66598475,0.718999999999999,0.6800000000000016,0.7178915,0.6967228
0.6952578,0.6485146,0.6989999999999985,0.6670000000000015,0.70126665,0.6806429
0.6995576,0.665805,0.6970000000000012,0.6360000000000011,0.7068691,0.7063897
0.7363624,0.21052429,0.7360118333333334,0.2288431666666666,0.73534936,0.23300365
0.70461833,0.64250743,0.7239999999999991,0.7120000000000017,0.708207,0.69252926
0.69317865,0.59705794,0.7129999999999999,0.6899999999999991,0.688922,0.612164
0.72978747,0.18568105,0.735773333333333,0.2104406666666666,0.73157454,0.19448051
0.70436597,0.65315026,0.7060000000000002,0.671,0.7056846,0.6836332
0.7097477,0.6563254,0.7160000000000022,0.6870000000000038,0.71315485,0.69279605
0.7378594,0.2200507,0.730420833333333,0.191064,0.7326154,0.20775494
0.68684894,0.5638832,0.6079999999999988,0.2250000000000002,0.6951238,0.56727344
0.7263688,0.1826185,0.7460399999999998,0.2619400000000003,0.7336566,0.20573616
0.7061014,0.6763239,0.6953599999999995,0.6508199999999998,0.7078241,0.6926382
0.70461833,0.64250743,0.7239999999999991,0.7120000000000017,0.708207,0.69252926
0.6866861,0.58846414,0.6850000000000009,0.6430000000000006,0.6902529,0.6722318
0.7243146,0.15934017,0.7378149999999998,0.2208624166666666,0.7376796,0.21643186
0.6777264,0.5545868,0.6899999999999991,0.6520000000000009,0.67468464,0.615218
0.7345541,0.19292513,0.7320649999999995,0.1945225,0.74069905,0.2128681
0.7031335,0.62641937,0.6120000000000004,0.2049999999999996,0.697012,0.5496098
0.72661316,0.17243966,0.7375084047619047,0.2405794999999999,0.7309937,0.22342888
0.6752264,0.16829675,0.6858399999999999,0.2542553333333334,0.68903095,0.26453742
0.6923693,0.65589863,0.6818700000000001,0.63988,0.6996696,0.71851
0.70041263,0.6217951,0.7269999999999992,0.7139999999999991,0.7051301,0.6819933
0.70010114,0.6500342,0.6949999999999997,0.6210000000000008,0.70221585,0.66402245
0.703303,0.6692389,0.7019999999999987,0.677,0.70798683,0.7056262
0.69495916,0.59800327,0.6949999999999997,0.5850000000000007,0.7005422,0.6093524
0.6971224,0.63315094,0.7039999999999997,0.6629999999999984,0.696048,0.6676305
0.69197524,0.6034031,0.6512600000000015,0.4170000000000008,0.68885946,0.5800727
0.7472971,0.26421943,0.727787500000001,0.2056906190476189,0.708679,0.20422503
0.7029356,0.6451264,0.7029999999999975,0.6440000000000039,0.70833373,0.6949933
0.72666734,0.21335238,0.7160299999999991,0.1442800000000001,0.72918034,0.24095196
0.73261625,0.24405754,0.7248600000000002,0.2187425000000001,0.7372715,0.2662827
0.7264079,0.17667419,0.7339000000000001,0.2050048333333332,0.7329316,0.21134457
0.68671244,0.6017806,0.7030000000000014,0.7069999999999999,0.68762195,0.6655119
0.68956155,0.608666,0.7272599999999995,0.7236099999999998,0.6964038,0.6670415
0.7059493,0.6906583,0.6979999999999997,0.6830000000000004,0.70827115,0.687779
0.70880795,0.68798435,0.7079999999999989,0.6929999999999992,0.7148584,0.7058366
0.6984699,0.61679375,0.6989999999999994,0.6289999999999992,0.70387006,0.67154115
0.7319132,0.20483509,0.75601,0.3185104999999993,0.7351078,0.19735813
0.70090544,0.6194098,0.7189999999999996,0.6929999999999983,0.70443755,0.67247957
0.70436597,0.65315026,0.7060000000000002,0.671,0.7056846,0.6836332
0.6903,0.63851,0.7051600000000013,0.7027899999999988,0.69656706,0.6855255
0.6888758,0.55423534,0.7015500000000001,0.5919199999999993,0.6742933,0.50209445
0.7323331,0.24990436,0.7242119999999999,0.1960008809523808,0.7362439,0.26808065
0.73516005,0.21742857,0.7442481666666667,0.2507911666666666,0.7358545,0.2239724
0.70010114,0.6500342,0.6949999999999997,0.6210000000000008,0.70221585,0.66402245
0.7360055,0.21118087,0.7462791666666664,0.2525826666666667,0.7439358,0.21917808
0.7316898,0.20392007,0.7156549999999992,0.1346366666666668,0.7357471,0.20619372
0.7271365,0.19904509,0.719772417748918,0.1970694444444444,0.72930413,0.21756916
0.73353076,0.206696,0.7390527142857143,0.1957036666666666,0.7396405,0.21937148
0.7443638,0.26028967,0.7444783333333335,0.2801289999999999,0.7392662,0.26103032
0.7371178,0.22257638,0.7331763333333331,0.188957,0.73834985,0.1919471
0.67873347,0.5806625,0.6970000000000012,0.6999400000000012,0.6808978,0.67564267
0.7221135,0.17753553,0.7171506031746029,0.1327200000000002,0.72675896,0.17252642
0.7130776,0.66598475,0.718999999999999,0.6800000000000016,0.7178915,0.6967228
0.67487293,0.5459118,0.6816600000000003,0.47836,0.66803265,0.5740264
0.7097477,0.6563254,0.7160000000000022,0.6870000000000038,0.71315485,0.69279605
0.7021537,0.63078254,0.7029299999999999,0.65762,0.7073641,0.704119
0.69592595,0.6011852,0.6949999999999997,0.6450000000000015,0.70246166,0.6621499
0.7129587,0.67313087,0.7119999999999991,0.6730000000000017,0.7148888,0.6860619
0.73946565,0.21344876,0.7474000000000004,0.2329486666666667,0.745204,0.24147992
0.6761647,0.58111763,0.6923900000000001,0.6476900000000008,0.6702539,0.6183429
0.67699975,0.5618074,0.6910000000000011,0.6619999999999996,0.6793384,0.6369894
0.7279928,0.1833219,0.7258563333333347,0.1587449999999996,0.73113096,0.2507953
0.7100562,0.6904353,0.710999999999999,0.6850000000000009,0.71656936,0.7134982
0.7407323,0.22875994,0.7471246666666663,0.2315259999999999,0.74872106,0.2867117
0.7097477,0.6563254,0.7160000000000022,0.6870000000000038,0.71315485,0.69279605
0.73783964,0.23644075,0.744012380952381,0.2726519999999997,0.7431367,0.24113336
0.71139526,0.115021646,0.7310683333333327,0.1872471666666666,0.7266003,0.18965608
0.7097477,0.6563254,0.7160000000000022,0.6870000000000038,0.71315485,0.69279605
0.70436597,0.65315026,0.7060000000000002,0.671,0.7056846,0.6836332
0.7097477,0.6563254,0.7160000000000022,0.6870000000000038,0.71315485,0.69279605
0.72136056,0.18682599,0.7174190000000003,0.1926151666666666,0.7182348,0.17858544
0.7193347,0.19734675,0.7295914999999998,0.2407669999999999,0.72951394,0.21091276
0.7129587,0.67313087,0.7119999999999991,0.6730000000000017,0.7148888,0.6860619
0.6917351,0.6318997,0.6874899999999997,0.6245200000000005,0.693416,0.65185064
0.7029356,0.6451264,0.7029999999999975,0.6440000000000039,0.70833373,0.6949933
0.73574936,0.23026913,0.7278049999999991,0.17911,0.7456151,0.22201599
0.7308078,0.20682219,0.7325308333333328,0.1797399999999998,0.7299392,0.24635272
0.6914996,0.6353953,0.7160600000000018,0.7419000000000001,0.69085616,0.71091294
0.73374677,0.2036956,0.7271832500000008,0.1391899999999999,0.7334142,0.22798873
0.6879488,0.5582011,0.68184,0.53433,0.69139355,0.5323408
0.68044674,0.5758805,0.6790000000000007,0.5880000000000006,0.6810588,0.5791629
0.7329388,0.22060049,0.7433568333333332,0.2646503333333334,0.7364501,0.2579304
0.68984103,0.6172647,0.7150000000000019,0.7229999999999994,0.6919626,0.6874327
0.7097477,0.6563254,0.7160000000000022,0.6870000000000038,0.71315485,0.69279605
0.7369102,0.2249743,0.7365511666666665,0.2214595,0.73802817,0.21666536
0.720382,0.18598682,0.7326219999999998,0.2173086147186147,0.73235255,0.21265484
0.6881722,0.57714725,0.6979999999999997,0.6310000000000001,0.69254076,0.6379797
0.72469515,0.15813756,0.7317683333333327,0.1905690000000001,0.7281869,0.18871942
0.6537715,0.40669623,0.6406799999999998,0.3522599999999999,0.619563,0.100044616
0.7042234,0.62512213,0.7025600000000002,0.5953999999999998,0.7112193,0.6826914
0.73512787,0.22188073,0.7330040000000002,0.1985933333333331,0.73709035,0.22732301
0.73024535,0.18962333,0.7325578333333334,0.1690865,0.72793007,0.18541116
0.7291829,0.20951173,0.7425499999999999,0.2303418888888889,0.733056,0.2528838
0.69853735,0.6034039,0.7060000000000008,0.6420000000000013,0.7014272,0.63789886
0.67951715,0.5760833,0.6791500000000005,0.5596299999999996,0.6765349,0.6026743
0.64589745,0.40744072,0.65467,0.3882849999999998,0.6356069,0.34495217
0.7240594,0.17796439,0.7255596904761902,0.1703684047619047,0.7276751,0.18656456
0.7305941,0.1857445,0.7303818333333328,0.1801313333333333,0.72927225,0.18821138
0.6952578,0.6485146,0.6989999999999985,0.6670000000000015,0.70126665,0.6806429
0.73044336,0.17841738,0.7346678571428568,0.1882583333333332,0.72951293,0.19825949
0.65988946,0.5126704,0.6520000000000006,0.4540000000000004,0.6479813,0.4723691
0.70814604,0.6725079,0.7229999999999991,0.7120000000000017,0.7137892,0.73061967
0.72650015,0.18226984,0.7317283333333332,0.1928943571428571,0.72956926,0.19248186
0.73669326,0.2264784,0.7331149999999996,0.1993766666666667,0.7344369,0.19333394
0.7325828,0.19059753,0.7372699999999998,0.2121785,0.7330179,0.19660074
0.67592454,0.58910644,0.6809999999999989,0.6360000000000011,0.6770046,0.6331845
0.7130776,0.66598475,0.718999999999999,0.6800000000000016,0.7178915,0.6967228
0.7344035,0.23228452,0.7321899999999996,0.2049171428571427,0.7405549,0.23955432
0.7269472,0.20395553,0.7229021666666661,0.1768327768620268,0.73533463,0.19420633
0.7097477,0.6563254,0.7160000000000022,0.6870000000000038,0.71315485,0.69279605
0.7353556,0.19699448,0.7366796666666664,0.1905796428571428,0.7350284,0.20123294
0.7097477,0.6563254,0.7160000000000022,0.6870000000000038,0.71315485,0.69279605
0.7097477,0.6563254,0.7160000000000022,0.6870000000000038,0.71315485,0.69279605
0.70569265,0.6781372,0.6970000000000012,0.6385299999999995,0.70895225,0.71109205
0.70436597,0.65315026,0.7060000000000002,0.671,0.7056846,0.6836332
0.69641817,0.65060765,0.6942599999999995,0.6549499999999996,0.69495404,0.6641218
0.69043463,0.5921249,0.6592,0.5059699999999998,0.68452096,0.57206136
0.7379171,0.23340473,0.7431893333333331,0.2573509404761904,0.7490254,0.24847633
0.7058029,0.6531194,0.7109999999999986,0.6850000000000018,0.7105853,0.69667363
0.6816655,0.5371999,0.6964499999999998,0.58558,0.677093,0.67009443
0.7285162,0.19847941,0.7344006666666667,0.2352407142857141,0.7331736,0.2208364
0.7077411,0.65023685,0.7229999999999993,0.7049999999999987,0.716035,0.70890224
0.70791817,0.66315967,0.7120000000000019,0.6870000000000005,0.7082808,0.66585344
0.7196212,0.13977838,0.7377809999999997,0.2098299999999998,0.72575027,0.20186053
0.7448599,0.24979359,0.7383294285714286,0.2097396785714284,0.7456861,0.24298736
0.72954667,0.19102716,0.715979785714286,0.1436583603896104,0.7336526,0.19691336
0.6881722,0.57714725,0.6979999999999997,0.6310000000000001,0.69254076,0.6379797
0.6840004,0.59831226,0.6765199999999999,0.5364699999999999,0.68797463,0.6421135
0.6939862,0.618022,0.6979999999999997,0.6430000000000006,0.6948221,0.6745489
0.73203343,0.21734095,0.7257875714285718,0.1819781428571428,0.7365771,0.21738055
0.7412845,0.24940008,0.8125200000000012,0.5979199999999996,0.7390339,0.27558422
0.7305044,0.21010324,0.71997,0.1694471666666666,0.7219857,0.16507667
0.7424595,0.25286755,0.7509845833333335,0.2828461666666665,0.74204725,0.25903827
0.69707966,0.652122,0.6979999999999997,0.6679999999999997,0.70106244,0.6847742
0.73079354,0.19460896,0.7247911666666667,0.1654577857142857,0.73020816,0.20139784
0.724661,0.17977828,0.7325730606060603,0.2284334999999999,0.73607826,0.21261662
0.72248405,0.21242446,0.7201451785714288,0.2115818888888889,0.7307849,0.25314555
0.6786136,0.5230705,0.6090000000000012,0.1910000000000001,0.67949575,0.49954814
0.73784673,0.23099786,0.7442236666666663,0.2553202619047618,0.74349785,0.22977729
0.7352251,0.21714774,0.7389046666666665,0.2054808333333332,0.73490095,0.20558831
0.70436597,0.65315026,0.7060000000000002,0.671,0.7056846,0.6836332
0.7272246,0.18710816,0.7301933333333335,0.1835005952380952,0.7296755,0.19561464
0.52838016,0.15004504,0.5511600000000004,0.1408499999999999,0.5239802,0.23791094
0.7097477,0.6563254,0.7160000000000022,0.6870000000000038,0.71315485,0.69279605
0.73992926,0.22490472,0.74538875,0.2983835000000001,0.7334887,0.22959125
0.68830425,0.6280277,0.6760000000000006,0.622999999999999,0.68667036,0.65886325
0.7278252,0.18103638,0.7429613333333336,0.222386904761905,0.7410501,0.20502806
0.73143876,0.21192038,0.7244224999999992,0.1677126666666664,0.7316257,0.19595644
0.68362606,0.59440386,0.6176600000000011,0.3197400000000003,0.6837305,0.6445239
0.6990614,0.62048954,0.696260000000001,0.6000899999999993,0.69541353,0.6670497
0.7171993,0.15668613,0.7161591666666682,0.151899,0.7253665,0.16790757
0.73293805,0.20659804,0.7531250000000002,0.2988399999999998,0.73618746,0.20242378
0.6884907,0.57934517,0.6300000000000011,0.2920000000000006,0.6827221,0.516939
0.73498726,0.21720731,0.7410199999999999,0.2305100000000001,0.74334633,0.2200104
0.69043463,0.5921249,0.6592,0.5059699999999998,0.68452096,0.57206136
0.6954334,0.63563275,0.7150000000000019,0.710999999999999,0.69986725,0.698344
0.65401393,0.19366366,0.6619499999999996,0.2372596666666666,0.67062217,0.22568859
0.6871718,0.586672,0.6709999999999998,0.5720000000000008,0.69191366,0.6664745
0.73420966,0.20743796,0.7309344999999997,0.1767414166666666,0.73039746,0.19619928
0.7557447,0.2785025,0.7471146666666665,0.2683900000000001,0.7540258,0.23315582
0.6512917,0.4248907,0.6417100000000001,0.2976300000000001,0.6433842,0.20790677
0.7365056,0.23053592,0.738439333333333,0.2032099444444446,0.74114466,0.2199812
0.72602725,0.19866258,0.7073241666666674,0.1114430952380953,0.7301919,0.18200593
0.73640335,0.21146798,0.7350768636363633,0.2401122222222222,0.73500264,0.1990084
0.7392576,0.2390281,0.7336045,0.2111301666666666,0.73569226,0.19326079
0.73645985,0.226749,0.7332228253968254,0.202537,0.738021,0.22231355
0.6676314,0.48995572,0.622,0.218,0.6592589,0.33924413
0.7362029,0.24939477,0.7368903506493504,0.2125540238095237,0.7374675,0.22333379
0.6818259,0.6241317,0.6830000000000004,0.6580000000000008,0.6826533,0.6595836
0.7107184,0.122696936,0.7174345000000012,0.1419820238095237,0.72402906,0.16160092
0.69355464,0.6308197,0.6949999999999997,0.6240000000000009,0.6971615,0.6744372
0.7129587,0.67313087,0.7119999999999991,0.6730000000000017,0.7148888,0.6860619
0.7566371,0.27864605,0.7382706666666664,0.2399800000000001,0.7493026,0.23061672
0.73129255,0.21013424,0.7256568690476191,0.1977219642857144,0.73709816,0.20119184
0.7278073,0.21391746,0.7257233333333333,0.1532366666666665,0.72951907,0.22306061
0.7338252,0.20429179,0.7262100000000002,0.1624659761904761,0.73626816,0.2034846
0.74060744,0.24567914,0.7345668333333331,0.2114731666666666,0.7396169,0.215375
0.73844093,0.22973174,0.7348811666666666,0.2283783333333333,0.734419,0.21412751
0.6781918,0.5562237,0.67274,0.48406,0.6864887,0.5229633
0.7287887,0.17201024,0.7349906666666661,0.19872,0.72832763,0.189264
0.72777855,0.1854622,0.7297523809523806,0.2036113333333331,0.73524034,0.18994614
0.7318994,0.23901293,0.7473799999999998,0.3217924999999993,0.7369957,0.25557172
0.73563,0.22647,0.7381824999999997,0.2114054999999999,0.7386768,0.21164927
0.7220907,0.18923852,0.7169774999999998,0.1810049999999999,0.73135936,0.19169956
0.6706655,0.52425385,0.6869999999999991,0.6019999999999986,0.6674534,0.56995577
0.74367565,0.24777278,0.7879688333333326,0.4824337142857143,0.73622406,0.23200703
0.6974945,0.64349675,0.7019999999999985,0.6559999999999995,0.7007081,0.67218584
0.7046937,0.6855258,0.7069999999999999,0.6719999999999987,0.7068255,0.70592386
0.7097477,0.6563254,0.7160000000000022,0.6870000000000038,0.71315485,0.69279605
0.7235279,0.18335545,0.756657,0.3175396666666666,0.73235947,0.18140039
0.70010114,0.6500342,0.6949999999999997,0.6210000000000008,0.70221585,0.66402245
0.67956555,0.5473899,0.6870499999999998,0.5440900000000001,0.67503154,0.5441234
0.72086537,0.6982327,0.7229999999999994,0.6970000000000012,0.7242786,0.73451793
0.7023597,0.6617637,0.6959999999999993,0.6379999999999995,0.7057737,0.6799224
0.68044674,0.5758805,0.6790000000000007,0.5880000000000006,0.6810588,0.5791629
0.7240127,0.17343089,0.7173351904761901,0.1678199523809523,0.7302679,0.17184883
0.7304908,0.18837297,0.7247237518037515,0.168546964285714,0.73415494,0.19357273
0.71574026,0.16790447,0.6980499999999998,0.0951339166666666,0.7229787,0.18169469
0.7290021,0.14952135,0.7473349999999997,0.2569216666666665,0.7304811,0.21723047
0.68723464,0.60494936,0.6779999999999988,0.5760000000000004,0.69025874,0.6620969
0.73655623,0.21461308,0.7304434523809522,0.1833379523809523,0.7380277,0.20337187
0.730111,0.22993198,0.751051428571429,0.3392138571428572,0.72851926,0.23906994
0.73999697,0.24385116,0.7355956666666664,0.2019493333333334,0.74023366,0.24071857
0.7029356,0.6451264,0.7029999999999975,0.6440000000000039,0.70833373,0.6949933
0.7423089,0.22473246,0.7377793333333328,0.2186308333333333,0.7396914,0.21286798
0.7097477,0.6563254,0.7160000000000022,0.6870000000000038,0.71315485,0.69279605
0.74125695,0.23904747,0.7446778095238095,0.2401476666666666,0.72778624,0.20343813
0.6622262,0.49380648,0.622999999999999,0.2330000000000003,0.65176827,0.3723771
0.6946161,0.5952049,0.696880000000001,0.6283599999999993,0.7036791,0.6181087
0.7097477,0.6563254,0.7160000000000022,0.6870000000000038,0.71315485,0.69279605
0.7405121,0.23638695,0.7448813333333336,0.2587735476190475,0.74595284,0.22174135
0.67455816,0.55243015,0.6882799999999994,0.621350000000001,0.6690925,0.6086671
0.737253,0.21678904,0.7392500238095236,0.2107400000000001,0.7354986,0.22129497
0.7276162,0.19206399,0.7290003333333331,0.1858552261904761,0.7271802,0.18637553
0.7065426,0.6655283,0.7090000000000016,0.6520000000000006,0.7107169,0.67272866
0.7029356,0.6451264,0.7029999999999975,0.6440000000000039,0.70833373,0.6949933
0.7503119,0.27618623,0.7435383333333335,0.2588347619047619,0.7467779,0.25570917
0.7355238,0.2138904,0.7239299999999993,0.1555697976190476,0.73487246,0.19993779
0.7247546,0.15895507,0.7189355000000001,0.1350550000000002,0.7267778,0.16440871
0.7283131,0.18525136,0.7379071666666667,0.2312833333333338,0.72751856,0.18415216
0.72907233,0.19303894,0.7296766666666666,0.1953018333333334,0.7345623,0.18583445
0.73198897,0.23034209,0.7238274999999996,0.1891479999999999,0.732679,0.1917409
0.71529734,0.6826232,0.7039999999999996,0.6289999999999992,0.7186608,0.69105846
0.7336502,0.20773095,0.7277285000000002,0.1844833333333332,0.72932047,0.19512163
0.7029356,0.6451264,0.7029999999999975,0.6440000000000039,0.70833373,0.6949933
0.7371707,0.23402795,0.7311948571428566,0.1830018333333332,0.73193836,0.19543387
0.6995576,0.665805,0.6970000000000012,0.6360000000000011,0.7068691,0.7063897
0.70791817,0.66315967,0.7120000000000019,0.6870000000000005,0.7082808,0.66585344
0.7205881,0.14327824,0.7256672619047613,0.1757374166666666,0.718801,0.16172081
0.6984699,0.61679375,0.6989999999999994,0.6289999999999992,0.70387006,0.67154115
0.74052924,0.25553817,0.7249424999999995,0.1993,0.7400017,0.24656281
0.7297331,0.20001203,0.7278893333333329,0.179448,0.7355389,0.19326061
0.7395661,0.2519341,0.7322599999999995,0.2381566666666666,0.74658054,0.27964222
0.71734405,0.13705254,0.7331944999999994,0.2050191190476191,0.72714233,0.17903107
0.6732737,0.54392123,0.6413299999999996,0.3260099999999998,0.6595961,0.46210545
0.7285734,0.18854004,0.7221383333333334,0.1498357142857143,0.7370198,0.18781675
0.7402821,0.23660946,0.7337271666666669,0.1992768333333333,0.74189514,0.21977681
0.7453541,0.27641904,0.7436368333333331,0.2393107857142856,0.74507976,0.25577915
0.7029356,0.6451264,0.7029999999999975,0.6440000000000039,0.70833373,0.6949933
0.7087796,0.6825115,0.720999999999999,0.704,0.70853215,0.7047432
0.7271414,0.18803483,0.72313,0.1525619999999998,0.73567307,0.19021326
0.7418152,0.2536899,0.7384368333333332,0.2482123095238095,0.74331224,0.24022895
0.70791817,0.66315967,0.7120000000000019,0.6870000000000005,0.7082808,0.66585344
0.6857616,0.5680721,0.6471399999999999,0.3260699999999994,0.6828774,0.5909316
0.7387121,0.22568476,0.7301062142857142,0.2068224047619047,0.7398269,0.21124831
0.690036,0.6372152,0.6820000000000008,0.6390000000000012,0.69016635,0.6841242
0.7344035,0.23228452,0.7321899999999996,0.2049171428571427,0.7405549,0.23955432
0.69703704,0.61076975,0.7090000000000016,0.6830000000000004,0.7007316,0.69458467
0.731983,0.21435565,0.7175875,0.1600502857142857,0.73428106,0.21328458
0.7029356,0.6451264,0.7029999999999975,0.6440000000000039,0.70833373,0.6949933
0.7427531,0.26036453,0.7477099999999999,0.2709824999999999,0.74106455,0.22605771
0.74311244,0.25107315,0.7368541666666663,0.2255989603174603,0.74635285,0.2657196
0.6810458,0.58365905,0.6959999999999993,0.6860000000000005,0.6843864,0.6268857
0.69003123,0.60918844,0.6989999999999994,0.6450000000000015,0.69068277,0.6346474
0.73520154,0.2286062,0.7444323333333329,0.258196,0.74621,0.2570848
0.694534,0.62945163,0.7070000000000001,0.6910000000000011,0.69977444,0.6965253
0.68634695,0.5976623,0.6951100000000001,0.6286599999999999,0.6876692,0.6808379
0.7129587,0.67313087,0.7119999999999991,0.6730000000000017,0.7148888,0.6860619
0.7456403,0.26991266,0.7904621666666679,0.4901915714285717,0.73702526,0.23638143
0.7129587,0.67313087,0.7119999999999991,0.6730000000000017,0.7148888,0.6860619
0.707307,0.62946784,0.7002099999999994,0.5975799999999988,0.70578444,0.6650833
0.7337791,0.19347584,0.7368606666666665,0.205376,0.7366289,0.20717466
0.6838424,0.5950412,0.6892500000000006,0.6271700000000006,0.6850344,0.6789034
0.7097477,0.6563254,0.7160000000000022,0.6870000000000038,0.71315485,0.69279605
0.74497783,0.22101301,0.7463699999999999,0.2703316666666666,0.7496549,0.22630827
0.66814405,0.52072406,0.7025199999999994,0.5936425000000006,0.6884434,0.6224671
0.6966845,0.6237292,0.7084400000000014,0.6628900000000009,0.7061,0.6815805
0.7065426,0.6655283,0.7090000000000016,0.6520000000000006,0.7107169,0.67272866
0.7347944,0.21568128,0.7217499999999992,0.1568580000000001,0.7354764,0.22402976
0.7415299,0.24692428,0.7289741666666667,0.193228,0.7423231,0.2083306
0.7097477,0.6563254,0.7160000000000022,0.6870000000000038,0.71315485,0.69279605
0.7393815,0.23100409,0.7272899999999999,0.1928268571428572,0.7372257,0.2127108
0.7516449,0.2749219,0.7420084444444445,0.2165099999999999,0.7480514,0.24181408
0.71029615,0.6846327,0.7000000000000013,0.6659999999999985,0.70789593,0.6898614
0.70688546,0.66263866,0.7139999999999991,0.6929999999999992,0.7102823,0.69481224
0.6886358,0.6215875,0.6899999999999991,0.6259999999999991,0.69226784,0.6573034
0.72242916,0.15569547,0.7269159523809523,0.1659498095238095,0.7281579,0.16300781
0.7097477,0.6563254,0.7160000000000022,0.6870000000000038,0.71315485,0.69279605
0.71680343,0.1411826,0.7256149999999999,0.1757559999999999,0.7219621,0.17728649
0.72746325,0.1821551,0.7210590396825397,0.1704019166666666,0.7272347,0.16466072
0.729559,0.18611199,0.7278038333333332,0.1767386785714282,0.7290945,0.19545458
0.7304292,0.17350376,0.7339599999999996,0.21881,0.7385057,0.2110592
0.6974945,0.64349675,0.7019999999999985,0.6559999999999995,0.7007081,0.67218584
0.7280157,0.21452418,0.7285199999999993,0.2110977142857143,0.7314273,0.20683546
0.65462196,0.45157897,0.6470500000000001,0.3820200000000001,0.6491847,0.44923174
0.7378104,0.2247473,0.7362999999999995,0.2082249999999998,0.7356891,0.19363853
0.70065546,0.14139277,0.7335271904761903,0.2871298333333332,0.7088473,0.15710391
0.6823212,0.57596105,0.6910000000000011,0.6460000000000007,0.6777344,0.6041162
0.73354006,0.22837436,0.7366048333333332,0.2504753095238095,0.7340205,0.2242569
0.70436597,0.65315026,0.7060000000000002,0.671,0.7056846,0.6836332
0.6669984,0.5178829,0.6310000000000001,0.2409999999999997,0.6521573,0.38152087
0.73483264,0.22187567,0.740323333333333,0.2323531666666666,0.74062216,0.23624423
0.70436597,0.65315026,0.7060000000000002,0.671,0.7056846,0.6836332
0.7352168,0.22128725,0.7296574999999992,0.1791249999999999,0.73502636,0.23069963
0.70814604,0.6725079,0.7229999999999991,0.7120000000000017,0.7137892,0.73061967
0.7058029,0.6531194,0.7109999999999986,0.6850000000000018,0.7105853,0.69667363
0.6411254,0.40948093,0.6676300000000001,0.46358,0.634231,0.2777485
0.73074377,0.21199909,0.7413681785714283,0.2361438333333332,0.73858225,0.21446416
0.6062764,0.41007584,0.5659000000000001,0.1935048333333333,0.552387,0.37798333
0.73993856,0.23224896,0.7301399999999996,0.2105356428571428,0.74189794,0.21439657
0.69059986,0.57294375,0.6896999999999993,0.5802900000000001,0.69207233,0.6305243
0.7029356,0.6451264,0.7029999999999975,0.6440000000000039,0.70833373,0.6949933
0.72548956,0.17358214,0.7376764999999996,0.2133633333333334,0.73629665,0.20873758
0.72523224,0.21444699,0.7203029696969696,0.19784425,0.7364852,0.24241652
0.73653865,0.22328687,0.73584,0.2098000000000002,0.7321771,0.20653915
0.73066854,0.20466137,0.7368433333333332,0.1978999999999999,0.74269444,0.20275587
0.7129587,0.67313087,0.7119999999999991,0.6730000000000017,0.7148888,0.6860619
0.73155415,0.20548406,0.7384783333333331,0.2321883333333334,0.7398487,0.20003083
0.70140415,0.6689829,0.7079999999999989,0.7039999999999997,0.7090776,0.70885175
0.74007756,0.23407668,0.7202960000000015,0.1263189999999999,0.7380291,0.20087162
0.669597,0.5015532,0.6687500000000002,0.4217599999999997,0.6774471,0.54429364
0.7403784,0.22434577,0.7483726666666667,0.2704033095238095,0.7403885,0.21856259
0.70278513,0.6426539,0.7143400000000016,0.6911500000000009,0.71203834,0.69513613
0.7382733,0.22781178,0.7358007142857139,0.2308700000000003,0.73487437,0.19909278
0.70896995,0.6482005,0.68444,0.5026899999999999,0.7090423,0.66721237
0.72506815,0.2101447,0.737853333333333,0.3239075714285713,0.7293525,0.22589463
0.69003123,0.60918844,0.6989999999999994,0.6450000000000015,0.69068277,0.6346474
0.7140479,0.18098056,0.7196796428571436,0.1860077619047619,0.7204591,0.17406344
0.7464522,0.28735042,0.7477749999999999,0.2834002777777781,0.7421727,0.25356263
0.71789956,0.16071522,0.7235551666666664,0.1775285714285714,0.72361165,0.17191237
0.7223052,0.17463017,0.7244108333333333,0.1837331547619048,0.72580177,0.1701013
0.7341085,0.21822172,0.7362166666666665,0.2347579166666665,0.73009026,0.20806423
0.73241395,0.19329524,0.726414476190476,0.1931633333333335,0.7268909,0.17760691
0.7379112,0.20522827,0.72922,0.170215,0.7411189,0.22051457
0.7058029,0.6531194,0.7109999999999986,0.6850000000000018,0.7105853,0.69667363
0.73722756,0.22007158,0.7326133333333331,0.1911385714285714,0.7269953,0.17951381
0.6952578,0.6485146,0.6989999999999985,0.6670000000000015,0.70126665,0.6806429
0.742187,0.23671907,0.7390258333333333,0.2607967301587302,0.745283,0.24029352
0.6702318,0.56117195,0.6758099999999999,0.6038699999999995,0.65979344,0.6051385
0.71865827,0.6910781,0.7280000000000004,0.719999999999999,0.7194066,0.728761
0.69708586,0.654595,0.7030000000000014,0.71,0.7067374,0.7262977
0.69707966,0.652122,0.6979999999999997,0.6679999999999997,0.70106244,0.6847742
0.5355054,0.11752015,0.5360299999999999,0.13213,0.52480215,0.13561717
0.69085586,0.61842823,0.6910000000000011,0.6809999999999989,0.7012017,0.69420606
0.7294569,0.19588012,0.724422499999999,0.1632391666666665,0.72609663,0.16842431
0.7391695,0.22570503,0.7423466666666664,0.2423069444444444,0.7428491,0.21951093
0.73056585,0.19421941,0.7317531666666663,0.1830933333333333,0.7347924,0.22695702
0.7381139,0.22861755,0.7373399999999997,0.2155080238095239,0.74200875,0.20546587
0.66125464,0.4934793,0.6641200000000009,0.5282899999999993,0.64861166,0.5846978
0.73430926,0.23041981,0.7358803095238093,0.2448415,0.74385184,0.24489832
0.72306985,0.17313313,0.7093700000000014,0.1222250000000002,0.7247418,0.17111315
0.6952578,0.6485146,0.6989999999999985,0.6670000000000015,0.70126665,0.6806429
0.7389077,0.2049731,0.7252133333333333,0.1712244999999999,0.73279065,0.20207945
0.74239945,0.22497207,0.7332400000000002,0.2121058333333335,0.74084306,0.25398725
0.69971585,0.619612,0.7267399999999994,0.7282899999999997,0.7051624,0.68035215
0.7029356,0.6451264,0.7029999999999975,0.6440000000000039,0.70833373,0.6949933
0.7235322,0.16804045,0.7266800213675211,0.1693204166666665,0.7305105,0.18965223
0.7334932,0.21425483,0.7554045000000003,0.3320481666666664,0.7330292,0.19679323
0.69680935,0.65053654,0.6961899999999993,0.6580000000000008,0.6993067,0.68494445
0.7210263,0.17220211,0.7242436666666666,0.177415,0.7240997,0.18540895
0.7349791,0.22918308,0.7338628333333334,0.244908976190476,0.7350184,0.19611236
0.6691127,0.56023,0.6660299999999986,0.5872000000000014,0.66526914,0.5931673
0.68982124,0.585198,0.6949999999999997,0.6370000000000003,0.69623005,0.64610934
0.72981524,0.19046408,0.7296663333333328,0.1974450000000001,0.73759234,0.22901186
0.72091997,0.14872923,0.7330735714285715,0.1919883333333334,0.7300482,0.18220997
0.74646115,0.24767584,0.7462214166666665,0.3336005952380954,0.7452862,0.23043427
0.6972897,0.6667105,0.7038700000000009,0.7098399999999998,0.7037212,0.7288841
0.73843765,0.22233945,0.7365669642857141,0.2072714285714286,0.74138606,0.22075847
0.6690128,0.5118739,0.6730000000000014,0.547549999999999,0.663363,0.5526837
0.5253282,0.12841633,0.5232700000000003,0.1451100000000001,0.52093357,0.25114042
0.72077477,0.1620171,0.7456005277777783,0.2707139642857142,0.7217929,0.15719698
0.74996984,0.2652775,0.7408659166666663,0.2420329761904761,0.75624454,0.26440164
0.7311175,0.21045023,0.7152416666666681,0.1212399999999999,0.7314902,0.18989721
0.68684894,0.5638832,0.6079999999999988,0.2250000000000002,0.6951238,0.56727344
0.7359986,0.2069059,0.7351033333333331,0.208532,0.7406229,0.19667488
0.6952578,0.6485146,0.6989999999999985,0.6670000000000015,0.70126665,0.6806429
0.6736939,0.5412688,0.6425499999999998,0.3528799999999994,0.66633695,0.49489376
0.7058029,0.6531194,0.7109999999999986,0.6850000000000018,0.7105853,0.69667363
0.7086797,0.67237943,0.7229999999999993,0.7180000000000015,0.71129525,0.7038687
0.74094725,0.22823405,0.7342192023809523,0.2041724999999999,0.7420564,0.19693884
0.70672387,0.68088233,0.6949999999999996,0.6370000000000003,0.71171737,0.7050515
0.7359875,0.20317966,0.7344724999999991,0.2012886666666666,0.74196416,0.2134862
0.73767984,0.2747696,0.760649261904762,0.3699239047619045,0.74251837,0.31461093
0.70010114,0.6500342,0.6949999999999997,0.6210000000000008,0.70221585,0.66402245
0.69003123,0.60918844,0.6989999999999994,0.6450000000000015,0.69068277,0.6346474
0.6947986,0.60618985,0.688055,0.6067400000000002,0.69955856,0.64817137
0.69592595,0.6011852,0.6949999999999997,0.6450000000000015,0.70246166,0.6621499
0.7029356,0.6451264,0.7029999999999975,0.6440000000000039,0.70833373,0.6949933
0.73673594,0.2160632,0.7647061666666672,0.383539380952381,0.73260677,0.2096761
0.74301493,0.24710658,0.7356116666666666,0.2435534166666667,0.73707694,0.20891592
0.71736014,0.1624468,0.7070916666666666,0.113,0.72643995,0.16871992
0.70010114,0.6500342,0.6949999999999997,0.6210000000000008,0.70221585,0.66402245
0.53775394,0.13743162,0.5365299999999997,0.13606,0.5384626,0.16345061
0.69493234,0.64520836,0.7009999999999996,0.6689999999999984,0.69777215,0.6664391
0.7414221,0.2380462,0.7353584999999996,0.214386,0.7438301,0.22401688
0.731535,0.22764546,0.72537,0.2258869444444443,0.72847146,0.21299593
0.7336785,0.1921615,0.7316856666666667,0.2173163571428571,0.7294813,0.19645196
0.7327161,0.18835744,0.7338974999999995,0.2027893333333333,0.74054956,0.20027533
0.72684145,0.20319024,0.7265834999999998,0.1762082499999999,0.73036325,0.18990168
0.6929399,0.60004526,0.700519999999999,0.6105299999999998,0.70447886,0.67998683
0.73488635,0.21923801,0.733247333333333,0.2271144047619048,0.7353897,0.20613879
0.7223564,0.18746483,0.7101916666666681,0.1359666666666664,0.72827506,0.1872822
0.7318629,0.21791714,0.737168333333333,0.2097688333333333,0.73409474,0.19497585
0.7160244,0.19046873,0.7351829761904761,0.2310329999999999,0.72288144,0.18925372
0.69099796,0.62103534,0.7050199999999998,0.6875999999999998,0.69708776,0.67218256
0.7247964,0.19722357,0.7151350000000012,0.1637342857142853,0.729894,0.20122011
0.70880795,0.68798435,0.7079999999999989,0.6929999999999992,0.7148584,0.7058366
0.7307867,0.18696594,0.7378299999999999,0.2119379999999999,0.7409901,0.2099998
0.73714536,0.23760143,0.7392332857142854,0.2463988333333332,0.737149,0.24177131
0.7232119,0.17676881,0.7275203333333334,0.2166879999999999,0.7299462,0.16446021
0.6350354,0.43905193,0.6702700000000001,0.5210099999999999,0.6486698,0.6091155
0.68545794,0.5960438,0.7039999999999997,0.6749999999999987,0.69118917,0.65425843
0.72400266,0.16206467,0.7339483690476188,0.2005047619047619,0.7322767,0.19414674
0.7531108,0.2552333,0.7445057142857137,0.224225,0.7467475,0.23566756
0.69483745,0.63400185,0.7003300000000007,0.6350200000000013,0.7042248,0.68631124
0.7379325,0.23286426,0.7254849999999995,0.1717324999999999,0.73702157,0.23906901
0.50699043,0.0801155,0.5281499999999992,0.1496200000000002,0.51389855,0.19831204
0.698217,0.6147554,0.6839999999999989,0.6019999999999986,0.7039496,0.6960313
0.7135234,0.6795538,0.7078299999999998,0.68106,0.72093487,0.69830745
0.73292136,0.21904194,0.7258749999999992,0.1825974999999998,0.73650014,0.22205551
0.67440796,0.5105471,0.6599999999999983,0.4939999999999998,0.67138183,0.47952783
0.71506965,0.15152901,0.7115216666666656,0.1325099999999997,0.7227062,0.15360814
0.69708586,0.654595,0.7030000000000014,0.71,0.7067374,0.7262977
0.7269906,0.18958265,0.7297971666666665,0.1832358333333333,0.7285165,0.17523162
0.73230076,0.25992018,0.7055360714285714,0.1382929047619047,0.73028475,0.26808143
0.7052221,0.66319704,0.7239999999999991,0.7069999999999999,0.70930934,0.70257264
0.6894904,0.58857656,0.677,0.5730000000000003,0.69425184,0.6492711
0.7291202,0.21837243,0.7451460992063494,0.2893452380952384,0.739004,0.24303424
0.7129587,0.67313087,0.7119999999999991,0.6730000000000017,0.7148888,0.6860619
0.7282568,0.23001903,0.7089556428571429,0.1638007380952381,0.7339394,0.25136948
0.6952578,0.6485146,0.6989999999999985,0.6670000000000015,0.70126665,0.6806429
0.73816156,0.23827222,0.7359076190476186,0.2338395000000001,0.74638796,0.2303381
0.7023597,0.6617637,0.6959999999999993,0.6379999999999995,0.7057737,0.6799224
0.7395029,0.2510705,0.8075657142857139,0.5403837619047618,0.73835975,0.23279004
0.7272911,0.1908418,0.7278894523809523,0.186811511904762,0.73715246,0.18357933
0.70880795,0.68798435,0.7079999999999989,0.6929999999999992,0.7148584,0.7058366
0.73688936,0.23946315,0.7282999999999993,0.2265516666666665,0.7358515,0.2243872
0.7058029,0.6531194,0.7109999999999986,0.6850000000000018,0.7105853,0.69667363
0.7285435,0.22230068,0.7084076666666665,0.1234424999999999,0.71759224,0.17315796
0.73394185,0.22242123,0.7332358333333332,0.214859,0.7336842,0.21823663
0.69493234,0.64520836,0.7009999999999996,0.6689999999999984,0.69777215,0.6664391
0.69707966,0.652122,0.6979999999999997,0.6679999999999997,0.70106244,0.6847742
0.70519793,0.6847054,0.70675,0.6950399999999998,0.717667,0.7106425
0.7321573,0.18392676,0.7424613333333332,0.2707819999999998,0.7440773,0.23853973
0.6974945,0.64349675,0.7019999999999985,0.6559999999999995,0.7007081,0.67218584
0.7284413,0.1876168,0.7092224999999989,0.1084399999999999,0.72944033,0.20807357
0.71865827,0.6910781,0.7280000000000004,0.719999999999999,0.7194066,0.728761
0.7278365,0.19398564,0.7298724999999996,0.1897313571428572,0.73485667,0.19856864
0.7318577,0.21504939,0.7374461666666663,0.2204974285714286,0.7299838,0.21426871
0.70140415,0.6689829,0.7079999999999989,0.7039999999999997,0.7090776,0.70885175
0.6981969,0.66108626,0.7059100000000015,0.6794600000000002,0.69915384,0.6960979
0.7347225,0.20169711,0.7270599999999994,0.1602436904761906,0.7365899,0.21085422
0.6843164,0.26641375,0.6712399999999995,0.189132,0.6802256,0.21664055
0.73213655,0.21123272,0.7288718333333329,0.2157091666666665,0.7307694,0.2186824
0.7029356,0.6451264,0.7029999999999975,0.6440000000000039,0.70833373,0.6949933
0.74212766,0.23928961,0.735208333333333,0.2025383333333331,0.73856735,0.20423311
0.5051203,0.080819905,0.5187500000000004,0.12351,0.51422554,0.19025564
0.6750288,0.5775796,0.6713799999999998,0.6094599999999997,0.66675353,0.6520745
0.53381944,0.12450397,0.5314300000000002,0.1307900000000001,0.52466506,0.13228244
0.73076427,0.20958447,0.722959999999999,0.1474400000000001,0.7394023,0.22976586
0.70436597,0.65315026,0.7060000000000002,0.671,0.7056846,0.6836332
0.7029356,0.6451264,0.7029999999999975,0.6440000000000039,0.70833373,0.6949933
0.74081564,0.2307446,0.7389699999999997,0.1884026428571428,0.73842895,0.21188068
0.6930115,0.5953016,0.7021,0.6358099999999998,0.6952215,0.6145204
0.74565136,0.2707204,0.727943055555555,0.2351381190476189,0.7354704,0.20543703
0.73815835,0.24128059,0.7634276984126989,0.3411185714285715,0.74504685,0.25297272
0.7325234,0.19673821,0.7258900000000003,0.1609220952380953,0.735354,0.21805592
0.7337581,0.19859773,0.7305903333333332,0.1993233333333333,0.73249143,0.18723959
0.7345588,0.22515139,0.7178785833333327,0.1635303333333333,0.73587644,0.22102827
0.7029356,0.6451264,0.7029999999999975,0.6440000000000039,0.70833373,0.6949933
0.72972727,0.1994313,0.7194180555555549,0.1672756666666666,0.72870725,0.1604967
0.69592595,0.6011852,0.6949999999999997,0.6450000000000015,0.70246166,0.6621499
0.7130776,0.66598475,0.718999999999999,0.6800000000000016,0.7178915,0.6967228
0.6946161,0.5952049,0.696880000000001,0.6283599999999993,0.7036791,0.6181087
0.6762824,0.4934922,0.6505200000000002,0.3239400000000002,0.67965263,0.5344986
0.69493234,0.64520836,0.7009999999999996,0.6689999999999984,0.69777215,0.6664391
0.74350667,0.2578606,0.7369506547619044,0.2393609166666666,0.7457292,0.22369571
0.7421231,0.2411297,0.74093375,0.2569366666666666,0.7460127,0.25596267
0.67201746,0.58005935,0.6895999999999998,0.60978,0.6760047,0.7013381
0.70090544,0.6194098,0.7189999999999996,0.6929999999999983,0.70443755,0.67247957
0.7402196,0.23991501,0.7407946666666664,0.243005246031746,0.7441219,0.21983415
0.7097477,0.6563254,0.7160000000000022,0.6870000000000038,0.71315485,0.69279605
0.6832421,0.50218487,0.6885199999999999,0.5172499999999998,0.6685911,0.46130863
0.73019034,0.20352137,0.7509150000000006,0.2931340000000004,0.735738,0.20450862
0.6981605,0.64247596,0.7074899999999998,0.6946099999999998,0.7010808,0.71206254
0.73846805,0.23945585,0.7342963333333329,0.2238517499999999,0.7345353,0.21526334
0.73299813,0.22805628,0.7179400000000001,0.162483333333333,0.73758674,0.21606605
0.699175,0.66506296,0.7049999999999987,0.6860000000000005,0.7013126,0.7084812
0.72980875,0.18986082,0.7311586349206345,0.2044584523809523,0.73190355,0.19886455
0.73377883,0.2346574,0.7302518060697468,0.2247962291042292,0.73751855,0.24081019
0.7470004,0.2726661,0.7337537499999996,0.2031264285714286,0.73899573,0.21812387
0.70010114,0.6500342,0.6949999999999997,0.6210000000000008,0.70221585,0.66402245
0.7365023,0.2151348,0.7329944999999999,0.2127091666666666,0.73823476,0.20746064
0.69184494,0.30028433,0.68116,0.257793,0.68406224,0.2543693
0.71104825,0.19644451,0.7305306666666666,0.2658418333333334,0.7159923,0.18296835
0.7100562,0.6904353,0.710999999999999,0.6850000000000009,0.71656936,0.7134982
0.7130776,0.66598475,0.718999999999999,0.6800000000000016,0.7178915,0.6967228
0.69983685,0.64636725,0.7280000000000002,0.7359999999999995,0.70207745,0.7201821
0.72598004,0.19374675,0.7135049999999998,0.1310112142857144,0.7235993,0.17728946
0.7217594,0.15379375,0.7415299999999998,0.2257330000000001,0.7250148,0.2119757
0.7029356,0.6451264,0.7029999999999975,0.6440000000000039,0.70833373,0.6949933
0.7381195,0.23245999,0.7326760000000004,0.1916656666666666,0.7392122,0.2530722
0.69493234,0.64520836,0.7009999999999996,0.6689999999999984,0.69777215,0.6664391
0.73683536,0.2103096,0.7336108333333332,0.2060106666666664,0.73883986,0.20035627
0.6777264,0.5545868,0.6899999999999991,0.6520000000000009,0.67468464,0.615218
0.73263884,0.20223218,0.7744556666666673,0.3842681666666667,0.7387098,0.25996953
0.7029356,0.6451264,0.7029999999999975,0.6440000000000039,0.70833373,0.6949933
0.72300947,0.17536628,0.7315769999999996,0.1947424999999999,0.7317054,0.20512035
0.70010114,0.6500342,0.6949999999999997,0.6210000000000008,0.70221585,0.66402245
0.7299396,0.16670424,0.7267999999999992,0.1589859999999998,0.7373785,0.19629322
0.67602026,0.5349366,0.6306299999999992,0.2918799999999998,0.67488056,0.45157257
0.6674026,0.53079265,0.6499999999999991,0.4570000000000006,0.65978277,0.45373452
0.6997645,0.61809987,0.6989999999999994,0.6670000000000011,0.70386755,0.66838515
0.72593766,0.20757514,0.7322966666666667,0.2652795833333333,0.7356849,0.25310478
0.67878115,0.5614824,0.6979999999999997,0.6719999999999987,0.68590665,0.61548036
0.68525255,0.6199914,0.6899999999999991,0.6540000000000016,0.6863736,0.6239304
0.7457425,0.27052975,0.7400619999999999,0.2382489999999998,0.7352324,0.20300364
0.7392187,0.23997843,0.745048,0.2814355238095237,0.74094653,0.2738308
0.6974945,0.64349675,0.7019999999999985,0.6559999999999995,0.7007081,0.67218584
0.7471899,0.24894708,0.7343400000000004,0.1895399999999999,0.74700797,0.23271249
0.7064963,0.69307286,0.7066299999999999,0.6699299999999989,0.7180189,0.70269483
0.7046937,0.6855258,0.7069999999999999,0.6719999999999987,0.7068255,0.70592386
0.70073754,0.65984565,0.6990899999999995,0.6399300000000008,0.7028407,0.70324486
0.7337531,0.20356527,0.7301766666666663,0.1909499999999999,0.7327106,0.20102674
0.67699975,0.5618074,0.6910000000000011,0.6619999999999996,0.6793384,0.6369894
0.7229813,0.1798211,0.7315758333333333,0.2371933333333332,0.7310566,0.19923346
0.72839826,0.18730992,0.7329843333333332,0.2161075476190475,0.7337533,0.20312287
0.7290739,0.18022889,0.7212633809523807,0.1498330555555553,0.731581,0.1827679
0.73415375,0.21697283,0.7322399999999994,0.2237340000000001,0.73421943,0.22603983
0.7255481,0.19059059,0.7116360000000013,0.1794359999999998,0.7213573,0.18252733
0.7362567,0.22419026,0.7535980000000002,0.3008616666666663,0.7367143,0.23031397
0.72972727,0.1994313,0.7194180555555549,0.1672756666666666,0.72870725,0.1604967
0.73280984,0.21333405,0.7254299999999998,0.1787754999999998,0.7312513,0.19916366
0.73858666,0.2272715,0.7175050000000002,0.1371233333333331,0.7342299,0.19497687
0.7196276,0.16056985,0.7359305000000004,0.2260575,0.73204935,0.20083392
0.6875464,0.5541084,0.6760000000000006,0.5300000000000007,0.6846255,0.59591436
0.683906,0.5844679,0.6899999999999991,0.6159999999999998,0.68570834,0.6247422
0.72923595,0.19437954,0.728703333333333,0.1701265,0.72188133,0.16998506
0.74152046,0.24141222,0.7358009047619043,0.2177253095238095,0.7429908,0.23242998
0.6854063,0.584318,0.6871999999999998,0.55068,0.6888881,0.62475705
0.7062957,0.662842,0.7120000000000017,0.6790000000000007,0.7053588,0.6608403
0.698217,0.6147554,0.6839999999999989,0.6019999999999986,0.7039496,0.6960313
0.67709,0.5916312,0.6940000000000011,0.7060000000000015,0.6841662,0.6937311
0.7065072,0.6412724,0.7069099999999996,0.6500799999999997,0.7136036,0.6868573
0.6786136,0.5230705,0.6090000000000012,0.1910000000000001,0.67949575,0.49954814
0.67053956,0.4949417,0.616999999999999,0.2439999999999998,0.6650995,0.39851168
0.7483479,0.24493617,0.740230119047619,0.1963081904761904,0.74260646,0.2139431
0.7123665,0.13083023,0.7211376190476192,0.1838645833333333,0.7195641,0.15566245
0.6707029,0.50977993,0.6580000000000008,0.4369999999999996,0.6655135,0.41278052
0.7348962,0.20012796,0.724256666666666,0.1513738333333333,0.730114,0.19388938
0.7421743,0.2353073,0.7402266666666663,0.2432499999999999,0.74840957,0.23237556
0.7172481,0.69764626,0.718000000000002,0.7090000000000016,0.72709435,0.72281915
0.68912,0.56740636,0.6839200000000002,0.5640599999999995,0.6930221,0.60545033
0.68129563,0.5613653,0.6730000000000014,0.5649999999999993,0.67947966,0.62107056
0.7328869,0.20762956,0.7298514285714285,0.1910644166666667,0.7360858,0.19063377
0.7203506,0.15607357,0.7230966666666667,0.1695714285714286,0.73134625,0.18199806
0.73079,0.18957058,0.7219391190476189,0.1483341904761904,0.7318579,0.18979824
0.6694896,0.50147086,0.6668900000000001,0.4951700000000001,0.6574726,0.43476644
0.7372213,0.20049727,0.7386043333333331,0.2237013333333333,0.7241819,0.19167094
0.70090544,0.6194098,0.7189999999999996,0.6929999999999983,0.70443755,0.67247957
0.68684894,0.5638832,0.6079999999999988,0.2250000000000002,0.6951238,0.56727344
0.73199046,0.2172367,0.7364137373737372,0.2156700714285714,0.7391261,0.20529738
0.7285825,0.19246364,0.7322298095238096,0.2365748333333333,0.7329208,0.25566766
0.6870512,0.6017513,0.6760799999999993,0.5770899999999992,0.69665796,0.6380548
0.7036561,0.6958671,0.7039199999999998,0.6832499999999997,0.7145035,0.70818025
0.73895335,0.2202146,0.7348099999999995,0.19992,0.7411026,0.21350095
0.73374677,0.2036956,0.7271832500000008,0.1391899999999999,0.7334142,0.22798873
0.74561286,0.26071492,0.7380044166666664,0.2206675238095237,0.7456459,0.27847683
0.69813704,0.62577266,0.6848600000000009,0.6068099999999987,0.7048415,0.7169018
0.7043752,0.6846032,0.7069999999999999,0.6839999999999989,0.7087204,0.6961698
0.70436597,0.65315026,0.7060000000000002,0.671,0.7056846,0.6836332
0.6972554,0.589288,0.6989999999999994,0.5670000000000001,0.70518476,0.6394356
0.7437198,0.27141315,0.7494319285714285,0.2872324999999996,0.7511265,0.27526554
0.7472658,0.25204098,0.7460948888888888,0.25534875,0.7416922,0.23422539
0.7192339,0.18296295,0.7328233333333333,0.2149488333333332,0.73014414,0.19348146
0.739716,0.27093208,0.7446375000000002,0.2994255000000001,0.7401905,0.28166506
0.7029356,0.6451264,0.7029999999999975,0.6440000000000039,0.70833373,0.6949933
0.7406429,0.23848987,0.7266299444444444,0.1803733333333333,0.7401334,0.21942408
0.73215926,0.20070428,0.7292460476190472,0.1824066666666667,0.7372689,0.19831195
0.7342807,0.2381061,0.7318335873015872,0.1893741428571428,0.7318298,0.19435784
0.70090544,0.6194098,0.7189999999999996,0.6929999999999983,0.70443755,0.67247957
0.73034,0.1852921,0.7346199999999995,0.2006650000000001,0.7448766,0.20601013
0.68798244,0.5603322,0.6319999999999992,0.3009999999999993,0.685624,0.55128795
0.7300198,0.23029459,0.7522669960317461,0.3236077142857141,0.74259746,0.25274006
0.67873347,0.5806625,0.6970000000000012,0.6999400000000012,0.6808978,0.67564267
0.67859244,0.5685744,0.6079999999999988,0.2280000000000003,0.67334056,0.5477108
0.72171676,0.16680011,0.7076186666666671,0.1018363333333334,0.72143,0.16882873
0.6933962,0.6615518,0.6889999999999995,0.6508800000000015,0.6952109,0.6938489
0.7319623,0.17490023,0.7297356666666664,0.1909816666666666,0.7358989,0.19763935
0.73435307,0.2437366,0.7235058095238094,0.2130775000000001,0.7443803,0.23321845
0.72836745,0.22502065,0.719046833333335,0.1940083333333331,0.7328576,0.21455128
0.6868189,0.57343775,0.67124,0.6127699999999999,0.6856228,0.66572505
0.7374144,0.22314563,0.7420483571428571,0.221946746031746,0.74473584,0.26362714
0.66974825,0.5447984,0.6491299999999995,0.4143800000000002,0.6526907,0.36915472
0.7481667,0.23800126,0.7336491666666665,0.1922174999999999,0.7409284,0.20054775
0.73340255,0.2122156,0.7398274999999996,0.2446260000000002,0.7367512,0.21379808
0.72111386,0.1543532,0.7294924761904759,0.20175125,0.72490466,0.17182104
0.7352607,0.22212696,0.7288083333333327,0.2070199999999997,0.74084485,0.21147087
0.6609151,0.5264034,0.6540000000000016,0.5300000000000007,0.6564293,0.51964396
0.7449902,0.24427155,0.727845,0.1717699999999999,0.7443913,0.23350349
0.6823312,0.58051217,0.6848199999999999,0.58894,0.6916066,0.67032427
0.65921223,0.47597027,0.627000000000001,0.2390000000000005,0.64850235,0.3201375
0.7212595,0.16349632,0.7363483333333332,0.2455014999999999,0.73822534,0.21357943
0.6691126,0.5602302,0.6660299999999986,0.5872000000000014,0.6652692,0.5931673
0.7332519,0.21613222,0.7326853333333331,0.2201169444444444,0.7336524,0.1914493
0.73493296,0.20261872,0.7353899999999994,0.1944750238095238,0.73846096,0.20829879
0.7029356,0.6451264,0.7029999999999975,0.6440000000000039,0.70833373,0.6949933
0.72729975,0.21943432,0.7274382857142854,0.2102539999999997,0.7338685,0.24462241
0.7447508,0.22997224,0.734706309523809,0.2117783333333332,0.75037014,0.2363685
0.72775906,0.18971658,0.7356419999999996,0.2138123809523809,0.7293248,0.17548348
0.74003005,0.23311025,0.7400399999999996,0.262894,0.73786235,0.22637078
0.7029356,0.6451264,0.7029999999999975,0.6440000000000039,0.70833373,0.6949933
0.7290677,0.2183671,0.7221833333333326,0.1911103809523813,0.73078203,0.2127159
0.7327636,0.20917785,0.7416263333333329,0.2469439999999999,0.7406008,0.21143027
0.72530526,0.17590111,0.7178699999999999,0.1321364761904762,0.7289088,0.18934771
0.528418,0.13860297,0.5120099999999997,0.10381,0.5141424,0.18115367
0.7250534,0.17010275,0.7279711428571425,0.1971282857142857,0.73051023,0.24100348
0.7367532,0.22367215,0.7372311666666664,0.2164740476190474,0.744915,0.22538026
0.7051703,0.6379473,0.7220000000000002,0.7060000000000015,0.70669234,0.682625
0.69863725,0.58227646,0.710999999999999,0.6430000000000006,0.70113873,0.617285
0.74658316,0.25543037,0.7478373333333334,0.2588322500000001,0.7431679,0.22111978
0.69330466,0.6447216,0.6990400000000005,0.663619999999999,0.6981816,0.6863083
0.7274184,0.18466023,0.7215826666666666,0.1646381666666667,0.72330916,0.15995109
0.71514475,0.6614804,0.7252500000000005,0.6596899999999997,0.7222686,0.7189658
0.7329964,0.23538375,0.7287749999999994,0.2534400000000001,0.7331505,0.20377134
0.7239209,0.19431472,0.7241248095238094,0.1936829365079365,0.7302005,0.21416248
0.69641817,0.65060765,0.6942599999999995,0.6549499999999996,0.69495404,0.6641218
0.6974945,0.64349675,0.7019999999999985,0.6559999999999995,0.7007081,0.67218584
0.7368287,0.2004238,0.7302333333333335,0.1716529999999997,0.7317881,0.20005335
0.70902693,0.6457656,0.6933599999999991,0.629379999999999,0.70985985,0.6912264
0.73333704,0.19028634,0.7343499999999996,0.20615375,0.73557276,0.19802189
0.7107743,0.12682384,0.7139324999999994,0.1685250000000001,0.7178216,0.15795666
0.7097477,0.6563254,0.7160000000000022,0.6870000000000038,0.71315485,0.69279605
0.73292786,0.19526029,0.7438099999999995,0.2255929166666665,0.74283063,0.23914593
0.68958217,0.64065063,0.6858599999999995,0.6425199999999994,0.69019926,0.6955504
0.71544963,0.67404073,0.7030700000000007,0.6301800000000005,0.7182354,0.69570595
0.7097477,0.6563254,0.7160000000000022,0.6870000000000038,0.71315485,0.69279605
0.7266391,0.14660597,0.7409581666666667,0.2572474285714284,0.731372,0.19872338
0.73991424,0.19967857,0.7473624999999999,0.2607233333333333,0.7388083,0.20378137
0.73996377,0.2546661,0.7322308333333329,0.2130076666666669,0.74307567,0.25629646
0.69093204,0.61034775,0.7079999999999989,0.6760000000000006,0.6950496,0.66430676
0.72639203,0.19706112,0.7227634166666671,0.1635531666666666,0.7239184,0.17926195
0.7228887,0.14513788,0.7259819999999992,0.1558099999999999,0.7226931,0.16595483
0.7268467,0.17265263,0.729509833333333,0.1863488333333333,0.7342305,0.18159136
0.7362975,0.22193581,0.7254219999999991,0.1786949999999998,0.73864686,0.21489497
0.6568347,0.46763182,0.6510000000000015,0.4969999999999999,0.6524565,0.5334316
0.6862198,0.6120379,0.6873199999999997,0.6539399999999992,0.6948014,0.6916705
0.73170054,0.1908063,0.7296636666666667,0.1769916666666668,0.73304343,0.1954994
0.6913086,0.59902537,0.6840800000000001,0.5409800000000001,0.69194484,0.6461541
0.7434869,0.23324093,0.7387124999999998,0.2190699999999999,0.7410714,0.21637365
0.7432928,0.2477966,0.7444514999999998,0.2499330238095237,0.7417578,0.265878
0.6822541,0.5631843,0.6837799999999997,0.6528200000000001,0.687115,0.5684592
0.7400857,0.20713761,0.7412887142857137,0.2377566666666667,0.7469872,0.22975154
0.73845917,0.22282112,0.7348969999999996,0.1976780952380953,0.74095595,0.20966789
0.73310214,0.20501909,0.7425099999999998,0.2394067619047619,0.7314768,0.22104922
0.6669984,0.5178829,0.6310000000000001,0.2409999999999997,0.6521573,0.38152087
0.7243476,0.18245143,0.713261607947608,0.1197678433233433,0.72236085,0.1725688
0.6984699,0.61679375,0.6989999999999994,0.6289999999999992,0.70387006,0.67154115
0.6777264,0.5545868,0.6899999999999991,0.6520000000000009,0.67468464,0.615218
0.7090051,0.67461574,0.7250000000000003,0.716,0.71607035,0.7278839
0.6868976,0.6101668,0.7005199999999995,0.6718799999999996,0.70094955,0.6825476
0.6902782,0.6388629,0.6883299999999991,0.6535900000000003,0.6828501,0.67976975
0.67859244,0.5685744,0.6079999999999988,0.2280000000000003,0.67334056,0.5477108
0.72953653,0.21290994,0.7171899999999998,0.1507999999999998,0.7320429,0.19964983
0.71938634,0.6724346,0.7250000000000001,0.7000000000000013,0.72178423,0.7164727
0.7097477,0.6563254,0.7160000000000022,0.6870000000000038,0.71315485,0.69279605
0.70633686,0.67601395,0.7229999999999993,0.7299999999999993,0.7128174,0.7228406
0.7287831,0.20938358,0.7338933333333333,0.2179463333333332,0.7293383,0.27048445
0.7442684,0.25894618,0.7501146666666666,0.2648197619047619,0.74075687,0.27643967
0.7029356,0.6451264,0.7029999999999975,0.6440000000000039,0.70833373,0.6949933
0.6934633,0.6077288,0.7113800000000016,0.7258600000000004,0.69870627,0.6968904
0.74019617,0.20648763,0.7240224999999991,0.1483462500000002,0.72731984,0.18711357
0.69907737,0.63017875,0.6949999999999997,0.6409999999999988,0.70065975,0.6654883
0.71652144,0.6729901,0.7185800000000002,0.6858199999999993,0.72592974,0.7240909
0.73233294,0.2055771,0.7319263333333329,0.1934119285714286,0.7352414,0.20739184
0.74946016,0.28121793,0.7409131904761901,0.2642117857142856,0.7552402,0.27143896
0.6896042,0.62724227,0.68487,0.62408,0.69484365,0.6193168
0.73200923,0.21442789,0.7334299999999995,0.21273,0.72952735,0.19724983
0.697852,0.66552883,0.7000000000000013,0.6569999999999981,0.70159566,0.70164317
0.72137606,0.17797554,0.7443849999999997,0.2112324999999999,0.7335247,0.22893003
0.7059493,0.6906583,0.6979999999999997,0.6830000000000004,0.70827115,0.687779
0.7186659,0.12033376,0.716655,0.125469119047619,0.7206826,0.14244986
0.7029356,0.6451264,0.7029999999999975,0.6440000000000039,0.70833373,0.6949933
0.7252319,0.1934948,0.7381674999999999,0.2289804761904762,0.7390511,0.2071324
0.7331046,0.24074757,0.7216999999999993,0.2206099166666666,0.73922807,0.24209231
0.738299,0.22573856,0.7486860714285712,0.267957476190476,0.73622054,0.23512526
0.699175,0.66506296,0.7049999999999987,0.6860000000000005,0.7013126,0.7084812
0.7307474,0.2002292,0.7270836666666665,0.1862401904761904,0.7344345,0.1917431
0.69493234,0.64520836,0.7009999999999996,0.6689999999999984,0.69777215,0.6664391
0.54438204,0.18764037,0.5348999999999996,0.13588,0.5280155,0.2347011
0.6998891,0.6479481,0.7016600000000008,0.6547400000000012,0.7131856,0.6948561
0.7416798,0.24161285,0.7417706904761903,0.2418389999999999,0.74127233,0.22903836
0.73336655,0.2285451,0.7282578333333329,0.2100350238095238,0.7304574,0.18220907
0.69493234,0.64520836,0.7009999999999996,0.6689999999999984,0.69777215,0.6664391
0.7097477,0.6563254,0.7160000000000022,0.6870000000000038,0.71315485,0.69279605
0.7336352,0.22634917,0.7299934999999997,0.205786238095238,0.7322947,0.20478147
0.7083342,0.68335354,0.6997500000000001,0.6211999999999998,0.7099925,0.7103459
0.7029356,0.6451264,0.7029999999999975,0.6440000000000039,0.70833373,0.6949933
0.7177989,0.23445058,0.726365119047619,0.2225722619047619,0.7147899,0.18466605
0.68224907,0.5811476,0.6899999999999991,0.6170799999999991,0.6895029,0.6148967
0.7351267,0.21469414,0.7448266666666663,0.2553299999999998,0.73903364,0.20229235
0.7324464,0.18759006,0.7289916666666666,0.1974541666666666,0.74061114,0.197467
0.74164957,0.25059015,0.7337352777777777,0.2153478809523811,0.7445383,0.22004119
0.72347045,0.16740221,0.7760750000000003,0.4213399999999999,0.7298721,0.19381876
0.7273429,0.16770041,0.7377199999999999,0.2145935714285715,0.7378246,0.19145355
0.73161924,0.20784888,0.7236979999999995,0.1688425,0.73336864,0.18312061
0.75093687,0.28380692,0.7367013333333331,0.2254532142857141,0.7453875,0.23646535
0.7188915,0.17311773,0.7164138333333326,0.1592313311688311,0.729835,0.17162146
0.7029356,0.6451264,0.7029999999999975,0.6440000000000039,0.70833373,0.6949933
0.7315453,0.18977922,0.73564,0.20568,0.7287293,0.20153876
0.7261337,0.19372088,0.7315834166666667,0.1847421746031746,0.73104167,0.17912143
0.7129587,0.67313087,0.7119999999999991,0.6730000000000017,0.7148888,0.6860619
0.7289521,0.20160091,0.7781358333333327,0.4802676190476188,0.73293096,0.19394876
0.74253297,0.25505581,0.74433,0.2917874999999996,0.7414795,0.24132878
0.72775805,0.17165604,0.7348366666666665,0.2424549999999999,0.7314397,0.23421693
0.6952578,0.6485146,0.6989999999999985,0.6670000000000015,0.70126665,0.6806429
0.73318213,0.22859186,0.7305339047619044,0.2103412857142857,0.73693824,0.21204138
0.6837577,0.5889832,0.6752699999999998,0.5921399999999996,0.69575787,0.6777524
0.73003894,0.18316352,0.7240779999999991,0.1455991666666665,0.7357352,0.192687
0.70371366,0.6461573,0.7047100000000008,0.6563899999999999,0.70083106,0.6835292
0.7029356,0.6451264,0.7029999999999975,0.6440000000000039,0.70833373,0.6949933
0.7336432,0.20836401,0.7302171904761903,0.183015738095238,0.73065627,0.19671491
0.73273575,0.23379937,0.7303895833333328,0.221746619047619,0.7346126,0.22026812
0.7356569,0.22356057,0.7355466666666668,0.2229866666666666,0.7325554,0.20412044
0.73760045,0.2261821,0.7443890000000001,0.2606601666666666,0.7393839,0.22303043
0.7365215,0.21915674,0.7228486666666666,0.1594404285714284,0.740414,0.21945605
0.7310233,0.2069934,0.7206499523809525,0.1860279761904762,0.721331,0.17383963
0.6677036,0.48774135,0.6911999999999995,0.5864699999999996,0.66495824,0.525979
0.7482182,0.26062858,0.7376466428571427,0.255266666666667,0.7365695,0.20281965
0.705155,0.6593464,0.7079600000000004,0.6725100000000002,0.72447014,0.75103015
0.7097477,0.6563254,0.7160000000000022,0.6870000000000038,0.71315485,0.69279605
0.73106563,0.20150757,0.7324129999999995,0.1912022499999999,0.732772,0.1983715
0.7007943,0.6552342,0.7120000000000017,0.7019999999999986,0.6963933,0.7039734
0.7029356,0.6451264,0.7029999999999975,0.6440000000000039,0.70833373,0.6949933
0.742401,0.21973592,0.73372,0.1882793333333333,0.74926656,0.24469405
0.6786136,0.5230705,0.6090000000000012,0.1910000000000001,0.67949575,0.49954814
0.70436597,0.65315026,0.7060000000000002,0.671,0.7056846,0.6836332
0.69355464,0.6308197,0.6949999999999997,0.6240000000000009,0.6971615,0.6744372
0.7097477,0.6563254,0.7160000000000022,0.6870000000000038,0.71315485,0.69279605
0.73352826,0.22139192,0.7278750000000003,0.1917096666666667,0.7320059,0.1898109
0.7130776,0.66598475,0.718999999999999,0.6800000000000016,0.7178915,0.6967228
0.74005544,0.23060766,0.7253756666666661,0.1747821904761904,0.73806524,0.23745301
0.71743786,0.17442513,0.7015179999999998,0.1145046666666668,0.7181695,0.14820404
0.6875464,0.5541084,0.6760000000000006,0.5300000000000007,0.6846255,0.59591436
0.70649683,0.6507673,0.7026800000000003,0.6394400000000001,0.70072764,0.6731671
0.7333376,0.23803657,0.7530320000000001,0.3455944999999999,0.7375454,0.24521235
0.70090544,0.6194098,0.7189999999999996,0.6929999999999983,0.70443755,0.67247957
0.7029356,0.6451264,0.7029999999999975,0.6440000000000039,0.70833373,0.6949933
0.70090544,0.6194098,0.7189999999999996,0.6929999999999983,0.70443755,0.67247957
0.73636353,0.22570145,0.7524916666666667,0.2991669523809522,0.7358568,0.20572442
0.73185885,0.21045911,0.7355500476190473,0.2529815714285715,0.7364348,0.24164745
0.7355277,0.222363,0.7330744999999999,0.2033724999999999,0.736063,0.21897112
0.7097477,0.6563254,0.7160000000000022,0.6870000000000038,0.71315485,0.69279605
0.73569375,0.21197015,0.7314213333333329,0.1929808333333334,0.7396395,0.21417025
0.7349497,0.22146282,0.7347236666666666,0.2317889523809524,0.7366672,0.19858384
0.742296,0.24874634,0.7332318333333333,0.2193967619047618,0.7361252,0.22636965
0.72525096,0.19713068,0.7419619285714287,0.2586338333333333,0.7305807,0.17829451
0.68714106,0.591634,0.6743499999999998,0.4693700000000002,0.68689394,0.5891827
0.67124724,0.5522417,0.6631599999999988,0.5047999999999994,0.67236626,0.60538584
0.6842227,0.5837784,0.6931199999999991,0.6153700000000005,0.6794357,0.6451319
0.7129587,0.67313087,0.7119999999999991,0.6730000000000017,0.7148888,0.6860619
0.698958,0.6699951,0.7093399999999999,0.6887100000000009,0.7126177,0.74735856
0.7097477,0.6563254,0.7160000000000022,0.6870000000000038,0.71315485,0.69279605
0.7201896,0.14679658,0.7245166666666658,0.1514642857142858,0.7231163,0.16460848
0.7420019,0.25220093,0.7346421666666667,0.2033986666666666,0.73909855,0.24404012
0.67413056,0.54153895,0.6608300000000001,0.4858199999999998,0.6681533,0.53513527
0.7051703,0.6379473,0.7220000000000002,0.7060000000000015,0.70669234,0.682625
0.7321586,0.22109503,0.7352653333333328,0.2140354761904759,0.74104065,0.20354897
0.7291474,0.21418345,0.7154900000000016,0.1309076785714287,0.7362878,0.228125
0.6952578,0.6485146,0.6989999999999985,0.6670000000000015,0.70126665,0.6806429
0.7482308,0.24422002,0.7384399999999997,0.2218949999999999,0.7437979,0.21851128
0.7397654,0.23710483,0.7183550000000004,0.1522211904761903,0.7366754,0.21123992
0.73172903,0.19358891,0.7263868333333333,0.1745596904761904,0.7253335,0.17232995
0.7268843,0.17841882,0.7313621666666665,0.1937276666666667,0.73386574,0.19442436
0.70814604,0.6725079,0.7229999999999991,0.7120000000000017,0.7137892,0.73061967
0.725055,0.20505881,0.7502299999999998,0.3015644285714283,0.7325741,0.22819003
0.6969673,0.6382557,0.7150000000000019,0.7169999999999992,0.69045436,0.6914134
0.7239649,0.15460292,0.7298608095238096,0.220465357142857,0.7329941,0.19530834
0.70436597,0.65315026,0.7060000000000002,0.671,0.7056846,0.6836332
0.70877945,0.6825115,0.720999999999999,0.704,0.70853215,0.7047432
0.7292917,0.17706132,0.7293449999999995,0.1651516666666668,0.72654706,0.1894609
0.69749445,0.64349663,0.7019999999999985,0.6559999999999995,0.70070815,0.67218584
0.74283826,0.25725937,0.7481714172216669,0.2707028257853256,0.7475391,0.22949383
0.69863725,0.58227646,0.710999999999999,0.6430000000000006,0.70113873,0.617285
0.7362608,0.2096847,0.7394259999999997,0.2424758333333333,0.7437204,0.2162205
0.7268299,0.16975737,0.7492247142857146,0.2625492380952378,0.7302461,0.18928641
0.68938684,0.5798664,0.6695699999999998,0.4837299999999994,0.6867608,0.55874664
0.7029356,0.6451264,0.7029999999999975,0.6440000000000039,0.70833373,0.6949933
0.6876979,0.63092273,0.6795000000000008,0.6377999999999995,0.6883236,0.680924
0.71557236,0.23511642,0.7275180952380949,0.2535199999999999,0.7180823,0.18735152
0.7097477,0.6563254,0.7160000000000022,0.6870000000000038,0.71315485,0.69279605
0.6752572,0.5863,0.6800000000000002,0.625,0.67165107,0.61348623
0.68496794,0.603782,0.7031100000000003,0.65016,0.6954851,0.69923776
0.73896646,0.24133575,0.7445303333333332,0.2438255357142856,0.73910296,0.2367573
0.7442295,0.22923666,0.7652399999999997,0.2775650000000004,0.7358911,0.20691536
0.7368287,0.2004238,0.7302333333333335,0.1716529999999997,0.7317881,0.20005335
0.7321586,0.22109503,0.7352653333333328,0.2140354761904759,0.74104065,0.20354897
0.7020539,0.6571529,0.7177100000000018,0.7172300000000018,0.7209871,0.725045
0.7358667,0.22663403,0.7463285,0.3027573809523812,0.7387972,0.23201954
0.6660863,0.5210452,0.622999999999999,0.2319999999999996,0.65949893,0.39868036
0.7130776,0.66598475,0.718999999999999,0.6800000000000016,0.7178915,0.6967228
0.7056909,0.6888292,0.707419999999999,0.66767,0.7089488,0.70002466
0.7070497,0.13763463,0.7518993809523812,0.3313343214285714,0.7287011,0.18397962
0.7335911,0.21813136,0.716,0.1649999999999995,0.73676777,0.21335945
0.7277708,0.19254631,0.73848869047619,0.216625226190476,0.73861164,0.21153623
0.70922184,0.6614078,0.7229999999999994,0.7030000000000014,0.7102222,0.66634613
0.73106825,0.19515565,0.7316438095238094,0.1906941666666666,0.73236024,0.20491517
0.6997645,0.61809987,0.6989999999999994,0.6670000000000011,0.70386755,0.66838515
0.70764136,0.13693127,0.7350559999999995,0.2415112857142857,0.7261517,0.1909255
0.73038644,0.24189937,0.7213270714285713,0.2344579588744589,0.730792,0.24213356
0.7097477,0.6563254,0.7160000000000022,0.6870000000000038,0.71315485,0.69279605
0.705374,0.66122043,0.7030000000000014,0.6800000000000002,0.711009,0.7112722
0.6952578,0.6485146,0.6989999999999985,0.6670000000000015,0.70126665,0.6806429
0.7255853,0.18089342,0.7443222499999996,0.2238749999999999,0.73633415,0.209904
0.73019034,0.20352137,0.7509150000000006,0.2931340000000004,0.735738,0.20450862
0.7051703,0.6379473,0.7220000000000002,0.7060000000000015,0.70669234,0.682625
0.67637384,0.5001067,0.6152500000000005,0.1725799999999997,0.67264223,0.44758618
0.72949535,0.18973994,0.7375546428571426,0.208847,0.73314965,0.20332116
0.7312027,0.2015588,0.7320776190476188,0.2163302619047618,0.7346254,0.20740712
0.7470265,0.26881078,0.7476096666666666,0.2753056666666667,0.75358665,0.25261974
0.74069285,0.24999368,0.7269073333333328,0.186055,0.73190624,0.19396219
0.6920792,0.6043677,0.6953299999999998,0.6581900000000006,0.71116525,0.69034904
0.74270153,0.2490255,0.7538446746031745,0.3315376507936505,0.7388257,0.2465879
0.72617316,0.17039496,0.7062300000000014,0.103059111111111,0.72090507,0.14787853
0.68939143,0.267664,0.676563333333333,0.3162774999999999,0.690372,0.24200839
0.73563623,0.2169714,0.7252200000000001,0.1514626666666668,0.73332727,0.20681643
0.7424368,0.23143926,0.7551440476190472,0.2804355,0.7473947,0.2183082
0.7211642,0.16517031,0.7271078571428566,0.1830175952380952,0.72635543,0.18356378
0.7062957,0.662842,0.7120000000000017,0.6790000000000007,0.7053588,0.6608403
0.7397526,0.22310963,0.736869714285714,0.2226143571428571,0.74208647,0.2642145
0.70078146,0.6210716,0.6990399999999992,0.6370000000000003,0.70130575,0.634558
0.7512454,0.29259294,0.747005333333333,0.2732562619047619,0.74347955,0.30371827
0.6934657,0.6643531,0.7023299999999999,0.7078299999999993,0.70287144,0.7170815
0.7279629,0.17124751,0.7345779761904758,0.2050875079365078,0.7291625,0.1772995
0.73198897,0.23034209,0.7238274999999996,0.1891479999999999,0.732679,0.1917409
0.73225063,0.19341528,0.7341408333333331,0.2089627380952381,0.73065436,0.19621846
0.74422497,0.26539373,0.7454550000000001,0.2455601666666667,0.7424381,0.27066252
0.7479496,0.26287296,0.7347371428571426,0.1992579999999999,0.74145687,0.26566023
0.7553645,0.27102244,0.7385266666666662,0.22022,0.7474822,0.21740536
0.7432559,0.24156836,0.7418233333333331,0.2417031666666666,0.72881484,0.2085534
0.73481375,0.23027468,0.7405926904761908,0.2743023333333333,0.74455255,0.2606249
0.7389389,0.23885855,0.7342466666666667,0.208805,0.74155486,0.2072652
0.734301,0.20722225,0.7557395714285721,0.3319538095238093,0.73580194,0.20554888
0.7467442,0.24280128,0.7405623333333331,0.2541420000000001,0.74983037,0.22933924
0.7395919,0.23951054,0.7726500000000006,0.3972183333333332,0.7397338,0.23919146
0.69093204,0.61034775,0.7079999999999989,0.6760000000000006,0.6950496,0.66430676
0.733093,0.21151024,0.7300483333333334,0.18723,0.737005,0.20096897
0.73172456,0.18790373,0.7336775833333331,0.1988601428571428,0.7344724,0.1987024
0.73429024,0.20884612,0.7375844999999995,0.2088302142857142,0.7389973,0.21149355
0.72402835,0.1814133,0.7113299999999999,0.1180016666666665,0.7282456,0.17404884
0.71529734,0.6826232,0.7039999999999996,0.6289999999999992,0.7186608,0.69105846
0.7389381,0.22901338,0.7389547777777778,0.2167238095238093,0.7488184,0.25041178
0.68126553,0.6009184,0.6887599999999992,0.6649999999999996,0.6788541,0.6102787
0.5512348,0.19167978,0.5314900000000001,0.1455499999999999,0.5175346,0.25602606
0.69453293,0.59740734,0.7060000000000015,0.6540000000000016,0.69637513,0.6563584
0.6690661,0.5174957,0.6713600000000006,0.5269099999999995,0.66271013,0.4289341
0.69569427,0.60718715,0.7190099999999995,0.70272,0.6995725,0.6885204
0.69924164,0.6787261,0.6940700000000011,0.6659999999999985,0.7011548,0.72996455
0.74623173,0.24756524,0.7443206666666667,0.2537500000000001,0.74537957,0.22559944
0.7336617,0.21312785,0.7329740000000003,0.1992966666666665,0.74742806,0.23051761
0.6686649,0.51073,0.6677399999999998,0.4870300000000002,0.66574466,0.51769364
0.7339405,0.22981423,0.738157,0.2374767738095237,0.7376518,0.24936667
0.69592595,0.6011852,0.6949999999999997,0.6450000000000015,0.70246166,0.6621499
0.7058029,0.6531194,0.7109999999999986,0.6850000000000018,0.7105853,0.69667363
0.699175,0.66506296,0.7049999999999987,0.6860000000000005,0.7013126,0.7084812
0.73170096,0.2158323,0.7312616666666668,0.2005746666666666,0.73547924,0.19288649
0.6778499,0.5770277,0.6879899999999997,0.6177199999999992,0.7011496,0.6886423
0.70974755,0.65632534,0.7160000000000022,0.6870000000000038,0.7131548,0.6927961
0.72756803,0.18649173,0.7316909999999998,0.2108193333333333,0.7286426,0.19780228
0.7422213,0.25501853,0.734119861111111,0.2192432142857141,0.74527085,0.22682548
0.7130776,0.66598475,0.718999999999999,0.6800000000000016,0.7178915,0.6967228
0.68935204,0.60310334,0.6959999999999993,0.6200699999999989,0.68921524,0.6239009
0.73755467,0.22250521,0.7182436190476195,0.1313333333333332,0.73425007,0.20080686
0.7130776,0.66598475,0.718999999999999,0.6800000000000016,0.7178915,0.6967228
0.7418703,0.23505235,0.7477238333333333,0.248144119047619,0.74732375,0.24170169
0.7097477,0.6563254,0.7160000000000022,0.6870000000000038,0.71315485,0.69279605
0.7130776,0.66598475,0.718999999999999,0.6800000000000016,0.7178915,0.6967228
0.6839145,0.5609451,0.6641900000000001,0.5144699999999996,0.6647786,0.55538964
0.7398959,0.20718473,0.7281466666666663,0.1775299999999999,0.7437739,0.21805918
0.7250578,0.19976139,0.7292691666666667,0.2225643452380953,0.7222638,0.1903097
0.6994446,0.65461826,0.6941300000000001,0.6293399999999999,0.7048501,0.6825381
0.66438335,0.510468,0.6640899999999997,0.5307599999999991,0.6612234,0.48649204
0.693829,0.6324247,0.7023600000000009,0.6647400000000009,0.69950867,0.69814366
0.70412093,0.6055122,0.690149999999999,0.5300099999999993,0.70307195,0.68648493
0.6779311,0.5272135,0.6790000000000007,0.5379999999999988,0.67450386,0.47811595
0.73169804,0.1965304,0.7322245238095236,0.1851649999999999,0.7427281,0.20950478
0.73008883,0.17132181,0.7229000000000001,0.1525031666666668,0.72928417,0.19015479
0.6952578,0.6485146,0.6989999999999985,0.6670000000000015,0.70126665,0.6806429
0.6774756,0.56124306,0.6703500000000001,0.5518799999999997,0.69110036,0.6338946
0.72397155,0.19902962,0.7155916666666683,0.1869893333333332,0.73090804,0.20605913
0.6984699,0.61679375,0.6989999999999994,0.6289999999999992,0.70387006,0.67154115
0.70436597,0.65315026,0.7060000000000002,0.671,0.7056846,0.6836332
0.70791817,0.66315967,0.7120000000000019,0.6870000000000005,0.7082808,0.66585344
0.6985678,0.6440035,0.7071100000000001,0.6633300000000001,0.7050035,0.7031537
0.73537946,0.19966137,0.740118333333333,0.2330199999999995,0.7387935,0.20993844
0.7197121,0.17249036,0.7065500000000015,0.1212599999999998,0.72527087,0.17673838
0.73820335,0.23566654,0.7446452380952384,0.2480206944444446,0.7339157,0.2070864
0.69863725,0.58227646,0.710999999999999,0.6430000000000006,0.70113873,0.617285
0.7188915,0.17311773,0.7164138333333326,0.1592313311688311,0.729835,0.17162146
0.73813224,0.24581262,0.7570795833333333,0.3938690000000004,0.72848034,0.21721214
0.7009966,0.6323535,0.7150000000000019,0.6760000000000006,0.70585644,0.7034564
0.7300812,0.2478272,0.7403286666666665,0.2869113571428572,0.7371057,0.2786628
0.7335266,0.20883745,0.7406045476190474,0.2241315476190477,0.7345562,0.21190219
0.7475413,0.2682364,0.737117333333333,0.2170056428571427,0.7452816,0.23140927
0.7447103,0.25230825,0.7343803333333327,0.2159316666666667,0.7436701,0.21971646
0.72864246,0.21363941,0.7323866666666662,0.2399974999999997,0.7325475,0.22188072
0.70672387,0.68088233,0.6949999999999996,0.6370000000000003,0.71171737,0.7050515
0.73962057,0.21674624,0.7462848571428563,0.2751530476190476,0.73844934,0.22121805
0.7440497,0.24941447,0.748346011904762,0.295497261904762,0.74215215,0.24000148
0.72170323,0.16658545,0.720381666666666,0.1636477142857144,0.726454,0.18118772
0.6804144,0.57050145,0.664000000000001,0.4930000000000003,0.67797995,0.5484175
0.6740793,0.4831155,0.6423199999999996,0.4537499999999999,0.65064585,0.25473583
0.7408427,0.2263223,0.731265,0.1937499999999999,0.7413638,0.20391554
0.73170054,0.1908063,0.7296636666666667,0.1769916666666668,0.73304343,0.1954994
0.74693346,0.27222615,0.741405238095238,0.2193103333333334,0.738411,0.21424255
0.7086797,0.67237943,0.7229999999999993,0.7180000000000015,0.71129525,0.7038687
0.7458981,0.23743996,0.7400719444444442,0.2459713333333332,0.74997467,0.22936451
0.7400886,0.2396054,0.74278969047619,0.2623846904761905,0.74135613,0.22448348
0.73702526,0.25119883,0.7402333333333334,0.2803740476190478,0.7465908,0.26862597
0.7029356,0.6451264,0.7029999999999975,0.6440000000000039,0.70833373,0.6949933
0.7273898,0.1681025,0.7277113333333333,0.1828191428571428,0.7292146,0.17251737
0.69390535,0.6086315,0.7089800000000014,0.6877899999999996,0.690986,0.6187435
0.73357916,0.24391228,0.7441456666666665,0.2414286666666666,0.7284871,0.23215239
0.7172022,0.14668083,0.7136406666666669,0.1348549999999999,0.72512096,0.16822457
0.6819801,0.5870902,0.6739999999999999,0.5540000000000005,0.678565,0.5773664
0.7321064,0.20822674,0.7303895,0.1931231428571427,0.7426881,0.22469723
0.7390045,0.22904393,0.7544300000000003,0.2920800000000007,0.7422449,0.22556306
0.7413257,0.24108091,0.7340122857142852,0.219219,0.73561174,0.20351769
0.7290078,0.18719545,0.7281283333333332,0.1854069999999998,0.73228776,0.20408735
0.7052221,0.66319704,0.7239999999999991,0.7069999999999999,0.70930934,0.70257264
0.7322839,0.2405743,0.7071693214285717,0.1274423571428571,0.733238,0.22425674
0.6882536,0.23513907,0.6782499999999999,0.2362391666666665,0.6927145,0.23626283
0.73508346,0.22884429,0.7322299999999996,0.204719,0.73491156,0.19064489
0.7029356,0.6451264,0.7029999999999975,0.6440000000000039,0.70833373,0.6949933
0.73582923,0.21575141,0.7314516666666668,0.1962893333333334,0.7345371,0.20497245
0.73877984,0.23191464,0.7455219047619047,0.2555604761904763,0.7383331,0.2300227
0.6671329,0.536518,0.6867700000000007,0.6599999999999991,0.6680867,0.6118074
0.7418074,0.2117202,0.7430922380952382,0.217222380952381,0.7474055,0.23811616
0.70904094,0.69115895,0.6998600000000007,0.6648300000000006,0.7111534,0.690762
0.6884907,0.57934517,0.6300000000000011,0.2920000000000006,0.6827221,0.516939
0.69680935,0.65053654,0.6961899999999993,0.6580000000000008,0.6993067,0.68494445
0.72306216,0.18582743,0.7251154761904754,0.190635,0.73413557,0.21453695
0.74395907,0.25504032,0.734685,0.2096858333333332,0.73714703,0.21956004
0.73419994,0.22163337,0.7299999999999993,0.2018866666666663,0.73752475,0.23343483
0.74781656,0.26775283,0.7497411428571427,0.285045619047619,0.74485064,0.24934494
0.70090544,0.6194098,0.7189999999999996,0.6929999999999983,0.70443755,0.67247957
0.70090544,0.6194098,0.7189999999999996,0.6929999999999983,0.70443755,0.67247957
0.72872365,0.2134254,0.7085689444444445,0.1106124761904763,0.73343426,0.22596544
0.70078146,0.6210716,0.6990399999999992,0.6370000000000003,0.70130575,0.634558
0.69513845,0.62653977,0.7122000000000013,0.690989999999999,0.70306176,0.69197446
0.7335928,0.22505951,0.7351647499999996,0.2319766984126983,0.7391324,0.22934967
0.7058029,0.6531194,0.7109999999999986,0.6850000000000018,0.7105853,0.69667363
0.7257588,0.17018074,0.7361909999999996,0.2469116666666666,0.73377246,0.1925705
0.74368876,0.20083469,0.7386799999999996,0.14671,0.7428361,0.19795275
0.74021024,0.22136766,0.727119999999999,0.164237,0.7480835,0.21448034
0.70791817,0.66315967,0.7120000000000019,0.6870000000000005,0.7082808,0.66585344
0.7307843,0.20554149,0.7370719999999997,0.2016198095238094,0.73093295,0.1966776
0.68684894,0.5638832,0.6079999999999988,0.2250000000000002,0.6951238,0.56727344
0.7394805,0.24845451,0.7449080000000001,0.223391261904762,0.74034643,0.23884143
0.70016867,0.66067266,0.6969700000000009,0.6514200000000007,0.70273095,0.6947596
0.7359191,0.23568434,0.7211966666666659,0.1755106666666665,0.74071604,0.2139427
0.7317481,0.22365892,0.7559614285714286,0.3483093492063491,0.7411523,0.23322639
0.70633686,0.67601395,0.7229999999999993,0.7299999999999993,0.7128174,0.7228406
0.7448763,0.2604608,0.7296441666666665,0.1798402499999999,0.73956233,0.2537361
0.6952578,0.6485146,0.6989999999999985,0.6670000000000015,0.70126665,0.6806429
0.6939862,0.618022,0.6979999999999997,0.6430000000000006,0.6948221,0.6745489
0.6819947,0.5075075,0.7027399999999993,0.6186800000000008,0.68299174,0.55463237
0.7413549,0.23549294,0.735098392857143,0.2110674285714285,0.7369301,0.21354368
0.7097477,0.6563254,0.7160000000000022,0.6870000000000038,0.71315485,0.69279605
0.7058029,0.6531194,0.7109999999999986,0.6850000000000018,0.7105853,0.69667363
0.694534,0.62945163,0.7070000000000001,0.6910000000000011,0.69977444,0.6965253
0.6952578,0.6485146,0.6989999999999985,0.6670000000000015,0.70126665,0.6806429
0.71673936,0.13772687,0.7187946666666657,0.1432133333333332,0.71991575,0.17335168
0.52692515,0.14040196,0.5078999999999999,0.10146,0.52197725,0.1488376
0.7472844,0.24820766,0.7492608611111108,0.2446867499999999,0.744513,0.25764614
0.70525414,0.6472079,0.7030300000000002,0.6610800000000004,0.70276487,0.6876587
0.72928065,0.18971896,0.7336257857142856,0.2135318333333333,0.73810023,0.20341796
0.749223,0.25377497,0.7375224999999997,0.2242699166666667,0.74268544,0.20618382
0.6580386,0.46463433,0.6030000000000011,0.1910000000000001,0.6536546,0.3720612
0.7387377,0.2183766,0.7442328571428567,0.2112056547619048,0.7417436,0.22682105
0.7250233,0.21314323,0.7101339999999996,0.1309449999999999,0.73026377,0.20816208
0.7177603,0.66736287,0.7260800000000003,0.6587200000000009,0.72652054,0.7234025
0.7257345,0.16624454,0.7357835,0.2170501666666667,0.73691016,0.19631653
0.7498805,0.27969533,0.7362283333333332,0.2283453333333334,0.7466954,0.24207844
0.73730975,0.23882031,0.7416584166666663,0.2280548333333333,0.7359019,0.22288996
0.733083,0.19864559,0.7260016388888886,0.1634223888888888,0.7286208,0.17618155
0.734658,0.22332358,0.7340200000000006,0.2129353253968254,0.73808134,0.2163119
0.7097477,0.6563254,0.7160000000000022,0.6870000000000038,0.71315485,0.69279605
0.7524127,0.28421825,0.7377075000000001,0.2388469999999999,0.7443907,0.21956006
0.73074263,0.24880433,0.7728100000000003,0.4780740000000004,0.732839,0.24616888
0.6972252,0.60506856,0.6766299999999991,0.5309400000000004,0.69325733,0.6366704
0.69655234,0.640739,0.706000000000001,0.6959999999999993,0.6991634,0.67977935
0.68723464,0.60494936,0.6779999999999988,0.5760000000000004,0.69025874,0.6620969
0.7357463,0.2074242,0.7368293650793646,0.2238866666666666,0.7435986,0.21960914
0.6996074,0.63206744,0.7020999999999998,0.62886,0.7064858,0.6459116
0.73940337,0.23909712,0.7347509999999994,0.2059063571428572,0.74214554,0.19515082
0.7129587,0.67313087,0.7119999999999991,0.6730000000000017,0.7148888,0.6860619
0.7133726,0.66683763,0.7389999999999997,0.7009999999999998,0.72573376,0.7346622
0.7044425,0.59942514,0.7107299999999991,0.6434400000000008,0.6980521,0.68397415
0.72170144,0.18085873,0.7330482857142857,0.2522025952380952,0.730264,0.202662
0.67592454,0.58910644,0.6809999999999989,0.6360000000000011,0.6770046,0.6331845
0.7275326,0.1749844,0.7309949999999996,0.1844548333333333,0.73229367,0.1919254
0.70090544,0.6194098,0.7189999999999996,0.6929999999999983,0.70443755,0.67247957
0.73108256,0.1972954,0.7343065714285715,0.198755,0.7347933,0.2090703
0.73359954,0.22275215,0.7140399999999998,0.1742700000000003,0.73403466,0.20869079
0.6779311,0.5272135,0.6790000000000007,0.5379999999999988,0.67450386,0.47811595
0.70140415,0.6689829,0.7079999999999989,0.7039999999999997,0.7090776,0.70885175
0.72901106,0.20388567,0.7261276071428568,0.1639533333333333,0.7280079,0.1732464
0.6800139,0.6024555,0.6846000000000005,0.6379999999999992,0.68297285,0.7030815
0.73877984,0.23191464,0.7455219047619047,0.2555604761904763,0.7383331,0.2300227
0.6857867,0.5887064,0.6910000000000011,0.6589999999999995,0.6909913,0.66569775
0.73344314,0.20941138,0.7352125833333331,0.2276540833333333,0.733307,0.2023384
0.7367532,0.22367215,0.7372311666666664,0.2164740476190474,0.744915,0.22538026
0.7195544,0.17420137,0.73445125,0.2019771666666666,0.7258791,0.18668583
0.74175525,0.23992592,0.7435884682539681,0.2542936666666669,0.7421471,0.25889444
0.6938027,0.6251184,0.6980499999999998,0.6457000000000012,0.69668436,0.68555474
0.7305466,0.18452707,0.7349399999999998,0.2132158333333332,0.7358195,0.2100181
0.6777264,0.5545868,0.6899999999999991,0.6520000000000009,0.67468464,0.615218
0.7228759,0.16334474,0.7227799999999992,0.1405264999999999,0.73281395,0.18790722
0.7449902,0.24427155,0.727845,0.1717699999999999,0.7443913,0.23350349
0.7058029,0.6531194,0.7109999999999986,0.6850000000000018,0.7105853,0.69667363
0.7376149,0.23017058,0.7315125000000003,0.1758526190476192,0.73622835,0.2033717
0.70010114,0.6500342,0.6949999999999997,0.6210000000000008,0.70221585,0.66402245
0.7443884,0.2599476,0.7232400000000001,0.1477270119047619,0.73913425,0.22233072
0.7322937,0.20213193,0.7373699999999999,0.2134383333333332,0.73933166,0.21261275
0.7029356,0.6451264,0.7029999999999975,0.6440000000000039,0.70833373,0.6949933
0.72519076,0.1899403,0.7380238333333334,0.2667797857142857,0.73188615,0.21351603
0.7020539,0.6571529,0.7177100000000018,0.7172300000000018,0.7209871,0.725045
0.7327844,0.20123923,0.7642325000000004,0.3432274285714281,0.72891134,0.19005905
0.6836196,0.542549,0.7129999999999999,0.6809999999999989,0.6879274,0.5918767
0.73106885,0.20519236,0.7374660952380954,0.2237565476190476,0.7319907,0.20178795
0.74487305,0.26060474,0.738977333333333,0.2258632500000001,0.7367083,0.22345749
0.7024416,0.6562838,0.6825700000000008,0.6165099999999997,0.7050217,0.6833063
0.7205273,0.1958259,0.7214387142857143,0.1874059999999999,0.7296305,0.22484635
0.7404417,0.23723009,0.783169999999998,0.4523599999999992,0.7390021,0.21671584
0.6638614,0.4737578,0.6469399999999998,0.4459000000000001,0.6626954,0.43133193
0.70672387,0.68088233,0.6949999999999996,0.6370000000000003,0.71171737,0.7050515
0.72728705,0.18921584,0.6886598333333334,0.2185061666666666,0.73130566,0.18653423
0.70436597,0.65315026,0.7060000000000002,0.671,0.7056846,0.6836332
0.72675383,0.18441343,0.7283508333333334,0.1827460793650794,0.727715,0.18710208
0.6646512,0.50274205,0.6569999999999981,0.4729999999999995,0.6627549,0.44774362
0.7094304,0.6806612,0.6980599999999997,0.6454199999999989,0.70994663,0.7001606
0.73142785,0.20647186,0.7330533333333338,0.2228066666666665,0.73322254,0.18894263
0.7243923,0.17534989,0.7213120000000001,0.1480135714285714,0.72528684,0.16903701
0.73998046,0.22506338,0.7317439999999996,0.2073324047619047,0.74253535,0.21734089
0.7159252,0.69471735,0.7186400000000001,0.6979999999999997,0.72165304,0.7141505
0.7349725,0.22072965,0.750020583333333,0.2811886926406928,0.7319314,0.19813293
0.7284274,0.21948445,0.7239759512987007,0.1771733798701297,0.73685193,0.25089672
0.6828171,0.6262238,0.6790000000000007,0.6490000000000008,0.6830997,0.65949875
0.68044674,0.5758805,0.6790000000000007,0.5880000000000006,0.6810588,0.5791629
0.7346502,0.21039477,0.7447550000000003,0.2300570000000001,0.7448469,0.23903868
0.6952578,0.6485146,0.6989999999999985,0.6670000000000015,0.70126665,0.6806429
0.7298971,0.19271362,0.7305749166666667,0.1928553809523809,0.7334235,0.21829161
0.7387121,0.22568476,0.7301062142857142,0.2068224047619047,0.7398269,0.21124831
0.7357639,0.2080394,0.7389999999999998,0.2267289999999999,0.7415376,0.23746225
0.70010114,0.6500342,0.6949999999999997,0.6210000000000008,0.70221585,0.66402245
0.6749136,0.56449914,0.6629999999999984,0.5510000000000004,0.66455483,0.61589986
0.6988882,0.5860444,0.6693299999999998,0.3979500000000003,0.70174253,0.59069556
0.5262029,0.14243215,0.5192900000000003,0.1084,0.50945085,0.1971784
0.69151664,0.6348653,0.6939800000000008,0.6185900000000006,0.70226794,0.61727256
0.7023597,0.6617637,0.6959999999999993,0.6379999999999995,0.7057737,0.6799224
0.7366077,0.2336247,0.7351291666666662,0.2199928333333334,0.7370537,0.21616371
0.73159236,0.19661883,0.7328303333333334,0.206207,0.7404142,0.20796472
0.7318994,0.23901293,0.7473799999999998,0.3217924999999993,0.7369957,0.25557172
0.74550915,0.24849474,0.7291234285714282,0.2029299999999999,0.7360472,0.18959275
0.6974945,0.64349675,0.7019999999999985,0.6559999999999995,0.7007081,0.67218584
0.6766876,0.55135226,0.694060000000001,0.6322699999999987,0.66946465,0.6009371
0.7410948,0.23073629,0.739045833333333,0.231699880952381,0.7391566,0.21680273
0.7229816,0.15062404,0.7161186666666667,0.1244864999999999,0.72317386,0.17829192
0.69813704,0.62577266,0.6848600000000009,0.6068099999999987,0.7048415,0.7169018
0.6969422,0.6293841,0.6899999999999991,0.6199999999999989,0.702845,0.6844267
0.7267892,0.1938613,0.741807,0.2335397142857143,0.73345083,0.2095105
0.70150334,0.6491554,0.7040799999999998,0.6363200000000003,0.7041793,0.6841814
0.72658235,0.17271388,0.7236269999999991,0.1782693333333332,0.73234826,0.18584529
0.67592454,0.58910644,0.6809999999999989,0.6360000000000011,0.6770046,0.6331845
0.70608586,0.6484482,0.720999999999999,0.6970000000000012,0.70925486,0.694307
0.6777264,0.5545868,0.6899999999999991,0.6520000000000009,0.67468464,0.615218
0.7345225,0.22168106,0.7224994047619046,0.1908196428571428,0.7337757,0.21334791
0.727764,0.16607884,0.7246788333333334,0.1532191547619047,0.72621965,0.17516118
0.72373956,0.16860497,0.7303531666666666,0.1886154444444444,0.72978485,0.18670581
0.7097477,0.6563254,0.7160000000000022,0.6870000000000038,0.71315485,0.69279605
0.694518,0.609691,0.7245200000000003,0.7326199999999996,0.69091916,0.57796276
0.7033587,0.6942713,0.6979999999999997,0.677,0.70842206,0.7315683
0.7385408,0.24905401,0.7344801666666665,0.2324574523809525,0.7410741,0.2148364
0.73331046,0.20770922,0.7379999999999995,0.2419035714285714,0.733088,0.2424875
0.6894866,0.5795845,0.7019999999999988,0.6289999999999991,0.6954481,0.6501337
0.7355586,0.21550679,0.7336589999999995,0.19336,0.7336858,0.2206428
0.73461425,0.23202014,0.720600476190476,0.158825,0.7345599,0.19643968
0.67676455,0.5754438,0.6945600000000008,0.6749900000000006,0.6842209,0.703023
0.7349436,0.2316392,0.7801174999999984,0.4550100000000007,0.7381305,0.2353527
0.6749136,0.56449914,0.6629999999999984,0.5510000000000004,0.66455483,0.61589986
0.71529734,0.6826232,0.7039999999999996,0.6289999999999992,0.7186608,0.69105846
0.7156141,0.674485,0.7389999999999997,0.7369999999999998,0.7175502,0.70743287
0.73649406,0.25025737,0.7302350000000001,0.190234,0.73758566,0.25908738
0.7037915,0.68643415,0.7076699999999989,0.710989999999999,0.709756,0.6973852
0.73151493,0.18954527,0.7309725000000004,0.1998177857142856,0.7286681,0.1808507
0.66269624,0.4561841,0.6476999999999998,0.4794099999999998,0.6605373,0.38099742
0.72778976,0.19752735,0.7410784523809524,0.2615091666666667,0.73551404,0.22533268
0.67487293,0.5459118,0.6816600000000003,0.47836,0.66803265,0.5740264
0.7466356,0.25176615,0.7364174999999993,0.2015050000000003,0.74066097,0.21622582
0.6789788,0.18073666,0.6846199999999999,0.2275559999999998,0.6875708,0.24638414
0.7097477,0.6563254,0.7160000000000022,0.6870000000000038,0.71315485,0.69279605
0.70791817,0.66315967,0.7120000000000019,0.6870000000000005,0.7082808,0.66585344
0.7058029,0.6531194,0.7109999999999986,0.6850000000000018,0.7105853,0.69667363
0.68905,0.61782426,0.69336,0.60331,0.69716465,0.6814457
0.737886,0.2262375,0.7145999999999997,0.1115125000000001,0.73673236,0.1917246
0.72676396,0.17971501,0.7240999999999991,0.1554589761904762,0.7338197,0.19793327
0.70791817,0.66315967,0.7120000000000019,0.6870000000000005,0.7082808,0.66585344
0.67272747,0.57880354,0.6870900000000008,0.67613,0.6758052,0.6705709
0.7468349,0.254304,0.7424866666666662,0.2520299999999999,0.7407385,0.19347136
0.70903885,0.66521543,0.703550000000001,0.63377,0.70832473,0.7038456
0.71407866,0.20483497,0.719115333333333,0.1914074999999999,0.7184707,0.17800504
0.7358128,0.26928976,0.7158014166666671,0.1965799999999999,0.73508847,0.29729354
0.6950526,0.6123062,0.6929999999999992,0.6109999999999989,0.6992123,0.66515094
0.73668736,0.19027635,0.7372274999999996,0.2132728333333333,0.7371157,0.19551277
0.7077411,0.65023685,0.7229999999999993,0.7049999999999987,0.716035,0.70890224
0.7029356,0.6451264,0.7029999999999975,0.6440000000000039,0.70833373,0.6949933
0.6972554,0.589288,0.6989999999999994,0.5670000000000001,0.70518476,0.6394356
0.69017506,0.632095,0.7039499999999994,0.6357199999999996,0.69371736,0.70383346
0.547637,0.18159205,0.53376,0.13259,0.52661234,0.18782702
0.70519793,0.6847054,0.70675,0.6950399999999998,0.717667,0.7106425
0.70041263,0.6217951,0.7269999999999992,0.7139999999999991,0.7051301,0.6819933
0.6853856,0.5694124,0.6654699999999998,0.4881199999999998,0.6863203,0.58563906
0.70140415,0.6689829,0.7079999999999989,0.7039999999999997,0.7090776,0.70885175
0.7160523,0.16189373,0.7342275,0.2185053333333333,0.728405,0.1805115
0.747643,0.27867907,0.7594790000000002,0.2643749999999999,0.7440841,0.23342751
0.5585444,0.25795597,0.5264000000000003,0.16477,0.5379868,0.2696495
0.70436597,0.65315026,0.7060000000000002,0.671,0.7056846,0.6836332
0.7349427,0.24539477,0.740170833333333,0.2487616388888889,0.7405808,0.25475332
0.7182322,0.2002691,0.7244646666666666,0.2145148571428572,0.715039,0.18457559
0.7405292,0.25553834,0.7249424999999995,0.1993,0.7400017,0.24656281
0.7235664,0.19241029,0.7095000000000016,0.1492400000000001,0.7289766,0.20261261
0.69924164,0.6787261,0.6940700000000011,0.6659999999999985,0.7011548,0.72996455
0.70781827,0.62182534,0.6948000000000011,0.5522899999999995,0.7114565,0.63990766
0.7161623,0.16825795,0.7014813333333333,0.0888354999999999,0.7207521,0.18957788
0.7265599,0.2054295,0.7139600000000015,0.1370834523809523,0.72864485,0.19724521
0.6960072,0.62098855,0.6946799999999996,0.6341799999999995,0.70059663,0.70183486
0.7372273,0.21787387,0.7200900000000015,0.1364063333333333,0.7365773,0.20029739
0.73996514,0.24038005,0.7372148333333334,0.2433099523809523,0.73765886,0.21890353
0.73672235,0.22962672,0.756738,0.3587911666666666,0.73679423,0.2042111
0.73137903,0.19420168,0.7374899999999996,0.2212289999999998,0.73431623,0.18522719
0.6819801,0.5870902,0.6739999999999999,0.5540000000000005,0.678565,0.5773664
0.71865827,0.6910781,0.7280000000000004,0.719999999999999,0.7194066,0.728761
0.7396715,0.22093183,0.7405799999999998,0.236585,0.7501772,0.24046613
0.72602725,0.19866258,0.7073241666666674,0.1114430952380953,0.7301919,0.18200593
0.7331046,0.24074757,0.7216999999999993,0.2206099166666666,0.73922807,0.24209231
0.7284404,0.16783947,0.7306478333333333,0.180605111111111,0.73214805,0.19221766
0.7311853,0.18995908,0.7367831666666664,0.2008594999999999,0.73598117,0.19661471
0.7136525,0.20271736,0.7430554166666665,0.3149213333333331,0.7215307,0.18899797
0.7130776,0.66598475,0.718999999999999,0.6800000000000016,0.7178915,0.6967228
0.71529734,0.6826232,0.7039999999999996,0.6289999999999992,0.7186608,0.69105846
0.6676314,0.48995572,0.622,0.218,0.6592589,0.33924413
0.7241761,0.15167677,0.7264109722222218,0.1861680833333332,0.7280103,0.18984765
0.73659587,0.23371962,0.7323233333333339,0.2030650000000001,0.7402454,0.23344338
0.6866861,0.58846414,0.6850000000000009,0.6430000000000006,0.6902529,0.6722318
0.6950526,0.6123062,0.6929999999999992,0.6109999999999989,0.6992123,0.66515094
0.68984103,0.6172647,0.7150000000000019,0.7229999999999994,0.6919626,0.6874327
0.69347984,0.6082202,0.7035999999999999,0.6510600000000006,0.6923894,0.62768775
0.6889106,0.60251546,0.7049999999999987,0.6889999999999995,0.693114,0.65526676
0.73933196,0.2292664,0.7366089523809523,0.222928,0.74256086,0.23254788
0.73990244,0.24090719,0.7298563333333334,0.2173972857142857,0.73462623,0.20055246
0.7295899,0.19944793,0.7298164999999998,0.1780589285714283,0.733217,0.2007104
0.7023597,0.6617637,0.6959999999999993,0.6379999999999995,0.7057737,0.6799224
0.736988,0.22745055,0.7340403333333329,0.2028216666666668,0.7356129,0.21496287
0.735334,0.21527153,0.7453894047619045,0.2464004999999998,0.73898685,0.22519422
0.70001364,0.6234343,0.6404599999999998,0.3790100000000002,0.69942296,0.5580626
0.7034868,0.6665494,0.6929999999999992,0.627000000000001,0.7063234,0.6720044
0.74601436,0.23018128,0.7395957142857141,0.2266299999999999,0.7460643,0.2338813
0.7359959,0.21101028,0.7434303333333331,0.2665841666666667,0.73543054,0.24435481
0.7258903,0.1991151,0.7253454999999996,0.1994513333333333,0.7336981,0.20532954
0.71041644,0.6580057,0.7250000000000001,0.7019999999999986,0.71477365,0.7298763
0.7384632,0.23775318,0.7319599999999994,0.2077164444444443,0.7387532,0.23981181
0.7058029,0.6531194,0.7109999999999986,0.6850000000000018,0.7105853,0.69667363
0.70057654,0.62588125,0.7169199999999993,0.65256,0.69495356,0.61646444
0.68044674,0.5758805,0.6790000000000007,0.5880000000000006,0.6810588,0.5791629
0.7285734,0.18854004,0.7221383333333334,0.1498357142857143,0.7370198,0.18781675
0.71635133,0.14167774,0.7190423589743589,0.1505812857142855,0.71663433,0.15067005
0.73035103,0.18506488,0.7159150000000016,0.1314149999999998,0.73230726,0.19035092
0.73136765,0.2036697,0.7387958333333331,0.2254293571428571,0.7258861,0.20262152
0.69892836,0.6289387,0.7028699999999989,0.6567700000000011,0.71144104,0.6878042
0.7254304,0.15527141,0.7293574999999999,0.1958376666666666,0.7334475,0.20144914
0.7318922,0.19501328,0.7285319999999996,0.1801206666666667,0.73230004,0.1940172
0.73894954,0.23503694,0.7226042857142855,0.1371134047619047,0.74293643,0.21855626
0.72996014,0.182278,0.7157622222222223,0.1372283333333332,0.7291014,0.20728901
0.70672387,0.68088233,0.6949999999999996,0.6370000000000003,0.71171737,0.7050515
0.7434511,0.26158586,0.7683269285714285,0.3992889761904766,0.7422807,0.28333768
0.71529734,0.6826232,0.7039999999999996,0.6289999999999992,0.7186608,0.69105846
0.71529734,0.6826232,0.7039999999999996,0.6289999999999992,0.7186608,0.69105846
0.6818023,0.60789794,0.6938999999999994,0.6465399999999998,0.6972005,0.69308513
0.72249174,0.18788755,0.7243123809523806,0.2175283333333333,0.7272781,0.1948249
0.69983685,0.64636725,0.7280000000000002,0.7359999999999995,0.70207745,0.7201821
0.7390697,0.25859407,0.7188412023809525,0.1551460476190477,0.73377883,0.24298277
0.74390763,0.24387512,0.7316200000000002,0.1906282727272726,0.7453772,0.22336927
0.7055444,0.60721934,0.6825399999999995,0.5151399999999997,0.71171075,0.71212274
0.7310235,0.1768809,0.7378489999999996,0.2185009999999999,0.72944915,0.19214725
0.72688407,0.17730626,0.7317416666666665,0.2016895238095238,0.7324084,0.17721882
0.6674026,0.53079265,0.6499999999999991,0.4570000000000006,0.65978277,0.45373452
0.67753863,0.52312535,0.6513599999999999,0.3408,0.6699758,0.5204383
0.64898694,0.43254673,0.6490000000000008,0.4229999999999997,0.6424374,0.3713043
0.7029356,0.6451264,0.7029999999999975,0.6440000000000039,0.70833373,0.6949933
0.7058029,0.6531194,0.7109999999999986,0.6850000000000018,0.7105853,0.69667363
0.7129587,0.67313087,0.7119999999999991,0.6730000000000017,0.7148888,0.6860619
0.649738,0.45429933,0.65063,0.4542399999999997,0.6328246,0.4881519
0.68073165,0.5009425,0.6866899999999992,0.5313300000000006,0.6803613,0.5509581
0.68925804,0.6199511,0.7007599999999989,0.6989199999999998,0.6998507,0.68701154
0.68982124,0.585198,0.6949999999999997,0.6370000000000003,0.69623005,0.64610934
0.7334153,0.21557522,0.733115,0.1983504999999998,0.74177635,0.23510438
0.6749136,0.56449914,0.6629999999999984,0.5510000000000004,0.66455483,0.61589986
0.7294569,0.19588012,0.724422499999999,0.1632391666666665,0.72609663,0.16842431
0.70633686,0.67601395,0.7229999999999993,0.7299999999999993,0.7128174,0.7228406
0.73309624,0.20708638,0.7346286666666662,0.2059968333333333,0.7367781,0.21671923
0.73021114,0.23231101,0.7398119047619045,0.259429380952381,0.73987186,0.27742082
0.71862346,0.18487653,0.703078333333332,0.1300350000000001,0.7266687,0.20747244
0.73754907,0.23312736,0.7305295000000003,0.2372755,0.7377392,0.21760893
0.72843665,0.18517017,0.7306562380952377,0.1995031666666667,0.72553194,0.17647979
0.70010114,0.6500342,0.6949999999999997,0.6210000000000008,0.70221585,0.66402245
0.7385371,0.23067832,0.7306599999999994,0.1810650000000002,0.7442466,0.23521811
0.7097477,0.6563254,0.7160000000000022,0.6870000000000038,0.71315485,0.69279605
0.7336075,0.21428919,0.7272089047619046,0.1717088333333333,0.7373624,0.2129851
0.71307755,0.66598463,0.718999999999999,0.6800000000000016,0.71789145,0.6967228
0.69003594,0.63721514,0.6820000000000008,0.6390000000000012,0.6901663,0.6841242
0.67523134,0.5242343,0.6241999999999992,0.3166600000000004,0.6687949,0.5246313
0.7367012,0.21923321,0.7357049999999994,0.1993259523809525,0.7335077,0.21882448
0.7334153,0.21557522,0.733115,0.1983504999999998,0.74177635,0.23510438
0.723169,0.1998378,0.7322956666666666,0.2277570000000001,0.73380494,0.22239763
0.7305153,0.2384708,0.7528550000000002,0.3835703333333336,0.7311459,0.2352145
0.69085586,0.61842823,0.6910000000000011,0.6809999999999989,0.7012017,0.69420606
0.7364391,0.24560723,0.7357839999999999,0.2418540952380951,0.7429229,0.2492705
0.70090544,0.6194098,0.7189999999999996,0.6929999999999983,0.70443755,0.67247957
0.7130776,0.66598475,0.718999999999999,0.6800000000000016,0.7178915,0.6967228
0.5180685,0.091190875,0.5280900000000002,0.12298,0.5210274,0.20655823
0.7097477,0.6563254,0.7160000000000022,0.6870000000000038,0.71315485,0.69279605
0.71291345,0.14498311,0.7048499999999989,0.1065133333333333,0.72039044,0.15345906
0.74748266,0.2603938,0.7675716666666668,0.3603657142857143,0.7552664,0.26104182
0.68982124,0.585198,0.6949999999999997,0.6370000000000003,0.69623005,0.64610934
0.6967213,0.60928094,0.7039999999999997,0.664000000000001,0.68914616,0.6180701
0.72960216,0.19972375,0.7265399999999994,0.1649860000000001,0.72905284,0.20216405
0.7373452,0.21222892,0.7402031666666666,0.2234838333333333,0.73904073,0.2124796
0.7318984,0.24416804,0.7422071428571426,0.30888,0.73543906,0.24560274
0.72506815,0.2101447,0.737853333333333,0.3239075714285713,0.7293525,0.22589463
0.6950526,0.6123062,0.6929999999999992,0.6109999999999989,0.6992123,0.66515094
0.7323485,0.20875746,0.7254389999999991,0.1710485833333333,0.7394161,0.22816084
0.73299813,0.22805628,0.7179400000000001,0.162483333333333,0.73758674,0.21606605
0.7383381,0.21793833,0.7307588095238089,0.1798255,0.73658943,0.19203296
0.6793658,0.54836625,0.6319999999999992,0.2480000000000002,0.6709591,0.4289528
0.74017346,0.23746383,0.7397812500000002,0.218830976190476,0.741899,0.23134053
0.65802515,0.4823414,0.624439999999999,0.2580299999999997,0.65485555,0.428303
0.6859069,0.5929034,0.6749999999999987,0.546999999999999,0.6764064,0.5246617
0.65100217,0.44157416,0.6536300000000016,0.4809999999999992,0.64742005,0.45978346
0.7255064,0.19527605,0.7390981666666667,0.2349774999999999,0.7321519,0.21193525
0.70090544,0.6194098,0.7189999999999996,0.6929999999999983,0.70443755,0.67247957
0.72778785,0.177598,0.7292072142857142,0.1796962976190475,0.73652196,0.1889736
0.738898,0.23244882,0.7384490714285711,0.2454609047619048,0.7456265,0.24154001
0.73169684,0.2010141,0.7229799999999992,0.1507491666666667,0.7368461,0.19184896
0.7336502,0.20773095,0.7277285000000002,0.1844833333333332,0.72932047,0.19512163
0.7479988,0.27398923,0.7265950000000002,0.1579170476190475,0.7461379,0.26313698
0.73470396,0.23601156,0.7459329999999997,0.2730792142857143,0.73575926,0.21549603
0.72957826,0.20923951,0.7341700000000005,0.2191949999999998,0.7386852,0.23727348
0.7348946,0.20673025,0.7340642857142855,0.2042599999999998,0.73076165,0.20354638
0.7029356,0.6451264,0.7029999999999975,0.6440000000000039,0.70833373,0.6949933
0.68798244,0.5603322,0.6319999999999992,0.3009999999999993,0.685624,0.55128795
0.71865827,0.6910781,0.7280000000000004,0.719999999999999,0.7194066,0.728761
0.75241584,0.28037354,0.7342561666666663,0.2412821666666667,0.7387934,0.23044358
0.7469957,0.27404016,0.7735500000000002,0.4529195000000006,0.74468416,0.3071487
0.69583666,0.6192772,0.7239999999999991,0.7289999999999993,0.6976529,0.7111419
0.7272452,0.19441083,0.7364066666666667,0.1988063333333333,0.7315606,0.19427967
0.7369356,0.21996003,0.7261250000000002,0.1777616666666669,0.7385639,0.21698046
0.73227215,0.19956636,0.7289833333333333,0.1982379523809524,0.7361065,0.1925417
0.7422829,0.25724304,0.7351728571428567,0.2129716666666667,0.74189234,0.21346125
0.72832406,0.2143488,0.7278274166666664,0.1843655,0.73440146,0.20018958
0.7029356,0.6451264,0.7029999999999975,0.6440000000000039,0.70833373,0.6949933
0.69305503,0.63060033,0.6965399999999999,0.63369,0.7026166,0.68362725
0.69493234,0.64520836,0.7009999999999996,0.6689999999999984,0.69777215,0.6664391
0.730473,0.20834604,0.71902,0.1447506111111111,0.7365039,0.27544582
0.7464025,0.23710397,0.7372699999999998,0.1456899999999998,0.7408359,0.21425578
0.7367955,0.2100245,0.7341821666666667,0.1968000238095237,0.73875266,0.2019005
0.7029356,0.6451264,0.7029999999999975,0.6440000000000039,0.70833373,0.6949933
0.7160409,0.17944127,0.7303499999999995,0.2832611111111106,0.7214736,0.17561543
0.7450497,0.24449864,0.7949746666666664,0.4858466666666662,0.74744153,0.22201768
0.7442365,0.29412928,0.7551041666666667,0.3012496904761905,0.74612284,0.3357511
0.7060561,0.64248914,0.7139399999999999,0.6466299999999996,0.7110563,0.70313865
0.7426389,0.24814916,0.7356099999999995,0.2157091666666666,0.7470928,0.25740814
0.7315769,0.20351407,0.7412399999999998,0.2625200000000006,0.7337631,0.21423557
0.72892386,0.20577902,0.7269903333333331,0.1892549999999999,0.73375416,0.20676522
0.7129587,0.67313087,0.7119999999999991,0.6730000000000017,0.7148888,0.6860619
0.72749645,0.19092676,0.7336359523809526,0.2165666666666667,0.7315122,0.2028341
0.73989284,0.23322934,0.7262520000000001,0.1776120000000001,0.733117,0.19825967
0.70090544,0.6194098,0.7189999999999996,0.6929999999999983,0.70443755,0.67247957
0.74153984,0.2615523,0.740181833333333,0.2488502380952379,0.74135154,0.24960506
0.6580386,0.46463433,0.6030000000000011,0.1910000000000001,0.6536546,0.3720612
0.70436597,0.65315026,0.7060000000000002,0.671,0.7056846,0.6836332
0.69592595,0.6011852,0.6949999999999997,0.6450000000000015,0.70246166,0.6621499
0.7029356,0.6451264,0.7029999999999975,0.6440000000000039,0.70833373,0.6949933
0.70278513,0.6426539,0.7143400000000016,0.6911500000000009,0.71203834,0.69513613
0.7232949,0.19904017,0.7316656515151512,0.257770523809524,0.7328763,0.22770447
0.65100217,0.44157416,0.6536300000000016,0.4809999999999992,0.64742005,0.45978346
0.5277212,0.13210791,0.5199300000000001,0.13231,0.5142735,0.16937126
0.74369776,0.2526431,0.7404784523809518,0.2411038928571427,0.74544865,0.24373962
0.69652915,0.2917424,0.6799299999999999,0.2639908333333332,0.6852853,0.23583123
0.5082668,0.07353532,0.5139900000000004,0.11574,0.517268,0.19049096
0.7301821,0.20560113,0.714980000000002,0.1387236107503607,0.7330501,0.20835754
0.6923044,0.6037367,0.6954699999999993,0.62697,0.69380647,0.6264525
0.6952578,0.6485146,0.6989999999999985,0.6670000000000015,0.70126665,0.6806429
0.7284162,0.20191354,0.7101400000000015,0.1336358095238096,0.73600525,0.20079151
0.64898694,0.43254673,0.6490000000000008,0.4229999999999997,0.6424374,0.3713043
0.7029356,0.6451264,0.7029999999999975,0.6440000000000039,0.70833373,0.6949933
0.7237189,0.19537812,0.7238620000000003,0.233496196969697,0.7316271,0.21450219
0.6987998,0.6466546,0.6986199999999999,0.65399,0.701606,0.67917687
0.7345988,0.21864891,0.7339558690476186,0.2103765,0.7343042,0.2057256
0.7394698,0.228353,0.7379026666666667,0.2199749898989897,0.73942626,0.25805923
0.7434086,0.25502586,0.748826666666667,0.2696800000000003,0.74652505,0.23698106
0.69317865,0.59705794,0.7129999999999999,0.6899999999999991,0.688922,0.612164
0.6974945,0.64349675,0.7019999999999985,0.6559999999999995,0.7007081,0.67218584
0.7315645,0.18419468,0.7545561666666666,0.292403,0.74313176,0.21583283
0.73696667,0.2451205,0.7429598809523803,0.2997132857142854,0.7358822,0.24684465
0.72993004,0.2183007,0.7331294999999999,0.2549766428571429,0.73288584,0.21312243
0.73951983,0.23260438,0.7315103333333332,0.1908224999999999,0.7386537,0.20457014
0.7029356,0.6451264,0.7029999999999975,0.6440000000000039,0.70833373,0.6949933
0.70247,0.6613997,0.7030000000000014,0.6659999999999985,0.7033946,0.692787
0.68247753,0.5827216,0.6949999999999997,0.625,0.68815386,0.6145639
0.69583917,0.6355732,0.7039999999999997,0.6499999999999991,0.6986185,0.67331284
0.7442387,0.2598825,0.7383293333333334,0.2287580714285715,0.7394248,0.22077358
0.7199622,0.17448327,0.7325474166666665,0.1959019047619046,0.7247786,0.18043545
0.7377205,0.21448886,0.7386946666666663,0.2266950000000003,0.73763436,0.22278902
0.6504086,0.47808266,0.6925400000000004,0.6209633333333324,0.6611731,0.5680925
0.72020966,0.1730321,0.7242124999999993,0.1735014999999997,0.7309372,0.2039639
0.7296041,0.18974587,0.7213574999999993,0.147845,0.7362088,0.18969998
0.7267964,0.20250452,0.7055499999999999,0.1184482619047619,0.7349752,0.19620067
0.73402303,0.20599335,0.7255171309523811,0.161122630952381,0.7384449,0.2063137
0.69655234,0.640739,0.706000000000001,0.6959999999999993,0.6991634,0.67977935
0.73243546,0.20703521,0.7247440000000002,0.1615984999999999,0.73830986,0.20876794
0.68682563,0.56424814,0.6767199999999997,0.5150399999999999,0.67886174,0.42790508
0.6937672,0.610448,0.7019999999999986,0.6400000000000005,0.69647175,0.63224834
0.7242925,0.18524867,0.7232160000000001,0.1543676666666666,0.7265092,0.16759628
0.70265824,0.6342083,0.6927999999999992,0.6409100000000003,0.706612,0.65915793
0.7361713,0.2392137,0.7325813333333333,0.2164540952380951,0.732039,0.2059902
0.6819801,0.5870902,0.6739999999999999,0.5540000000000005,0.678565,0.5773664
0.6954705,0.5813674,0.7010099999999991,0.5773200000000004,0.6961677,0.6531922
0.7372201,0.21740952,0.7402743333333333,0.2241856666666668,0.7383913,0.20866603
0.6849866,0.6198601,0.6883299999999999,0.6177700000000003,0.68737704,0.68152845
0.70090544,0.6194098,0.7189999999999996,0.6929999999999983,0.70443755,0.67247957
0.6881722,0.57714725,0.6979999999999997,0.6310000000000001,0.69254076,0.6379797
0.7497747,0.2737067,0.7491366666666667,0.27788,0.7428489,0.23147091
0.7029356,0.6451264,0.7029999999999975,0.6440000000000039,0.70833373,0.6949933
0.6952578,0.6485146,0.6989999999999985,0.6670000000000015,0.70126665,0.6806429
0.6998472,0.64256835,0.7126000000000013,0.6936199999999996,0.71233594,0.73636764
0.68593144,0.5764927,0.6949999999999997,0.6199999999999989,0.6967182,0.6191585
0.7335329,0.20983723,0.7344489999999996,0.2139540238095237,0.73806596,0.21254084
0.6971224,0.63315094,0.7039999999999997,0.6629999999999984,0.696048,0.6676305
0.706914,0.6871661,0.7019999999999987,0.6839999999999989,0.70737326,0.698592
0.7148576,0.666628,0.7280000000000004,0.7160000000000001,0.7210172,0.72206146
0.7397071,0.23960799,0.7266749999999993,0.1690017500000001,0.739644,0.21065176
0.661656,0.47792438,0.66133,0.4270499999999998,0.6579139,0.4198935
0.6972554,0.589288,0.6989999999999994,0.5670000000000001,0.70518476,0.6394356
0.7349763,0.20947233,0.7272724999999997,0.1657166666666665,0.7282168,0.17650776
0.68982124,0.585198,0.6949999999999997,0.6370000000000003,0.69623005,0.64610934
0.7282455,0.1964418,0.735543857142857,0.2260576666666665,0.7319382,0.19741488
0.72902536,0.19442552,0.7387456666666664,0.248223857142857,0.73968256,0.23327464
0.68684894,0.5638832,0.6079999999999988,0.2250000000000002,0.6951238,0.56727344
0.6755289,0.5736755,0.6830000000000004,0.6649999999999996,0.6729253,0.6659933
0.7018895,0.65900505,0.7139399999999992,0.7096699999999995,0.703842,0.69901675
0.6867542,0.5848392,0.6751900000000007,0.54616,0.70476776,0.6622528
0.6777264,0.5545868,0.6899999999999991,0.6520000000000009,0.67468464,0.615218
0.65863943,0.47190505,0.6139199999999991,0.2792299999999998,0.6485268,0.3937989
0.7130776,0.66598475,0.718999999999999,0.6800000000000016,0.7178915,0.6967228
0.69592595,0.6011852,0.6949999999999997,0.6450000000000015,0.70246166,0.6621499
0.73170483,0.19643295,0.7390199047619049,0.2296689444444444,0.7331358,0.19182104
0.73655057,0.21271682,0.7344699999999996,0.2092866666666665,0.7367432,0.20374902
0.56668496,0.24410158,0.53626,0.13837,0.5509837,0.21061826
0.73986244,0.25414222,0.7306220714285714,0.2515841666666666,0.73677737,0.25995904
0.7046937,0.6855258,0.7069999999999999,0.6719999999999987,0.7068255,0.70592386
0.7097477,0.6563254,0.7160000000000022,0.6870000000000038,0.71315485,0.69279605
0.70436597,0.65315026,0.7060000000000002,0.671,0.7056846,0.6836332
0.70436597,0.65315026,0.7060000000000002,0.671,0.7056846,0.6836332
0.7046937,0.6855258,0.7069999999999999,0.6719999999999987,0.7068255,0.70592386
0.7132329,0.115466654,0.7290039999999998,0.2019808333333334,0.71819097,0.16971546
0.69511557,0.62776816,0.6900200000000001,0.60936,0.699926,0.67647195
0.7333704,0.21869603,0.7493229444444442,0.2731574285714285,0.7449237,0.27672473
0.73692644,0.23117456,0.7515500000000003,0.2589446666666669,0.72967386,0.19302745
0.72618836,0.17097265,0.7338400000000002,0.2155650000000004,0.7261307,0.19828397
0.6889106,0.60251546,0.7049999999999987,0.6889999999999995,0.693114,0.65526676
0.6708755,0.49874198,0.6482999999999999,0.3593999999999999,0.6614889,0.57844293
0.72181857,0.16224098,0.7283616666666667,0.182526,0.7295512,0.18389902
0.6706655,0.52425385,0.6869999999999991,0.6019999999999986,0.6674534,0.56995577
0.7410355,0.23855719,0.7861733333333335,0.4710715000000003,0.74047714,0.2180152
0.68684894,0.5638832,0.6079999999999988,0.2250000000000002,0.6951238,0.56727344
0.7306026,0.22241637,0.7242141904761904,0.194105619047619,0.7315292,0.19032085
0.6995576,0.665805,0.6970000000000012,0.6360000000000011,0.7068691,0.7063897
0.73244286,0.19962582,0.7261416666666659,0.1827829999999998,0.7238478,0.1768968
0.74110943,0.24306434,0.7393309523809528,0.2448820476190472,0.74347436,0.22784866
0.6804144,0.57050145,0.664000000000001,0.4930000000000003,0.67797995,0.5484175
0.7345453,0.24243522,0.7353179523809523,0.2452456309523809,0.73992914,0.2522657
0.7315059,0.21851507,0.7551468333333335,0.3092807857142859,0.72752905,0.18737979
0.7029356,0.6451264,0.7029999999999975,0.6440000000000039,0.70833373,0.6949933
0.6767925,0.57794297,0.6592099999999995,0.5409999999999989,0.67688215,0.66282386
0.70580304,0.6531193,0.7109999999999986,0.6850000000000018,0.7105853,0.6966736
0.72604376,0.1891573,0.7360581666666661,0.2114019999999999,0.7269847,0.20358236
0.7409848,0.24699062,0.7742483809523809,0.4043100714285716,0.7471881,0.2612846
0.729559,0.18611199,0.7278038333333332,0.1767386785714282,0.7290945,0.19545458
0.69907737,0.63017875,0.6949999999999997,0.6409999999999988,0.70065975,0.6654883
0.72697014,0.18679565,0.730908333333333,0.2112279999999999,0.72920144,0.19286242
0.67878115,0.5614824,0.6979999999999997,0.6719999999999987,0.68590665,0.61548036
0.69096684,0.59741235,0.6959999999999993,0.6800000000000002,0.69374377,0.6508917
0.7299873,0.2064443,0.7381633333333327,0.2097046666666666,0.7385283,0.2240195
0.7375996,0.21575317,0.7333616666666662,0.2055803333333332,0.7406301,0.20968352
0.7348813,0.22637767,0.7229816666666664,0.1835916666666666,0.729987,0.19510427
0.73828673,0.22758493,0.7281309285714285,0.183685357142857,0.73742855,0.21438965
0.7033299,0.17935425,0.71335,0.1975203333333333,0.7076028,0.17245033
0.7224652,0.18110532,0.7282741666666662,0.1939590555555555,0.729375,0.1828465
0.699175,0.66506296,0.7049999999999987,0.6860000000000005,0.7013126,0.7084812
0.72118545,0.15365326,0.7241343809523808,0.1639553571428571,0.7214434,0.17590253
0.732121,0.21955144,0.7367729999999999,0.2669729999999997,0.72831416,0.18710943
0.7282406,0.19528252,0.7311175,0.2048405,0.7330288,0.19030717
0.73316664,0.21754548,0.7372399999999996,0.2342599999999996,0.73471224,0.21816473
0.6884907,0.57934517,0.6300000000000011,0.2920000000000006,0.6827221,0.516939
0.74062324,0.23583338,0.7541300000000001,0.3031447936507933,0.7357353,0.2364592
0.74080205,0.23417631,0.7761164285714294,0.4109700000000004,0.7216759,0.20918626
0.7418745,0.24191543,0.7346182142857143,0.1948658333333334,0.73713034,0.22580674
0.50699043,0.0801155,0.5281499999999992,0.1496200000000002,0.51389855,0.19831204
0.70877945,0.6825115,0.720999999999999,0.704,0.70853215,0.7047432
0.7029356,0.6451264,0.7029999999999975,0.6440000000000039,0.70833373,0.6949933
0.6748695,0.5719899,0.6465599999999995,0.3911100000000004,0.6702608,0.55702835
0.7097477,0.6563254,0.7160000000000022,0.6870000000000038,0.71315485,0.69279605
0.7341198,0.22028697,0.7641500000000003,0.3677708333333331,0.7393993,0.21204534
0.73908746,0.23092067,0.7381257142857145,0.2175491666666667,0.7364525,0.231211
0.72863483,0.18660271,0.7324499999999999,0.21225,0.73279405,0.20931016
0.72791195,0.20347029,0.7289716666666669,0.1852557380952379,0.73662895,0.24635515
0.71016616,0.68627954,0.7250000000000003,0.7160000000000001,0.7176364,0.7202994
0.73783517,0.24235606,0.7397674999999999,0.2404449047619046,0.73724806,0.2091858
0.72881377,0.17378515,0.732410714285714,0.2089941190476191,0.7302545,0.1825206
0.7448652,0.23435646,0.7405614642857142,0.2317248333333333,0.7481191,0.22813216
0.71865827,0.6910781,0.7280000000000004,0.719999999999999,0.7194066,0.728761
0.7305509,0.1944919,0.7431446111111112,0.251803476190476,0.7386455,0.23230232
0.71265614,0.61834496,0.7005299999999997,0.5977600000000005,0.71515083,0.7185126
0.7097477,0.6563254,0.7160000000000022,0.6870000000000038,0.71315485,0.69279605
0.673483,0.59161645,0.685819999999999,0.6867500000000011,0.67381823,0.6609437
0.7240547,0.18785003,0.7162599999999999,0.1424205476190476,0.7298552,0.19047642
0.7292917,0.17706147,0.7293449999999995,0.1651516666666668,0.72654706,0.1894609
0.64372945,0.41277498,0.64909,0.4298399999999999,0.6415132,0.38545734
0.6849866,0.6198601,0.6883299999999999,0.6177700000000003,0.68737704,0.68152845
0.73873734,0.23008832,0.7419688928571426,0.2473885,0.7447163,0.22080359
0.67779666,0.4995553,0.6188599999999996,0.2348199999999998,0.66832817,0.38989228
0.70436597,0.65315026,0.7060000000000002,0.671,0.7056846,0.6836332
0.6886358,0.6215875,0.6899999999999991,0.6259999999999991,0.69226784,0.6573034
0.6881722,0.57714725,0.6979999999999997,0.6310000000000001,0.69254076,0.6379797
0.7359516,0.22513157,0.7368302380952382,0.2297053333333333,0.72999465,0.18121128
0.7089207,0.6298752,0.6899999999999991,0.5349999999999987,0.711794,0.6635716
0.70436597,0.65315026,0.7060000000000002,0.671,0.7056846,0.6836332
0.7320246,0.20184126,0.7328829999999995,0.2022815000000001,0.7313964,0.19584645
0.71865827,0.6910781,0.7280000000000004,0.719999999999999,0.7194066,0.728761
0.7451697,0.27576852,0.7476196666666667,0.2218169999999999,0.74173295,0.26111287
0.75062215,0.28703737,0.7468310476190473,0.2528038888888889,0.7486169,0.25731248
0.6902711,0.58262825,0.7018699999999997,0.6376800000000008,0.6863873,0.6578461
0.70436597,0.65315026,0.7060000000000002,0.671,0.7056846,0.6836332
0.7029356,0.6451264,0.7029999999999975,0.6440000000000039,0.70833373,0.6949933
0.7305503,0.19917431,0.7313417142857138,0.205768238095238,0.73391646,0.19390108
0.7356326,0.21027702,0.7290500000000002,0.1869716666666664,0.73890364,0.20393242
0.69493234,0.64520836,0.7009999999999996,0.6689999999999984,0.69777215,0.6664391
0.73397315,0.20981783,0.7217002380952391,0.1323011666666667,0.7395621,0.22490579
0.683906,0.5844679,0.6899999999999991,0.6159999999999998,0.68570834,0.6247422
0.7253133,0.18225023,0.7151924285714293,0.1373357619047618,0.7258957,0.18467158
0.7357142,0.22073752,0.73591794017094,0.2354444848484848,0.7398435,0.22960606
0.6762814,0.5864599,0.6722799999999998,0.6089999999999989,0.67630124,0.65221304
0.7347964,0.2465752,0.7587366666666668,0.3773633333333333,0.73875034,0.25792685
0.7280698,0.18734378,0.7192695674603174,0.1392324444444444,0.733532,0.19524732
0.73711133,0.23281178,0.7398316666666669,0.2670485714285714,0.73738307,0.19685641
0.73169345,0.18253362,0.7315626666666664,0.210568357142857,0.7376375,0.2403578
0.72807324,0.22217873,0.7401737500000003,0.2606649761904761,0.74286413,0.2816038
0.67930675,0.55386645,0.6970800000000001,0.6494299999999995,0.67796314,0.5460861
0.7409109,0.23905551,0.7377286666666663,0.2116059999999998,0.741128,0.26025507
0.6964616,0.64375925,0.6965899999999999,0.6515899999999987,0.7031865,0.651877
0.7130776,0.66598475,0.718999999999999,0.6800000000000016,0.7178915,0.6967228
0.7219931,0.15480158,0.7337199999999998,0.2137769999999999,0.7264106,0.19690615
0.7348188,0.2171272,0.7210424999999998,0.1321799999999998,0.7390141,0.2295749
0.68044674,0.5758805,0.6790000000000007,0.5880000000000006,0.6810588,0.5791629
0.7339146,0.19972593,0.7311287499999998,0.1769393333333333,0.7211407,0.16958609
0.7089207,0.6298752,0.6899999999999991,0.5349999999999987,0.711794,0.6635716
0.7386203,0.25001803,0.7317199999999997,0.2132374999999999,0.73636734,0.21210715
0.7029356,0.6451264,0.7029999999999975,0.6440000000000039,0.70833373,0.6949933
0.73278165,0.21727476,0.7140808809523809,0.1347942619047619,0.7323284,0.20591986
0.69564486,0.67050874,0.6995900000000007,0.6677100000000005,0.7077618,0.7081535
0.7368117,0.23007903,0.7349102499999991,0.2183694444444444,0.7417722,0.20992228
0.7318708,0.19516784,0.7309937499999996,0.1837555,0.7349038,0.19544911
0.74102724,0.23842674,0.7382669999999996,0.2158874999999999,0.7390957,0.21996593
0.7058029,0.6531194,0.7109999999999986,0.6850000000000018,0.7105853,0.69667363
0.73893166,0.23765966,0.7286266666666661,0.1792533333333331,0.73359716,0.23069337
0.69485736,0.6093271,0.6959999999999993,0.6189999999999999,0.6987248,0.6557124
0.72908735,0.20841157,0.7605629999999999,0.3696089047619047,0.73495173,0.21302706
0.7365041,0.22101754,0.735984511904762,0.2250703333333333,0.7358161,0.21365169
0.72614896,0.19226688,0.7330073333333331,0.2079646666666667,0.73045105,0.20382628
0.7341619,0.20500672,0.7337016666666664,0.2332553333333333,0.74042964,0.22352725
0.72568476,0.18199676,0.7266376666666666,0.1757178333333333,0.7263237,0.18372014
0.7547089,0.26402268,0.7339699999999995,0.2203016666666667,0.731905,0.18981189
0.525776,0.15018523,0.5181800000000003,0.1482199999999999,0.5066044,0.22445562
0.7386613,0.22714752,0.7336078095238093,0.2106096666666665,0.7368587,0.21031469
0.6997645,0.61809987,0.6989999999999994,0.6670000000000011,0.70386755,0.66838515
0.7428899,0.23461437,0.7431899999999999,0.2557943658008659,0.7458482,0.23735552
0.7437198,0.27141315,0.7494319285714285,0.2872324999999996,0.7511265,0.27526554
0.6777264,0.5545868,0.6899999999999991,0.6520000000000009,0.67468464,0.615218
0.73468447,0.20657462,0.7322886904761906,0.1995537142857143,0.7375219,0.22886936
0.72647685,0.1961304,0.7221523333333336,0.2013533333333331,0.7293856,0.21460333
0.7409525,0.2505359,0.7416083333333332,0.2601549999999996,0.7400243,0.2198155
0.70140415,0.6689829,0.7079999999999989,0.7039999999999997,0.7090776,0.70885175
0.7323517,0.20083004,0.7231999999999994,0.1514433333333331,0.73759156,0.20113787
0.7280484,0.20040321,0.7709186666666668,0.3799278214285717,0.7316556,0.21109226
0.7316169,0.23243162,0.7237874047619044,0.1739940952380953,0.7384261,0.22963557
0.66370255,0.4456197,0.6468600000000001,0.4117200000000002,0.64043105,0.21250214
0.73417616,0.22153988,0.7277216190476183,0.1759899999999998,0.73574346,0.20664403
0.5153525,0.110465646,0.52971,0.135125,0.5196621,0.1940922
0.7130776,0.66598475,0.718999999999999,0.6800000000000016,0.7178915,0.6967228
0.7415256,0.28023726,0.7253738643578643,0.2438744999999998,0.74152505,0.2768911
0.7419729,0.23217869,0.7420138333333332,0.2307662222222223,0.74664366,0.2516804
0.73545927,0.21169785,0.7366524047619047,0.2043636666666665,0.7361158,0.20100462
0.7299127,0.18153691,0.727049999999999,0.1756099999999998,0.7327341,0.20097944
0.7097477,0.6563254,0.7160000000000022,0.6870000000000038,0.71315485,0.69279605
0.70811254,0.63367426,0.7229999999999993,0.68027,0.7120373,0.68213683
0.7029536,0.6334507,0.6820599999999994,0.5631600000000001,0.7057445,0.65539616
0.70922184,0.6614078,0.7229999999999994,0.7030000000000014,0.7102222,0.66634613
0.6974945,0.64349675,0.7019999999999985,0.6559999999999995,0.7007081,0.67218584
0.7093326,0.1793831,0.7262778333333331,0.2201028809523809,0.7190652,0.17229143
0.729252,0.1920074,0.7168883333333348,0.1381920238095236,0.7328646,0.20389557
0.7097477,0.6563254,0.7160000000000022,0.6870000000000038,0.71315485,0.69279605
0.7342372,0.20086461,0.7251269999999991,0.1640299999999999,0.7354229,0.21005131
0.71295017,0.1219548,0.7366899999999998,0.2332661666666666,0.7267694,0.182637
0.69782525,0.62064004,0.6982599999999997,0.6220799999999993,0.6948676,0.62424695
0.6946501,0.6257894,0.6752799999999988,0.56433,0.6964048,0.6728179
0.7129587,0.67313087,0.7119999999999991,0.6730000000000017,0.7148888,0.6860619
0.6903,0.63851,0.7051600000000013,0.7027899999999988,0.69656706,0.6855255
0.7448763,0.2604608,0.7296441666666665,0.1798402499999999,0.73956233,0.2537361
0.71070266,0.64918447,0.7118300000000016,0.663520000000001,0.71224016,0.6987676
0.73851615,0.22116995,0.7384035238095238,0.2078409285714286,0.73875076,0.22906438
0.7389195,0.234516,0.7337366666666668,0.199004,0.7404372,0.21996689
0.7352771,0.20709616,0.7386202380952378,0.232817,0.735063,0.19535005
0.68545794,0.5960438,0.7039999999999997,0.6749999999999987,0.69118917,0.65425843
0.69592595,0.6011852,0.6949999999999997,0.6450000000000015,0.70246166,0.6621499
0.7179003,0.15311459,0.7314883333333335,0.2038231666666667,0.72955316,0.18863454
0.7387086,0.23269507,0.724403333333333,0.1773416666666666,0.7373411,0.19904263
0.70010114,0.6500342,0.6949999999999997,0.6210000000000008,0.70221585,0.66402245
0.7329791,0.21045619,0.7195650000000015,0.148216238095238,0.73034996,0.19784522
0.70436597,0.65315026,0.7060000000000002,0.671,0.7056846,0.6836332
0.72612524,0.17184412,0.7290490833333326,0.197396261904762,0.73122954,0.18284602
0.6984699,0.61679375,0.6989999999999994,0.6289999999999992,0.70387006,0.67154115
0.685354,0.61215687,0.7138499999999997,0.6519100000000004,0.70468605,0.7199504
0.73689383,0.21517944,0.7344791666666662,0.1997105,0.7414832,0.23725682
0.70880795,0.68798435,0.7079999999999989,0.6929999999999992,0.7148584,0.7058366
0.73761314,0.24489671,0.7359406666666665,0.2400682619047618,0.7375176,0.21108574
0.5495369,0.17943901,0.5231200000000001,0.1301359999999999,0.53797835,0.22003627
0.73522985,0.20473093,0.7414399999999998,0.2597099999999995,0.7304707,0.18944077
0.73673594,0.2160632,0.7647061666666672,0.383539380952381,0.73260677,0.2096761
0.706406,0.17640197,0.725411134920635,0.2593693333333332,0.7185595,0.16303682
0.7303115,0.22224212,0.7390991666666668,0.2801657619047619,0.72813946,0.19897948
0.6573649,0.49030071,0.6553099999999994,0.5719499999999997,0.63969463,0.51393974
0.74972785,0.26346046,0.7447659999999995,0.2543061666666666,0.74743044,0.2326686
0.7312879,0.19286641,0.73781,0.223542,0.73257285,0.21421677
0.6947317,0.62619424,0.7002599999999998,0.6923100000000001,0.70203304,0.69615537
0.7097477,0.6563254,0.7160000000000022,0.6870000000000038,0.71315485,0.69279605
0.7218122,0.17031264,0.7214365952380953,0.1843440476190476,0.7281556,0.18372801
0.7163989,0.19881397,0.7089233333333347,0.1454993333333335,0.7316114,0.25472724
0.56317496,0.24124342,0.5338300000000002,0.1227699999999999,0.5524456,0.20136371
0.7329402,0.19944972,0.7333209999999996,0.2275225000000001,0.73886526,0.22996905
0.7097477,0.6563254,0.7160000000000022,0.6870000000000038,0.71315485,0.69279605
0.69655234,0.640739,0.706000000000001,0.6959999999999993,0.6991634,0.67977935
0.7129587,0.67313087,0.7119999999999991,0.6730000000000017,0.7148888,0.6860619
0.7339748,0.2375671,0.7240799999999991,0.1918900000000001,0.74261034,0.24627167
0.7553645,0.27102244,0.7385266666666662,0.22022,0.7474822,0.21740536
0.72114295,0.17232549,0.7076825000000011,0.1034766666666667,0.7267909,0.1712366
0.68754387,0.57667714,0.6459399999999998,0.2397399999999996,0.68339854,0.52976745
0.71529734,0.6826232,0.7039999999999996,0.6289999999999992,0.7186608,0.69105846
0.73981947,0.24584854,0.7186475000000015,0.1313905238095238,0.7396196,0.24843144
0.7384253,0.24199378,0.7344454761904758,0.2095400000000001,0.7421373,0.22551729
0.7219805,0.19737482,0.7125726666666672,0.1641508333333333,0.7285604,0.21685761
0.7163528,0.16710001,0.7219100000000002,0.1736993217893218,0.731083,0.20890433
0.68044674,0.5758805,0.6790000000000007,0.5880000000000006,0.6810588,0.5791629
0.745807,0.2642246,0.741340380952381,0.2462254047619047,0.7469013,0.24927792
0.7097477,0.6563254,0.7160000000000022,0.6870000000000038,0.71315485,0.69279605
0.72949046,0.20843092,0.7223050000000001,0.1785049999999997,0.7375163,0.23794894
0.6786638,0.19793093,0.6688700000000002,0.2923810952380953,0.6765298,0.2782209
0.7460809,0.26476955,0.7320278214285716,0.2652438333333333,0.739702,0.21911725
0.73255587,0.21653262,0.72981,0.1571535000000001,0.7358136,0.19468476
0.70122856,0.6641981,0.7020099999999992,0.663149999999999,0.7087963,0.7135768
0.6939862,0.618022,0.6979999999999997,0.6430000000000006,0.6948221,0.6745489
0.7252477,0.19092816,0.7188749999999999,0.1466333333333335,0.7282829,0.18972169
0.68935204,0.60310334,0.6959999999999993,0.6200699999999989,0.68921524,0.6239009
0.73093283,0.19743708,0.72435,0.1551216666666663,0.7316973,0.2039842
0.69784564,0.6423078,0.6940000000000011,0.633000000000001,0.7023628,0.70838505
0.7307,0.20818579,0.7279926190476194,0.1889308333333333,0.73766416,0.1867419
0.7339897,0.19335246,0.7304973333333328,0.2059773333333333,0.7320098,0.18944448
0.71016616,0.68627954,0.7250000000000003,0.7160000000000001,0.7176364,0.7202994
0.7524575,0.27054602,0.7488699999999997,0.2613799999999997,0.75276697,0.2408972
0.69731474,0.65175164,0.6850000000000009,0.6120000000000004,0.6953697,0.6438139
0.74126756,0.2625183,0.7335569166666664,0.2029284090909092,0.7380756,0.2059772
0.7130776,0.66598475,0.718999999999999,0.6800000000000016,0.7178915,0.6967228
0.7129587,0.67313087,0.7119999999999991,0.6730000000000017,0.7148888,0.6860619
0.7029356,0.6451264,0.7029999999999975,0.6440000000000039,0.70833373,0.6949933
0.731439,0.23047775,0.730836666666667,0.204986666666667,0.7370663,0.21131048
0.74989223,0.26653028,0.7510008690476194,0.2675024206349206,0.74605846,0.24941778
0.7386265,0.2334497,0.7484333333333335,0.2703291349206349,0.74970573,0.23885654
0.72592586,0.2225694,0.7276177619047617,0.2011978571428571,0.7308864,0.18880539
0.7335354,0.23045301,0.7469648333333333,0.2534874999999998,0.736642,0.24959564
0.7482182,0.26062858,0.7376466428571427,0.255266666666667,0.7365695,0.20281965
0.69907737,0.63017875,0.6949999999999997,0.6409999999999988,0.70065975,0.6654883
0.7330159,0.21117824,0.7262600000000002,0.1567833333333333,0.7418585,0.23141289
0.7372971,0.22846037,0.7375160515873014,0.2681602380952379,0.73628795,0.2236433
0.71529734,0.6826232,0.7039999999999996,0.6289999999999992,0.7186608,0.69105846
0.6731215,0.23135424,0.6803500000000001,0.2799258333333334,0.6763954,0.27057588
0.70865756,0.6891229,0.71607,0.6989999999999994,0.71973765,0.7182328
0.747104,0.26806372,0.7493100000000001,0.2720978571428566,0.74972224,0.265029
0.7308364,0.19871143,0.7166780000000017,0.1458999999999998,0.7324346,0.1894016
0.7097477,0.6563254,0.7160000000000022,0.6870000000000038,0.71315485,0.69279605
0.74445903,0.26685572,0.7299186666666664,0.210025,0.74034446,0.21148683
0.662613,0.5244993,0.6400000000000005,0.3850000000000003,0.64638114,0.46453926
0.74868083,0.24868992,0.7462074999999997,0.2766829999999999,0.74336016,0.23069555
0.6881722,0.57714725,0.6979999999999997,0.6310000000000001,0.69254076,0.6379797
0.694534,0.62945163,0.7070000000000001,0.6910000000000011,0.69977444,0.6965253
0.7293695,0.18879843,0.7331214285714281,0.2164268055555555,0.73382294,0.20114355
0.749302,0.2785797,0.7473356904761904,0.2577360000000001,0.7499501,0.2650223
0.7243816,0.16932905,0.7257699999999991,0.1574800000000001,0.73506665,0.2010524
0.68394935,0.56091243,0.6809099999999998,0.5433600000000001,0.6897062,0.61692166
0.7029356,0.6451264,0.7029999999999975,0.6440000000000039,0.70833373,0.6949933
0.7129587,0.67313087,0.7119999999999991,0.6730000000000017,0.7148888,0.6860619
0.6707029,0.50977993,0.6580000000000008,0.4369999999999996,0.6655135,0.41278052
0.6896545,0.63333094,0.6800000000000002,0.6049999999999988,0.69071096,0.67220557
0.73210156,0.2021707,0.7323549166666667,0.1993272380952382,0.73714393,0.20437326
0.7037915,0.68643415,0.7076699999999989,0.710989999999999,0.709756,0.6973852
0.7317872,0.20656204,0.7337749999999992,0.1897228571428573,0.7343383,0.20971474
0.681069,0.20950603,0.6759133333333338,0.2330148333333332,0.67179644,0.21325418
0.73389345,0.21197882,0.7328149999999993,0.20706,0.7321306,0.19208486
0.7029356,0.6451264,0.7029999999999975,0.6440000000000039,0.70833373,0.6949933
0.69770753,0.664524,0.7069999999999999,0.7090000000000016,0.7074925,0.70029825
0.694534,0.62945163,0.7070000000000001,0.6910000000000011,0.69977444,0.6965253
0.7017097,0.66249645,0.7030800000000014,0.6880000000000009,0.7073442,0.70578533
0.6973046,0.64807844,0.6943200000000002,0.6451800000000002,0.69991827,0.67703426
0.68593144,0.5764927,0.6949999999999997,0.6199999999999989,0.6967182,0.6191585
0.72650915,0.1830233,0.7358143333333329,0.2048156666666665,0.72670084,0.2124159
0.6952578,0.6485146,0.6989999999999985,0.6670000000000015,0.70126665,0.6806429
0.6952578,0.6485146,0.6989999999999985,0.6670000000000015,0.70126665,0.6806429
0.73754203,0.24378106,0.7621900000000004,0.3805500000000002,0.73619676,0.24526691
0.70791817,0.66315967,0.7120000000000019,0.6870000000000005,0.7082808,0.66585344
0.7044157,0.6753946,0.7090000000000016,0.6869999999999998,0.7096946,0.6941404
0.7029356,0.6451264,0.7029999999999975,0.6440000000000039,0.70833373,0.6949933
0.69292486,0.24496496,0.6668599999999999,0.2244843333333332,0.67714703,0.20461482
0.7402396,0.24154615,0.7367826666666665,0.2082999999999998,0.73946095,0.2152465
0.68454915,0.5738397,0.7129999999999999,0.6915099999999996,0.6843601,0.6220092
0.7223001,0.18919113,0.742489488095238,0.2620349047619045,0.72558725,0.17922793
0.7270576,0.2077626,0.73162625,0.1986400714285713,0.73476917,0.24672008
0.6939862,0.618022,0.6979999999999997,0.6430000000000006,0.6948221,0.6745489
0.73086023,0.20184427,0.7227753333333332,0.1501199999999997,0.72793984,0.18291378
0.7023597,0.6617637,0.6959999999999993,0.6379999999999995,0.7057737,0.6799224
0.7395901,0.22838819,0.7380511666666666,0.2265181547619046,0.7430996,0.22059442
0.69707966,0.652122,0.6979999999999997,0.6679999999999997,0.70106244,0.6847742
0.7130776,0.66598475,0.718999999999999,0.6800000000000016,0.7178915,0.6967228
0.7382661,0.23585409,0.7357325000000001,0.2275049999999999,0.7428858,0.231432
0.7393888,0.23285753,0.7288166666666664,0.1961338095238095,0.73528093,0.20074251
0.73899734,0.23256394,0.7194199999999998,0.1477808333333332,0.7368194,0.19939871
0.70672387,0.68088233,0.6949999999999996,0.6370000000000003,0.71171737,0.7050515
0.71016616,0.68627954,0.7250000000000003,0.7160000000000001,0.7176364,0.7202994
0.6911546,0.6418729,0.6820000000000008,0.6289999999999992,0.6908318,0.68068874
0.7262407,0.1999565,0.7077300000000001,0.1441283333333331,0.7312852,0.21271536
0.7160409,0.17944127,0.7303499999999995,0.2832611111111106,0.7214736,0.17561543
0.6791034,0.2702673,0.6882499999999999,0.2959466666666666,0.6740665,0.28473097
0.6965523,0.6407389,0.706000000000001,0.6959999999999993,0.6991634,0.67977935
0.7147964,0.13826722,0.728224309523809,0.1887183333333333,0.7197893,0.16058101
0.68988276,0.6124929,0.70208,0.70198,0.6984513,0.6981109
0.7445919,0.26144254,0.7396474999999998,0.2345967777777778,0.73868203,0.2184772
0.69495916,0.59800327,0.6949999999999997,0.5850000000000007,0.7005422,0.6093524
0.7456683,0.24812317,0.7421449999999997,0.2291566666666662,0.7488654,0.24356174
0.70795655,0.6270491,0.7139999999999991,0.6520000000000007,0.7092068,0.67108876
0.74413127,0.22596231,0.7293208333333331,0.1653933333333331,0.7410728,0.20616175
0.6939569,0.62818587,0.6965499999999994,0.6573799999999997,0.6960417,0.67782754
0.7299993,0.19540295,0.7178558333333336,0.1447766666666665,0.73545593,0.20293361
0.69467807,0.34827167,0.6620599999999999,0.2125675,0.6748067,0.1939767
0.74070716,0.20373967,0.7447949999999998,0.2163599999999998,0.7221863,0.18237978
0.6896545,0.63333094,0.6800000000000002,0.6049999999999988,0.69071096,0.67220557
0.7338294,0.20669407,0.7294549999999994,0.1765200000000003,0.734776,0.19943246
0.7377955,0.23511958,0.7269524999999996,0.1585500000000002,0.74361384,0.23177287
0.7319535,0.21997869,0.7240427499999998,0.2033016666666666,0.7320629,0.20787165
0.7310656,0.19579834,0.7377804999999996,0.2289612142857142,0.7340555,0.20164669
0.6793658,0.54836625,0.6319999999999992,0.2480000000000002,0.6709591,0.4289528
0.70541394,0.65156275,0.7179800000000018,0.6667799999999986,0.7178204,0.7019263
0.69093204,0.61034775,0.7079999999999989,0.6760000000000006,0.6950496,0.66430676
0.72780997,0.18732002,0.7258079047619046,0.1661375769230769,0.7281835,0.18596995
0.7066533,0.636611,0.7259999999999992,0.7000000000000013,0.71350145,0.7003209
0.6938299,0.61964273,0.7009999999999998,0.6550000000000007,0.69692576,0.6600972
0.71982336,0.16324383,0.729361833333333,0.1778238095238094,0.7272371,0.19397321
0.7029356,0.6451264,0.7029999999999975,0.6440000000000039,0.70833373,0.6949933
0.6977531,0.67096263,0.6940000000000011,0.6689999999999986,0.70240647,0.69082063
0.6854063,0.584318,0.6871999999999998,0.55068,0.6888881,0.62475705
0.7342759,0.21492973,0.7381135000000003,0.2231534444444443,0.74015844,0.2197038
0.72075534,0.15340415,0.7306683333333335,0.1831316666666666,0.72730076,0.16937786
0.73312885,0.19805732,0.7255233333333336,0.1607699999999998,0.73832095,0.21588337
0.6804144,0.57050145,0.664000000000001,0.4930000000000003,0.67797995,0.5484175
0.68294656,0.5956545,0.6719999999999987,0.5889999999999991,0.68611556,0.65132296
0.7321849,0.1940664,0.7400199999999997,0.2394698571428571,0.7277428,0.19778919
0.74475867,0.28185967,0.761855714285715,0.3625400238095239,0.7413221,0.2831381
0.73331666,0.1876938,0.736946666666666,0.2066928571428571,0.7334912,0.19772983
0.7077411,0.65023685,0.7229999999999993,0.7049999999999987,0.716035,0.70890224
0.72991097,0.19989517,0.7355254761904759,0.2095696428571428,0.73259056,0.20119864
0.68684894,0.5638832,0.6079999999999988,0.2250000000000002,0.6951238,0.56727344
0.7009966,0.6323535,0.7150000000000019,0.6760000000000006,0.70585644,0.7034564
0.7029356,0.6451264,0.7029999999999975,0.6440000000000039,0.70833373,0.6949933
0.68362606,0.59440386,0.6176600000000011,0.3197400000000003,0.6837305,0.6445239
0.6893596,0.5914775,0.7118300000000015,0.7022099999999993,0.6877877,0.6781729
0.69453293,0.59740734,0.7060000000000015,0.6540000000000016,0.69637513,0.6563584
0.73315203,0.2164756,0.7167600000000001,0.1654714999999998,0.7351634,0.22710533
0.7293247,0.20731491,0.7250688809523805,0.1930275,0.7338478,0.21615836
0.707922,0.6776407,0.7147999999999999,0.6875299999999994,0.7166697,0.6958236
0.72114295,0.17232549,0.7076825000000011,0.1034766666666667,0.7267909,0.1712366
0.6985762,0.66708106,0.7069999999999999,0.7019999999999988,0.70757484,0.7141981
0.72826135,0.19676399,0.7245853333333333,0.1750686666666666,0.7276726,0.19698058
0.73967683,0.2446641,0.7186344047619051,0.1568443333333333,0.7373123,0.2071618
0.6974945,0.64349675,0.7019999999999985,0.6559999999999995,0.7007081,0.67218584
0.6956921,0.62764466,0.6899999999999991,0.6300000000000011,0.695738,0.64765877
0.69655234,0.640739,0.706000000000001,0.6959999999999993,0.6991634,0.67977935
0.72374636,0.19288021,0.7354758333333333,0.2137956666666667,0.7359096,0.20001315
0.7051792,0.6707531,0.7164200000000001,0.7108800000000002,0.7098737,0.69785154
0.7130776,0.66598475,0.718999999999999,0.6800000000000016,0.7178915,0.6967228
0.6750288,0.5775796,0.6713799999999998,0.6094599999999997,0.66675353,0.6520745
0.7062957,0.662842,0.7120000000000017,0.6790000000000007,0.7053588,0.6608403
0.6670176,0.21149349,0.6767399999999999,0.2523599999999999,0.67513776,0.25361016
0.72533906,0.16916335,0.7452917142857143,0.2260749999999999,0.73155606,0.21742424
0.6969422,0.6293841,0.6899999999999991,0.6199999999999989,0.702845,0.6844267
0.73894906,0.23774666,0.7428377380952382,0.246003303030303,0.7438057,0.22592527
0.7374767,0.26265663,0.737683333333333,0.2664040000000006,0.7422079,0.2618047
0.72747624,0.17213649,0.7357398441558438,0.2442183333333336,0.7331985,0.18449639
0.7453831,0.25379643,0.7271883928571425,0.2114475173160173,0.7365655,0.20356154
0.7023597,0.6617637,0.6959999999999993,0.6379999999999995,0.7057737,0.6799224
0.70497197,0.6576426,0.7271699999999996,0.6914499999999997,0.7152772,0.7476109
0.5505933,0.18971235,0.5354600000000003,0.12582,0.54061973,0.19322622
0.723457,0.16978678,0.7382153333333331,0.2521735,0.7223635,0.18728831
0.72175163,0.16987929,0.720991083333333,0.1673615,0.72252536,0.15931892
0.70980054,0.1436522,0.7024988333333329,0.1372649999999999,0.7155025,0.15026872
0.74202746,0.24216908,0.7402066666666666,0.2356683333333334,0.74134356,0.2194759
0.73461604,0.22564632,0.7437755555555557,0.263045,0.7333331,0.2047008
0.7435997,0.2389816,0.724019999999999,0.1597899999999998,0.73211706,0.21686362
0.726048,0.20512283,0.7043866666666666,0.1217349999999997,0.72811866,0.20834285
0.6673269,0.48310208,0.6420500000000002,0.3365700000000003,0.65885955,0.42943513
0.6952578,0.6485146,0.6989999999999985,0.6670000000000015,0.70126665,0.6806429
0.7395683,0.24284193,0.7396499999999999,0.2433166666666667,0.73345554,0.20463249
0.73996514,0.24038005,0.7372148333333334,0.2433099523809523,0.73765886,0.21890353
0.7418375,0.2660213,0.7593565595238094,0.3497959047619047,0.7437395,0.25586554
0.69583666,0.6192772,0.7239999999999991,0.7289999999999993,0.6976529,0.7111419
0.70672387,0.68088233,0.6949999999999996,0.6370000000000003,0.71171737,0.7050515
0.7097477,0.6563254,0.7160000000000022,0.6870000000000038,0.71315485,0.69279605
0.72874284,0.18643501,0.7253703571428572,0.162316,0.7346643,0.1937392
0.7355156,0.24332643,0.740914,0.2719965000000002,0.73347235,0.21638703
0.726366,0.17195672,0.7318499999999994,0.1930888333333334,0.7371226,0.199056
0.69583666,0.6192772,0.7239999999999991,0.7289999999999993,0.6976529,0.7111419
0.7271528,0.18115246,0.7242095674603174,0.1519999999999997,0.7321609,0.20332548
0.70049876,0.63377273,0.7082400000000014,0.6671100000000011,0.70426,0.67949694
0.6786136,0.5230705,0.6090000000000012,0.1910000000000001,0.67949575,0.49954814
0.7402751,0.22228491,0.7376636666666666,0.2368441746031746,0.7420443,0.21526238
0.7105894,0.6900343,0.7262799999999995,0.7174499999999995,0.71560514,0.69924957
0.7029356,0.6451264,0.7029999999999975,0.6440000000000039,0.70833373,0.6949933
0.7268738,0.17792588,0.7375878333333334,0.2216858809523809,0.7341616,0.19444425
0.73191637,0.2109676,0.7321091666666666,0.1823675000000003,0.72956914,0.20568767
0.7229881,0.18952715,0.7292868333333331,0.1858709652014651,0.73116225,0.20426334
0.69493234,0.64520836,0.7009999999999996,0.6689999999999984,0.69777215,0.6664391
0.6938011,0.22904551,0.6862100000000001,0.2622599999999999,0.6878374,0.24483517
0.7296869,0.20419109,0.7245436666666666,0.1977795,0.7291752,0.19167417
0.525776,0.15018523,0.5181800000000003,0.1482199999999999,0.5066044,0.22445562
0.69910216,0.66571975,0.6717399999999998,0.5392099999999999,0.7156088,0.67004526
0.7077411,0.65023685,0.7229999999999993,0.7049999999999987,0.716035,0.70890224
0.7251679,0.17897806,0.7247955952380951,0.1693131547619046,0.73272544,0.18474692
0.7301967,0.19347191,0.7222000000000002,0.1551899999999999,0.73694444,0.20593116
0.74716413,0.25014618,0.7386199999999998,0.2185850000000002,0.7470956,0.22584245
0.7130776,0.66598475,0.718999999999999,0.6800000000000016,0.7178915,0.6967228
0.7428355,0.2307859,0.738898333333333,0.220937619047619,0.745978,0.21132413
0.69592595,0.6011852,0.6949999999999997,0.6450000000000015,0.70246166,0.6621499
0.70041263,0.6217951,0.7269999999999992,0.7139999999999991,0.7051301,0.6819933
0.6622262,0.49380648,0.622999999999999,0.2330000000000003,0.65176827,0.3723771
0.71865827,0.6910781,0.7280000000000004,0.719999999999999,0.7194066,0.728761
0.73504937,0.23399127,0.7605100000000004,0.3668904761904754,0.7434674,0.2374927
0.70880795,0.68798435,0.7079999999999989,0.6929999999999992,0.7148584,0.7058366
0.7310184,0.20282876,0.7317356666666663,0.19590675,0.7319071,0.19157419
0.6777264,0.5545868,0.6899999999999991,0.6520000000000009,0.67468464,0.615218
0.68597937,0.589002,0.6870999999999994,0.5966200000000004,0.6807777,0.6177034
0.7029356,0.6451264,0.7029999999999975,0.6440000000000039,0.70833373,0.6949933
0.6884741,0.5918516,0.7121899999999991,0.6970800000000004,0.70059407,0.65561265
0.7467466,0.26628515,0.7361673333333333,0.2103966666666667,0.7402326,0.22924545
0.7129587,0.67313087,0.7119999999999991,0.6730000000000017,0.7148888,0.6860619
0.68684894,0.5638832,0.6079999999999988,0.2250000000000002,0.6951238,0.56727344
0.71529734,0.6826232,0.7039999999999996,0.6289999999999992,0.7186608,0.69105846
0.73682857,0.22803882,0.7386803333333333,0.2204966666666667,0.74136543,0.21646518
0.73368835,0.20926565,0.7245232738095233,0.150962357142857,0.73754233,0.24198124
0.6985846,0.60645664,0.7060000000000015,0.6629999999999984,0.7048444,0.6735955
0.7058029,0.6531194,0.7109999999999986,0.6850000000000018,0.7105853,0.69667363
0.7300151,0.21021312,0.7275118137254901,0.2022628333333332,0.7361461,0.2026441
0.70461833,0.64250743,0.7239999999999991,0.7120000000000017,0.708207,0.69252926
0.7097477,0.6563254,0.7160000000000022,0.6870000000000038,0.71315485,0.69279605
0.6819801,0.5870902,0.6739999999999999,0.5540000000000005,0.678565,0.5773664
0.7244839,0.1964922,0.741065,0.2475414285714286,0.7184967,0.18739533
0.6875464,0.5541084,0.6760000000000006,0.5300000000000007,0.6846255,0.59591436
0.6638242,0.50991064,0.6667800000000002,0.55031,0.663804,0.5270317
0.74037814,0.24301052,0.8349999999999992,0.680892500000001,0.73973966,0.22822234
0.73539144,0.20587116,0.7380699999999994,0.2614683333333333,0.73379576,0.1819503
0.7343147,0.20383537,0.7337166666666665,0.2194789999999999,0.73641276,0.19996624
0.73321635,0.20992601,0.7566133333333336,0.3050784999999997,0.7313893,0.2071321
0.72342324,0.1678884,0.7152400000000018,0.1223799999999998,0.7275992,0.17109753
0.751974,0.27885374,0.7358394999999998,0.213328,0.74736,0.24759164
0.6703712,0.54235834,0.6650099999999994,0.5334299999999995,0.6653866,0.5251848
0.7296301,0.20747569,0.7221157023809519,0.1512533333333335,0.7369001,0.21587762
0.7058029,0.6531194,0.7109999999999986,0.6850000000000018,0.7105853,0.69667363
0.73205274,0.19337097,0.7252099999999989,0.1580399999999998,0.7345678,0.20559323
0.74018013,0.22947806,0.7378848333333332,0.2257255238095238,0.7396297,0.19777028
0.69983685,0.64636725,0.7280000000000002,0.7359999999999995,0.70207745,0.7201821
0.7130776,0.66598475,0.718999999999999,0.6800000000000016,0.7178915,0.6967228
0.694534,0.62945163,0.7070000000000001,0.6910000000000011,0.69977444,0.6965253
0.69592595,0.6011852,0.6949999999999997,0.6450000000000015,0.70246166,0.6621499
0.6621018,0.51389676,0.6712999999999998,0.5631600000000002,0.6539847,0.5418983
0.7290614,0.19774294,0.7256934761904756,0.1786808333333333,0.7345022,0.18983293
0.7161139,0.17866996,0.7148396666666663,0.1774308333333333,0.7198384,0.17742369
0.69274336,0.6037858,0.7030000000000014,0.6669699999999986,0.6983571,0.6906192
0.7307991,0.21725729,0.7553125,0.3611233333333332,0.73270893,0.19695634
0.7097477,0.6563254,0.7160000000000022,0.6870000000000038,0.71315485,0.69279605
0.7029356,0.6451264,0.7029999999999975,0.6440000000000039,0.70833373,0.6949933
0.7267821,0.16583261,0.7297431666666663,0.1704555,0.72051734,0.20110661
0.7429263,0.25144362,0.7277399761904761,0.1950935,0.73620546,0.23133534
0.7250354,0.20680374,0.7310000000000003,0.2408088214285711,0.7335117,0.22328682
0.68503237,0.60788965,0.67474,0.43172,0.68515235,0.57210046
0.7369356,0.21996003,0.7261250000000002,0.1777616666666669,0.7385639,0.21698046
0.72890115,0.1888442,0.7747902251082256,0.3798654761904761,0.7392838,0.2081129
0.7034584,0.6272403,0.7000000000000013,0.6450000000000015,0.70333666,0.6374276
0.73723495,0.23429051,0.7120269999999997,0.2028882142857142,0.7242322,0.18560262
0.7129587,0.67313087,0.7119999999999991,0.6730000000000017,0.7148888,0.6860619
0.73127294,0.18779966,0.7331698333333333,0.2085028333333334,0.7320217,0.19155124
0.72735685,0.20612001,0.7361016666666663,0.2463975,0.73129207,0.1997543
0.72573245,0.17104834,0.7267966666666661,0.1796319999999999,0.7279786,0.17437923
0.6859069,0.5929034,0.6749999999999987,0.546999999999999,0.6764064,0.5246617
0.7326162,0.20693433,0.7348299999999994,0.2023660000000001,0.73901093,0.20502219
0.7401355,0.22971937,0.7975957380952375,0.5311029166666666,0.7363095,0.24130473
0.73506254,0.21100521,0.7360843333333332,0.2028141666666666,0.7304535,0.19349788
0.74305654,0.24740541,0.7356199999999995,0.2145699999999999,0.7429724,0.21777031
0.73194563,0.19978946,0.8390199999999998,0.6520500000000007,0.7398734,0.21791056
0.68394053,0.59874374,0.677,0.6460000000000007,0.686601,0.6528311
0.70082194,0.65824515,0.7063700000000008,0.674559999999999,0.7085973,0.69798833
0.69093204,0.61034775,0.7079999999999989,0.6760000000000006,0.6950496,0.66430676
0.7163529,0.16710001,0.7219100000000002,0.1736993217893218,0.7310829,0.20890433
0.7455702,0.2651116,0.7341849999999996,0.2142459166666666,0.7383747,0.2252217
0.69707954,0.6521221,0.6979999999999997,0.6679999999999997,0.7010625,0.6847742
0.7400886,0.2396054,0.74278969047619,0.2623846904761905,0.74135613,0.22448348
0.69707966,0.652122,0.6979999999999997,0.6679999999999997,0.70106244,0.6847742
0.73699504,0.22679576,0.7188391666666659,0.1400383333333333,0.7367578,0.20713615
0.68682563,0.56424814,0.6767199999999997,0.5150399999999999,0.67886174,0.42790508
0.70436597,0.65315026,0.7060000000000002,0.671,0.7056846,0.6836332
0.69493234,0.64520836,0.7009999999999996,0.6689999999999984,0.69777215,0.6664391
0.7121422,0.6686169,0.7169699999999992,0.6914199999999995,0.71311545,0.6979824
0.7358606,0.24368954,0.7511494999999998,0.343141333333333,0.7388047,0.23305918
0.7060561,0.64248914,0.7139399999999999,0.6466299999999996,0.7110563,0.70313865
0.70436597,0.65315026,0.7060000000000002,0.671,0.7056846,0.6836332
0.69493234,0.64520836,0.7009999999999996,0.6689999999999984,0.69777215,0.6664391
0.7266629,0.19682813,0.73545,0.2012313333333333,0.7235185,0.19787896
0.7023374,0.6251932,0.6989400000000002,0.6343799999999999,0.7051902,0.69654864
0.7248803,0.1923747,0.8071099999999987,0.5453400000000004,0.72991085,0.19235146
0.73995423,0.22775653,0.7424959999999997,0.2198651666666667,0.74769753,0.22363104
0.7066533,0.636611,0.7259999999999992,0.7000000000000013,0.71350145,0.7003209
0.7419576,0.2586109,0.7416199999999996,0.2336300000000005,0.7460904,0.2457461
0.6804144,0.57050145,0.664000000000001,0.4930000000000003,0.67797995,0.5484175
0.7058029,0.6531194,0.7109999999999986,0.6850000000000018,0.7105853,0.69667363
0.73125285,0.20053896,0.7967536666666666,0.525273,0.737033,0.24932131
0.7429246,0.24987572,0.7351502499999996,0.212296,0.7387624,0.20961596
0.70814604,0.6725079,0.7229999999999991,0.7120000000000017,0.7137892,0.73061967
0.7278252,0.18103638,0.7429613333333336,0.222386904761905,0.7410501,0.20502806
0.6867045,0.6107954,0.6941499999999998,0.6485600000000008,0.6834483,0.66052276
0.719879,0.17506337,0.7269621666666666,0.2116598571428571,0.73232543,0.19726205
0.7359506,0.23125991,0.7436070714285712,0.2255209722222221,0.7313393,0.2596054
0.7046937,0.6855258,0.7069999999999999,0.6719999999999987,0.7068255,0.70592386
0.7029356,0.6451264,0.7029999999999975,0.6440000000000039,0.70833373,0.6949933
0.694534,0.62945163,0.7070000000000001,0.6910000000000011,0.69977444,0.6965253
0.68957543,0.60292333,0.6880000000000009,0.6420000000000013,0.6951344,0.65814054
0.7156256,0.6953951,0.7277300000000002,0.7349399999999996,0.72913647,0.752948
0.7335911,0.21813136,0.716,0.1649999999999995,0.73676777,0.21335945
0.67073303,0.50832474,0.66518,0.5505599999999996,0.6642511,0.4996795
0.7236461,0.17198151,0.7333000000000004,0.2087323333333333,0.7288338,0.19520526
0.7298165,0.18575072,0.7402561666666668,0.2250991666666667,0.7388353,0.21091491
0.7397635,0.22252405,0.7307591666666664,0.2038011904761903,0.73140574,0.18786138
0.7097477,0.6563254,0.7160000000000022,0.6870000000000038,0.71315485,0.69279605
0.74060553,0.24259031,0.739738333333333,0.2521094166666666,0.7448442,0.23863214
0.6952578,0.6485146,0.6989999999999985,0.6670000000000015,0.70126665,0.6806429
0.73536927,0.22869617,0.7307724999999996,0.1892443571428571,0.73766446,0.21511737
0.7328026,0.2386381,0.74926675,0.2596839523809524,0.7343171,0.24390823
0.73531854,0.24016577,0.7210298809523816,0.1862566666666669,0.73320186,0.2038131
0.73369735,0.20291081,0.7381373333333328,0.1983777976190476,0.7419597,0.21576692
0.7029356,0.6451264,0.7029999999999975,0.6440000000000039,0.70833373,0.6949933
0.6669984,0.5178829,0.6310000000000001,0.2409999999999997,0.6521573,0.38152087
0.71865827,0.6910781,0.7280000000000004,0.719999999999999,0.7194066,0.728761
0.7368287,0.2004238,0.7302333333333335,0.1716529999999997,0.7317881,0.20005335
0.657204,0.1663762,0.6813399999999997,0.2787865,0.6652491,0.2335875
0.7333931,0.19903019,0.7298499999999993,0.18893,0.7402855,0.20771796
0.7245971,0.17854887,0.7329690000000001,0.1922891666666667,0.7169863,0.19210693
0.730554,0.1899992,0.7305166666666664,0.2006155,0.73647666,0.1908373
0.67699975,0.5618074,0.6910000000000011,0.6619999999999996,0.6793384,0.6369894
0.65190977,0.4839905,0.6210000000000008,0.3079999999999999,0.6499231,0.4854191
0.68684894,0.5638832,0.6079999999999988,0.2250000000000002,0.6951238,0.56727344
0.68285596,0.58103347,0.7000000000000013,0.6430000000000006,0.6826676,0.6519684
0.7327785,0.23565322,0.776914119047619,0.4541425476190475,0.7366011,0.2541839
0.68129665,0.5422064,0.6689999999999986,0.5433800000000011,0.677866,0.60659593
0.7066533,0.636611,0.7259999999999992,0.7000000000000013,0.71350145,0.7003209
0.7308333,0.20373255,0.7198099999999998,0.1429792261904761,0.73543435,0.21063343
0.70436597,0.65315026,0.7060000000000002,0.671,0.7056846,0.6836332
0.70436597,0.65315026,0.7060000000000002,0.671,0.7056846,0.6836332
0.7398912,0.23060286,0.7414316666666665,0.2451241666666666,0.74207544,0.21499361
0.6974945,0.64349675,0.7019999999999985,0.6559999999999995,0.7007081,0.67218584
0.6952578,0.6485146,0.6989999999999985,0.6670000000000015,0.70126665,0.6806429
0.6974945,0.64349675,0.7019999999999985,0.6559999999999995,0.7007081,0.67218584
0.6839293,0.59068763,0.7051200000000007,0.6584200000000006,0.685317,0.66660106
0.74618345,0.2335996,0.7387109999999997,0.2311333333333338,0.7408173,0.20902833
0.7242191,0.17649871,0.7438133333333332,0.2292769047619047,0.73519784,0.21494806
0.7402821,0.23660946,0.7337271666666669,0.1992768333333333,0.74189514,0.21977681
0.7023597,0.6617637,0.6959999999999993,0.6379999999999995,0.7057737,0.6799224
0.7129587,0.67313087,0.7119999999999991,0.6730000000000017,0.7148888,0.6860619
0.72313774,0.15476525,0.7338019999999996,0.19697,0.7308396,0.194008
0.5291222,0.14987165,0.5320700000000003,0.1405500000000001,0.52717394,0.19090223
0.7378663,0.23710501,0.7357583333333332,0.2040049999999999,0.7401426,0.2299703
0.7129587,0.67313087,0.7119999999999991,0.6730000000000017,0.7148888,0.6860619
0.7422574,0.21391499,0.7379099999999998,0.2341453333333333,0.7379562,0.19422902
0.7086797,0.67237943,0.7229999999999993,0.7180000000000015,0.71129525,0.7038687
0.7529275,0.28974843,0.7348274999999996,0.2217975238095237,0.74252033,0.20395058
0.70078146,0.6210716,0.6990399999999992,0.6370000000000003,0.70130575,0.634558
0.70791817,0.66315967,0.7120000000000019,0.6870000000000005,0.7082808,0.66585344
0.70628595,0.6662015,0.710999999999999,0.71,0.707188,0.68258077
0.7156141,0.674485,0.7389999999999997,0.7369999999999998,0.7175502,0.70743287
0.7434511,0.26158586,0.7683269285714285,0.3992889761904766,0.7422807,0.28333768
0.7328416,0.21733952,0.7383153333333332,0.2455233333333334,0.74199784,0.2254859
0.70974755,0.65632534,0.7160000000000022,0.6870000000000038,0.7131548,0.6927961
0.65988946,0.51267046,0.6520000000000006,0.4540000000000004,0.6479813,0.4723691
0.7343248,0.21532845,0.7269432619047612,0.2012486944444444,0.7337395,0.21229108
0.73374146,0.22174463,0.7377399999999997,0.2293680555555555,0.73584133,0.25663477
0.71608865,0.11838406,0.7297241666666668,0.1859749999999999,0.72744,0.17764553
0.7130776,0.66598475,0.718999999999999,0.6800000000000016,0.7178915,0.6967228
0.7452307,0.25829202,0.7434014999999998,0.2522016666666669,0.7421161,0.24122095
0.74362427,0.25261617,0.7376033809523806,0.2155996666666667,0.73864573,0.23095351
0.70672387,0.68088233,0.6949999999999996,0.6370000000000003,0.71171737,0.7050515
0.74487305,0.25096226,0.7361495238095236,0.2294714444444443,0.7418093,0.2461606
0.69710904,0.67886096,0.70327,0.6907800000000001,0.70443285,0.7306226
0.67053956,0.4949417,0.616999999999999,0.2439999999999998,0.6650995,0.39851168
0.6777246,0.20277482,0.6791300000000002,0.2221699999999998,0.6872685,0.25486138
0.70090544,0.6194098,0.7189999999999996,0.6929999999999983,0.70443755,0.67247957
0.72326374,0.16091958,0.7355684999999994,0.2096533333333332,0.7284609,0.16904142
0.7280074,0.20206672,0.7191623095238097,0.1619618333333331,0.7345967,0.1948727
0.7368169,0.21556541,0.7370199999999997,0.2232433333333333,0.73867404,0.21624386
0.73819065,0.2194092,0.7365049999999995,0.2136379999999999,0.73902154,0.2244952
0.70461833,0.64250743,0.7239999999999991,0.7120000000000017,0.708207,0.69252926
0.7215824,0.18479425,0.7255675833333335,0.1989066666666667,0.72718185,0.18560041
0.7029356,0.6451264,0.7029999999999975,0.6440000000000039,0.70833373,0.6949933
0.7311912,0.18663156,0.7317945,0.2074799999999998,0.7344355,0.18983854
0.7414719,0.22878781,0.7313639999999993,0.1746013333333332,0.74205554,0.21923335
0.6804144,0.57050145,0.664000000000001,0.4930000000000003,0.67797995,0.5484175
0.70458174,0.6705245,0.7207799999999989,0.72201,0.7142731,0.74136335
0.70672387,0.68088233,0.6949999999999996,0.6370000000000003,0.71171737,0.7050515
0.7130776,0.66598475,0.718999999999999,0.6800000000000016,0.7178915,0.6967228
0.73740333,0.21404946,0.7321929761904762,0.205486,0.72952515,0.18535894
0.7323228,0.1986714,0.7217899999999995,0.1480080000000002,0.737924,0.19593634
0.7444824,0.24988604,0.7435639999999999,0.2375700000000001,0.7444265,0.23328185
0.68290496,0.5712651,0.6832299999999997,0.55134,0.68060046,0.6134066
0.731574,0.20703402,0.761368571428571,0.285362,0.7369989,0.20551802
0.73780143,0.22975168,0.7313200000000003,0.1952000000000001,0.73783827,0.21460366
0.7366607,0.2319068,0.7306832142857143,0.2117321428571428,0.7349767,0.2164931
0.7029356,0.6451264,0.7029999999999975,0.6440000000000039,0.70833373,0.6949933
0.7255481,0.19059059,0.7116360000000013,0.1794359999999998,0.7213573,0.18252733
0.70048285,0.6642649,0.7019999999999986,0.6700000000000013,0.70159066,0.6708604
0.7389994,0.2691962,0.7455599999999998,0.3081349999999994,0.74316174,0.29125077
0.7414273,0.23490816,0.7387249999999996,0.2298436666666666,0.742182,0.22373173
0.74202836,0.2260111,0.7324964999999996,0.2182899999999999,0.7411346,0.21554449
0.7086797,0.67237943,0.7229999999999993,0.7180000000000015,0.71129525,0.7038687
0.7362803,0.23087087,0.7578628571428574,0.3352329999999999,0.73055106,0.20591491
0.7129587,0.67313087,0.7119999999999991,0.6730000000000017,0.7148888,0.6860619
0.7365771,0.21555763,0.7208966666666659,0.1356341666666666,0.7421315,0.22268847
0.706914,0.6871661,0.7019999999999987,0.6839999999999989,0.70737326,0.698592
0.70791817,0.66315967,0.7120000000000019,0.6870000000000005,0.7082808,0.66585344
0.725929,0.1793344,0.7218875714285717,0.15212525,0.72705734,0.1882504
0.73905826,0.22622532,0.7406679999999998,0.2282266666666667,0.7404558,0.22044414
0.72209865,0.17583057,0.7307659999999996,0.1943544999999998,0.7247799,0.16961753
0.7400757,0.2554577,0.727291666666666,0.2548901587301589,0.7312614,0.21194527
0.67053956,0.4949417,0.616999999999999,0.2439999999999998,0.6650995,0.39851168
0.7310235,0.1768809,0.7378489999999996,0.2185009999999999,0.72944915,0.19214725
0.7129587,0.67313087,0.7119999999999991,0.6730000000000017,0.7148888,0.6860619
0.7414179,0.27760747,0.7272249999999992,0.1984216666666663,0.74217224,0.2785777
0.6974945,0.64349675,0.7019999999999985,0.6559999999999995,0.7007081,0.67218584
0.70811254,0.63367426,0.7229999999999993,0.68027,0.7120373,0.68213683
0.7414857,0.24169564,0.7323049999999998,0.1995738333333334,0.74052846,0.20653641
0.7375675,0.2356723,0.7529285000000001,0.3163180000000001,0.73767644,0.25376424
0.73677623,0.21795657,0.7287198333333333,0.163764,0.7377435,0.2499488
0.6950526,0.6123062,0.6929999999999992,0.6109999999999989,0.6992123,0.66515094
0.73671615,0.22434744,0.7302866666666661,0.1942212142857143,0.7397796,0.22231656
0.6950526,0.6123062,0.6929999999999992,0.6109999999999989,0.6992123,0.66515094
0.73775095,0.22136214,0.7294058333333331,0.21274,0.7340131,0.20532018
0.7268908,0.21644664,0.728534464285714,0.1924270714285715,0.7297698,0.22224794
0.69493234,0.64520836,0.7009999999999996,0.6689999999999984,0.69777215,0.6664391
0.7341085,0.21822172,0.7362166666666665,0.2347579166666665,0.73009026,0.20806423
0.7097477,0.6563254,0.7160000000000022,0.6870000000000038,0.71315485,0.69279605
0.7023597,0.6617637,0.6959999999999993,0.6379999999999995,0.7057737,0.6799224
0.7475293,0.2739355,0.7371217857142852,0.2056024523809524,0.74444115,0.23640832
0.7223594,0.17206794,0.7331799999999995,0.2202054761904764,0.72761446,0.1814673
0.7374366,0.21950126,0.7323171428571433,0.2017833333333331,0.7389114,0.19967249
0.7327636,0.20917785,0.7416263333333329,0.2469439999999999,0.7406008,0.21143027
0.734991,0.21605343,0.7357748333333329,0.2190097341269842,0.7340208,0.19218037
0.74816924,0.2619637,0.7437069999999999,0.2327342777777778,0.7436963,0.2277414
0.7029356,0.6451264,0.7029999999999975,0.6440000000000039,0.70833373,0.6949933
0.73975325,0.24790144,0.7332640000000004,0.2032240259740262,0.74093807,0.22363502
0.70090544,0.6194098,0.7189999999999996,0.6929999999999983,0.70443755,0.67247957
0.7130776,0.66598475,0.718999999999999,0.6800000000000016,0.7178915,0.6967228
0.7371637,0.23053432,0.7376508333333333,0.217805,0.7377813,0.2642842
0.72664434,0.18997395,0.7255261904761907,0.1663757142857141,0.7303454,0.17937168
0.67699975,0.5618074,0.6910000000000011,0.6619999999999996,0.6793384,0.6369894
0.7288871,0.19883907,0.7259880952380953,0.1753491666666667,0.73377347,0.19008026
0.68905425,0.57484025,0.6559999999999994,0.4229999999999997,0.6862864,0.5696377
0.7297486,0.22174656,0.7155763333333337,0.2011540000000001,0.73301613,0.20380951
0.694534,0.62945163,0.7070000000000001,0.6910000000000011,0.69977444,0.6965253
0.73430467,0.21472836,0.7447308333333338,0.2763669155844155,0.72039366,0.1883995
0.73466873,0.2194997,0.7316520000000001,0.1905033333333335,0.7427069,0.21004872
0.7029356,0.6451264,0.7029999999999975,0.6440000000000039,0.70833373,0.6949933
0.7058029,0.6531194,0.7109999999999986,0.6850000000000018,0.7105853,0.69667363
0.70382667,0.64444613,0.7018099999999996,0.6288200000000005,0.7059578,0.6720275
0.72865987,0.21338165,0.7321974761904761,0.221574,0.7328583,0.23089501
0.70974755,0.65632534,0.7160000000000022,0.6870000000000038,0.7131548,0.6927961
0.73577803,0.25571746,0.7396126428571428,0.2378708333333333,0.7454667,0.27003947
0.7097477,0.6563254,0.7160000000000022,0.6870000000000038,0.71315485,0.69279605
0.7118945,0.66533446,0.7280000000000002,0.720999999999999,0.7200877,0.7131355
0.6580386,0.46463433,0.6030000000000011,0.1910000000000001,0.6536546,0.3720612
0.6972554,0.589288,0.6989999999999994,0.5670000000000001,0.70518476,0.6394356
0.7345606,0.22264248,0.7329074999999996,0.1857334848484846,0.7375163,0.20094326
0.69994116,0.60720545,0.6929999999999992,0.5649999999999993,0.702966,0.59600616
0.6944056,0.64410305,0.6998300000000013,0.7031499999999999,0.7000362,0.7341711
0.73945403,0.22673503,0.7544915714285715,0.3323154761904759,0.73989785,0.22204849
0.73180866,0.22360456,0.7136139999999991,0.1390564761904763,0.7318754,0.2034227
0.7333766,0.23725578,0.7356599999999994,0.2425699999999996,0.740577,0.25642467
0.72936153,0.19218054,0.7143999999999991,0.1297000000000001,0.7318531,0.18430182
0.71529734,0.6826232,0.7039999999999996,0.6289999999999992,0.7186608,0.69105846
0.6602389,0.5175291,0.664000000000001,0.5829999999999989,0.6601594,0.5426562
0.7129587,0.67313087,0.7119999999999991,0.6730000000000017,0.7148888,0.6860619
0.751844,0.26054782,0.7392266666666666,0.1586750000000001,0.73417807,0.20552568
0.7302407,0.19735944,0.7217266666666657,0.162483333333333,0.7295809,0.19638222
0.6952578,0.6485146,0.6989999999999985,0.6670000000000015,0.70126665,0.6806429
0.70880795,0.68798435,0.7079999999999989,0.6929999999999992,0.7148584,0.7058366
0.6952578,0.6485146,0.6989999999999985,0.6670000000000015,0.70126665,0.6806429
0.70814604,0.6725079,0.7229999999999991,0.7120000000000017,0.7137892,0.73061967
0.73506063,0.23080754,0.7288489999999994,0.2153020952380952,0.7410009,0.23727453
0.73590744,0.23977724,0.740677142857143,0.2521851428571429,0.73828506,0.20204297
0.7029356,0.6451264,0.7029999999999975,0.6440000000000039,0.70833373,0.6949933
0.7360567,0.24675173,0.7195949999999992,0.1710276666666666,0.74324167,0.25941393
0.69495916,0.59800327,0.6949999999999997,0.5850000000000007,0.7005422,0.6093524
0.70436597,0.65315026,0.7060000000000002,0.671,0.7056846,0.6836332
0.6779311,0.5272135,0.6790000000000007,0.5379999999999988,0.67450386,0.47811595
0.67053956,0.4949417,0.616999999999999,0.2439999999999998,0.6650995,0.39851168
0.67052454,0.5363199,0.6735399999999998,0.5866100000000005,0.67236245,0.5088548
0.6910867,0.64093345,0.6820499999999998,0.6205600000000006,0.69152975,0.6969653
0.74283826,0.25725937,0.7481714172216669,0.2707028257853256,0.7475391,0.22949383
0.72611713,0.20729995,0.7368066666666659,0.2391274999999997,0.73527145,0.2225855
0.7086797,0.67237943,0.7229999999999993,0.7180000000000015,0.71129525,0.7038687
0.72055787,0.19673815,0.7180129999999998,0.1965474999999999,0.72722065,0.19469792
0.70297736,0.68964326,0.7120000000000017,0.7239999999999991,0.70939463,0.6997461
0.7029356,0.6451264,0.7029999999999975,0.6440000000000039,0.70833373,0.6949933
0.6916983,0.6428546,0.7078000000000015,0.7118799999999992,0.6970931,0.6810982
0.6786136,0.5230705,0.6090000000000012,0.1910000000000001,0.67949575,0.49954814
0.7236755,0.17918563,0.7226385714285708,0.1632166666666665,0.7277444,0.20528156
0.73213655,0.21123272,0.7288718333333329,0.2157091666666665,0.7307694,0.2186824
0.7431182,0.25217488,0.7358199999999995,0.2256794285714286,0.73672336,0.21246457
0.7308747,0.19084132,0.7200799999999994,0.1501975000000001,0.7335552,0.19237897
0.73523587,0.20536923,0.7364984999999993,0.207494,0.73450077,0.20106989
0.72638583,0.19971472,0.7327099999999993,0.2078599999999996,0.73024344,0.20492065
0.7621162,0.34538555,0.7407647619047617,0.2048439523809523,0.7512509,0.2593283
0.70672387,0.68088233,0.6949999999999996,0.6370000000000003,0.71171737,0.7050515
0.73725265,0.24219716,0.743475,0.2618100000000005,0.7361237,0.24325727
0.7299433,0.18814749,0.7317879999999997,0.1857933333333332,0.73273486,0.19217359
0.7068402,0.67965573,0.7019999999999986,0.6529999999999992,0.711099,0.7049921
0.74089146,0.24454251,0.7369455555555553,0.2153845238095238,0.74105966,0.22840005
0.7259146,0.14034075,0.7341499999999997,0.1968906666666667,0.7376573,0.19210239
0.70461833,0.64250743,0.7239999999999991,0.7120000000000017,0.708207,0.69252926
0.7334153,0.21557522,0.733115,0.1983504999999998,0.74177635,0.23510438
0.72306216,0.18582743,0.7251154761904754,0.190635,0.73413557,0.21453695
0.71776956,0.13535094,0.7225400000000001,0.1496999999999996,0.728825,0.18379945
0.6885353,0.63466525,0.6769799999999997,0.5698000000000002,0.6923085,0.67164564
0.65294516,0.4626276,0.6437600000000007,0.2933200000000002,0.6471644,0.34881335
0.6866861,0.58846414,0.6850000000000009,0.6430000000000006,0.6902529,0.6722318
0.53941125,0.17006356,0.5164699999999993,0.1058999999999999,0.5171509,0.19147015
0.7433592,0.24011028,0.7393416666666665,0.2191746666666666,0.7423097,0.2155738
0.6969673,0.6382557,0.7150000000000019,0.7169999999999992,0.69045436,0.6914134
0.66887236,0.5459971,0.6689999999999986,0.5480000000000013,0.66015476,0.557477
0.7350781,0.20866296,0.7150000000000019,0.1289900000000001,0.73461986,0.19175658
0.7027774,0.6659055,0.7007399999999998,0.6382399999999995,0.7046066,0.6613373
0.7392352,0.24419427,0.7348533333333331,0.219541,0.7348241,0.23327303
0.7347992,0.26434118,0.7344626666666669,0.2483227142857141,0.74398124,0.30536175
0.6967432,0.62336665,0.6999900000000012,0.6564399999999984,0.69576013,0.6886665
0.73498523,0.19855982,0.7906150000000008,0.4633406666666669,0.740244,0.25290528
0.7210028,0.17281604,0.7399593571428568,0.2172698888888889,0.7323178,0.20202596
0.71718764,0.1620628,0.7259999999999992,0.1931329646464646,0.7319102,0.1951689
0.6997645,0.61809987,0.6989999999999994,0.6670000000000011,0.70386755,0.66838515
0.73313403,0.20628661,0.7251032380952378,0.1612689047619048,0.73754,0.21711314
0.64735925,0.45401853,0.6101800000000009,0.2389400000000001,0.64388156,0.49084634
0.7411781,0.25097078,0.7368206666666665,0.2018591666666667,0.7389821,0.21821798
0.7321411,0.19275948,0.7306466666666667,0.1960563333333333,0.73852503,0.19815162
0.7130776,0.66598475,0.718999999999999,0.6800000000000016,0.7178915,0.6967228
0.7229358,0.17338276,0.7107627663447661,0.1262437950627803,0.72623146,0.2049951
0.7349497,0.20507842,0.7287106666666666,0.1892289999999998,0.74017835,0.2360453
0.73159295,0.2051534,0.741533083333333,0.256572,0.73455983,0.21369626
0.7029356,0.6451264,0.7029999999999975,0.6440000000000039,0.70833373,0.6949933
0.73341995,0.21603382,0.7263124999999993,0.1815128333333332,0.73349106,0.19597253
0.69707966,0.652122,0.6979999999999997,0.6679999999999997,0.70106244,0.6847742
0.6819801,0.5870902,0.6739999999999999,0.5540000000000005,0.678565,0.5773664
0.7387351,0.22640923,0.7296637499999997,0.1998259523809524,0.74041057,0.19446234
0.74242914,0.23981941,0.7153040000000016,0.1227630238095238,0.74099886,0.26141357
0.7223564,0.18746483,0.7101916666666681,0.1359666666666664,0.72827506,0.1872822
0.71016616,0.68627954,0.7250000000000003,0.7160000000000001,0.7176364,0.7202994
0.73692966,0.21517229,0.7472527777777777,0.2649278095238094,0.74687886,0.22656386
0.73419964,0.22964409,0.7429099999999998,0.2839312619047616,0.7346412,0.23317365
0.68224955,0.57123965,0.6926299999999996,0.6301899999999993,0.68644375,0.6408562
0.7390583,0.23913747,0.7363774999999997,0.2206141666666666,0.73883545,0.22511482
0.7130776,0.66598475,0.718999999999999,0.6800000000000016,0.7178915,0.6967228
0.6609151,0.5264034,0.6540000000000016,0.5300000000000007,0.6564293,0.51964396
0.6951675,0.659078,0.7010000000000002,0.6541299999999999,0.7080394,0.6865138
0.7097477,0.6563254,0.7160000000000022,0.6870000000000038,0.71315485,0.69279605
0.69907737,0.63017875,0.6949999999999997,0.6409999999999988,0.70065975,0.6654883
0.6703607,0.576746,0.68729,0.63754,0.6716277,0.68972576
0.7272221,0.17349464,0.7254916666666668,0.1830768333333333,0.7262571,0.17278916
0.6863147,0.5494013,0.6612200000000001,0.4590699999999997,0.6913538,0.55689985
0.7058029,0.6531194,0.7109999999999986,0.6850000000000018,0.7105853,0.69667363
0.656752,0.50918263,0.6612,0.44769,0.6592998,0.5033309
0.7029356,0.6451264,0.7029999999999975,0.6440000000000039,0.70833373,0.6949933
0.74155486,0.23240566,0.7469614999999998,0.2401548333333333,0.74011815,0.21670261
0.6952578,0.6485146,0.6989999999999985,0.6670000000000015,0.70126665,0.6806429
0.7262382,0.20738131,0.7130208333333325,0.1402413333333332,0.7303128,0.19408694
0.70791817,0.66315967,0.7120000000000019,0.6870000000000005,0.7082808,0.66585344
0.73944044,0.23684725,0.7357049999999998,0.2081198333333333,0.7425335,0.22025941
0.7237282,0.1927988,0.7127934285714285,0.1261786666666667,0.7258363,0.19970103
0.5159296,0.07458401,0.5246600000000001,0.12577,0.5066084,0.039259814
0.74773276,0.26566255,0.7353139999999996,0.2247716666666667,0.7442986,0.22855818
0.694534,0.62945163,0.7070000000000001,0.6910000000000011,0.69977444,0.6965253
0.73654866,0.20432308,0.722696666666666,0.1341700000000002,0.74141675,0.2138003
0.7316067,0.22023895,0.7101554761904777,0.14918,0.72646576,0.19722164
0.70436597,0.65315026,0.7060000000000002,0.671,0.7056846,0.6836332
0.74126935,0.23422131,0.737936083333333,0.240116,0.7430928,0.22661614
0.6881101,0.61026096,0.7080500000000015,0.6696099999999997,0.6864509,0.6909443
0.7276151,0.18133739,0.717368571428572,0.1266685714285714,0.7331613,0.1931647
0.73527074,0.24580836,0.7740562976190479,0.4272764761904761,0.73484606,0.22063786
0.6819801,0.5870902,0.6739999999999999,0.5540000000000005,0.678565,0.5773664
0.73068845,0.22581631,0.7266594999999999,0.2588466904761906,0.7277156,0.22095475
0.69493234,0.64520836,0.7009999999999996,0.6689999999999984,0.69777215,0.6664391
0.7207055,0.20775926,0.7343254761904764,0.2691209523809524,0.72678643,0.22203511
0.70384634,0.14452308,0.7217190476190476,0.2253362142857143,0.7148093,0.1654487
0.74208057,0.26051486,0.7256708333333333,0.1680505119047619,0.7426974,0.2399163
0.70672387,0.68088233,0.6949999999999996,0.6370000000000003,0.71171737,0.7050515
0.69003123,0.60918844,0.6989999999999994,0.6450000000000015,0.69068277,0.6346474
0.7233376,0.19574016,0.7326699307359302,0.25031875,0.73224366,0.2292937
0.73465633,0.21809569,0.7350986666666663,0.2016891666666666,0.7307036,0.20293923
0.7412568,0.23282629,0.7377999999999996,0.2382225000000001,0.7452023,0.23736368
0.69093204,0.61034775,0.7079999999999989,0.6760000000000006,0.6950496,0.66430676
0.72778195,0.1880818,0.7305249999999996,0.2036416666666666,0.73528886,0.19355893
0.7417707,0.26276737,0.7361683333333331,0.230477619047619,0.74496794,0.2532478
0.73923385,0.24352878,0.7299475000000002,0.1923442857142856,0.73791695,0.24078947
0.7263768,0.2070103,0.7262680476190471,0.1797391428571429,0.7350218,0.20991375
0.71029615,0.6846327,0.7000000000000013,0.6659999999999985,0.70789593,0.6898614
0.7347964,0.2465752,0.7587366666666668,0.3773633333333333,0.73875034,0.25792685
0.7324027,0.18962258,0.7488213333333331,0.282262,0.7298585,0.18770815
0.6952578,0.6485146,0.6989999999999985,0.6670000000000015,0.70126665,0.6806429
0.7267096,0.17286491,0.7334529166666666,0.2041452063492062,0.7356735,0.19466466
0.72792554,0.20156056,0.7104003809523814,0.1102197619047618,0.72884095,0.19401959
0.74370897,0.24513635,0.7362454999999999,0.2227700000000001,0.74432254,0.22065224
0.73012674,0.1867814,0.7249599999999998,0.1683100000000001,0.7316594,0.19324839
0.732209,0.17587778,0.7331949999999999,0.2084688095238096,0.72503424,0.1921568
0.7029356,0.6451264,0.7029999999999975,0.6440000000000039,0.70833373,0.6949933
0.74392515,0.22261119,0.7405674166666665,0.23529,0.7433188,0.21870738
0.6819801,0.5870902,0.6739999999999999,0.5540000000000005,0.678565,0.5773664
0.7416954,0.25248706,0.7315466666666666,0.185325,0.7406222,0.214691
0.7367944,0.23311034,0.7381299999999997,0.217563333333333,0.74306506,0.22098929
0.73213655,0.21123272,0.7288718333333329,0.2157091666666665,0.7307694,0.2186824
0.72734874,0.18839544,0.7309841666666663,0.2006407142857142,0.72521895,0.194415
0.7097477,0.6563254,0.7160000000000022,0.6870000000000038,0.71315485,0.69279605
0.6646512,0.50274205,0.6569999999999981,0.4729999999999995,0.6627549,0.44774362
0.73271096,0.21668234,0.7451614166666665,0.2419894047619047,0.73379374,0.25073442
0.6819801,0.5870902,0.6739999999999999,0.5540000000000005,0.678565,0.5773664
0.7296411,0.19152445,0.7323434999999994,0.1998256666666667,0.7351843,0.20246404
0.694534,0.62945163,0.7070000000000001,0.6910000000000011,0.69977444,0.6965253
0.7368976,0.21245566,0.7373849999999998,0.2436895833333333,0.7408155,0.22397698
0.7097477,0.6563254,0.7160000000000022,0.6870000000000038,0.71315485,0.69279605
0.7296277,0.17807162,0.7156195714285718,0.1225648809523809,0.7267299,0.20759043
0.69149077,0.5829514,0.7239999999999991,0.71,0.6892536,0.66846687
0.7122473,0.15921226,0.7144833333333349,0.1343833214285713,0.7273708,0.20644872
0.72200435,0.16391563,0.7241999999999991,0.1591866666666667,0.7203951,0.15551543
0.69121665,0.6373342,0.6830499999999999,0.5423600000000001,0.698343,0.68418366
0.7253279,0.18307304,0.724219999999999,0.1753209285714284,0.736685,0.20056486
0.7455753,0.25063312,0.7312916666666665,0.2151525000000001,0.73370004,0.20088366
0.7294821,0.1937381,0.7220164523809518,0.1506933333333335,0.7267363,0.18333298
0.71016616,0.68627954,0.7250000000000003,0.7160000000000001,0.7176364,0.7202994
0.7270467,0.17582157,0.7244699999999995,0.1509699999999997,0.73182094,0.17834571
0.67053956,0.4949417,0.616999999999999,0.2439999999999998,0.6650995,0.39851168
0.66030514,0.50254595,0.6365099999999991,0.3199100000000004,0.65195346,0.46206158
0.69661,0.6181623,0.7019099999999987,0.5989999999999993,0.7012036,0.6608874
0.723144,0.18813875,0.7407233333333335,0.2674690000000002,0.72676456,0.186912
0.70178825,0.66589534,0.6949999999999997,0.6460000000000007,0.70912385,0.6885973
0.72546226,0.18459547,0.7206963452380952,0.1797627738095237,0.7321322,0.19891497
0.7346796,0.24199623,0.7352131190476188,0.2320076666666666,0.7378061,0.25793874
0.66222614,0.49380642,0.622999999999999,0.2330000000000003,0.65176827,0.37237707
0.7283859,0.20468533,0.7270516666666669,0.2234600000000003,0.7424351,0.2498081
0.75385565,0.27125764,0.7393694999999993,0.2193042857142856,0.7480111,0.25173885
0.69784564,0.6423078,0.6940000000000011,0.633000000000001,0.7023628,0.70838505
0.7383952,0.22721076,0.7346958571428566,0.2156431666666665,0.74216604,0.21383041
0.72204626,0.16388822,0.7237651666666666,0.1704103214285713,0.7229719,0.1632756
0.67859244,0.5685744,0.6079999999999988,0.2280000000000003,0.67334056,0.5477108
0.735703,0.2235604,0.7815499999999979,0.4513899999999991,0.73667026,0.235244
0.6778935,0.58698195,0.7039299999999994,0.6824699999999996,0.6807929,0.6764142
0.7329509,0.23335347,0.7258473333333328,0.1948235714285714,0.73747563,0.21040988
0.72596025,0.17326444,0.7170095000000011,0.1474581666666667,0.72800595,0.17819564
0.6745324,0.54617393,0.6972299999999997,0.6598500000000003,0.6663016,0.59348136
0.73553264,0.20979849,0.7371741666666664,0.2117208095238095,0.73334783,0.19926316
0.73997205,0.2255078,0.7392838095238093,0.2330660119047619,0.74955857,0.23928949
0.7278428,0.18389753,0.747006095238095,0.2138151428571428,0.7298949,0.2267676
0.7464136,0.29736474,0.7281033333333337,0.2429300000000004,0.7435416,0.3034609
0.69079363,0.60788536,0.6813799999999997,0.53366,0.7034393,0.65936714
0.74350566,0.24262863,0.74391,0.2549713333333335,0.75151926,0.24496642
0.70633674,0.6436691,0.6939099999999995,0.6386900000000005,0.7194743,0.7053688
0.7097477,0.6563254,0.7160000000000022,0.6870000000000038,0.71315485,0.69279605
0.6880694,0.22564057,0.6938900000000001,0.2433608333333333,0.68908256,0.2333642
0.73754907,0.23312736,0.7305295000000003,0.2372755,0.7377392,0.21760893
0.71700263,0.14463583,0.7352824285714287,0.2213585714285715,0.7214673,0.1975218
0.74073684,0.24083766,0.7388112499999997,0.2497199999999999,0.73582244,0.23162413
0.73565227,0.18201798,0.7388693333333335,0.1955231547619048,0.7334126,0.18138231
0.72272396,0.17756012,0.7532375,0.3431344999999999,0.72951937,0.19195503
0.739716,0.27093208,0.7446375000000002,0.2994255000000001,0.7401905,0.28166506
0.7062118,0.68551403,0.7197799999999992,0.7338199999999996,0.7140608,0.7109261
0.69655234,0.640739,0.706000000000001,0.6959999999999993,0.6991634,0.67977935
0.70814604,0.6725079,0.7229999999999991,0.7120000000000017,0.7137892,0.73061967
0.7330466,0.20692024,0.7216454761904758,0.1677422857142856,0.73269606,0.18872076
0.7280874,0.19189888,0.7384466666666661,0.2046698809523809,0.7272767,0.18418196
0.73859006,0.2315124,0.7284903571428576,0.1880335714285714,0.7382543,0.21640167
0.7412298,0.23492083,0.735008571428572,0.2060266666666663,0.74224144,0.25824153
0.7351281,0.2191082,0.7365376666666663,0.2194049999999999,0.7456738,0.21267647
0.6819801,0.5870902,0.6739999999999999,0.5540000000000005,0.678565,0.5773664
0.6810458,0.58365905,0.6959999999999993,0.6860000000000005,0.6843864,0.6268857
0.7354166,0.23265433,0.7328043095238095,0.2148689365079365,0.73802626,0.20697427
0.72309387,0.17237294,0.7237521666666664,0.1736321428571428,0.7253045,0.17113036
0.73376465,0.1956268,0.7406915119047618,0.2517644761904762,0.73670435,0.21345317
0.71414185,0.14993727,0.7179850000000014,0.1710298571428569,0.7218876,0.151122
0.7424424,0.24234098,0.7366349999999994,0.2006721666666667,0.74596083,0.23975992
0.70090544,0.6194098,0.7189999999999996,0.6929999999999983,0.70443755,0.67247957
0.7269485,0.16472906,0.7335174999999994,0.2262319999999999,0.73727185,0.19802219
0.76187307,0.29792655,0.7475400000000002,0.2729186666666667,0.75847745,0.2437766
0.67920065,0.5460259,0.6981200000000009,0.6181400000000001,0.67790365,0.6392626
0.7372553,0.23861039,0.7394059999999999,0.245284761904762,0.7386266,0.22496423
0.7389832,0.2410537,0.7254866666666661,0.1503092857142854,0.74529266,0.23420265
0.7315813,0.21099442,0.7204500000000011,0.1484251666666669,0.73277956,0.24359053
0.7417817,0.23367482,0.7448700000000001,0.2328173333333331,0.7410691,0.21514466
0.74216306,0.24824694,0.7343899999999998,0.2174839999999999,0.74463487,0.23277068
0.72477424,0.17389357,0.7220229999999997,0.1414354166666667,0.7313106,0.2149499
0.6858024,0.2158702,0.7091883333333336,0.2242214285714286,0.6884517,0.26847032
0.69493234,0.64520836,0.7009999999999996,0.6689999999999984,0.69777215,0.6664391
0.7086293,0.6982785,0.7229999999999993,0.7289999999999993,0.7222878,0.75871664
0.67053956,0.4949417,0.616999999999999,0.2439999999999998,0.6650995,0.39851168
0.73688126,0.21486515,0.734100226190476,0.2105233809523808,0.739095,0.21578401
0.7371592,0.23007771,0.7150670952380956,0.1499252500000001,0.73702514,0.21046215
0.72525,0.18318915,0.7182700000000017,0.1347833333333333,0.7263724,0.19053778
0.68168664,0.5804266,0.6977099999999994,0.6169100000000001,0.6836473,0.64770657
0.7284607,0.22328314,0.7016147619047621,0.1438436666666665,0.7153846,0.1566306
0.7062944,0.1854161,0.7192120833333334,0.216087111111111,0.71715456,0.15011212
0.7439867,0.2881076,0.7375834999999996,0.2401586666666667,0.73558104,0.23133796
0.7020209,0.16280076,0.7406698809523813,0.2694432142857142,0.7127576,0.16776459
0.7029356,0.6451264,0.7029999999999975,0.6440000000000039,0.70833373,0.6949933
0.70010114,0.6500342,0.6949999999999997,0.6210000000000008,0.70221585,0.66402245
0.75428313,0.24571544,0.7475361666666664,0.2359689285714285,0.7372391,0.1941807
0.7292261,0.18785301,0.7256233333333334,0.1654846666666666,0.73224854,0.19595346
0.73419964,0.22964412,0.7429099999999998,0.2839312619047616,0.7346412,0.23317365
0.7029356,0.6451264,0.7029999999999975,0.6440000000000039,0.70833373,0.6949933
0.703303,0.6692389,0.7019999999999987,0.677,0.70798683,0.7056262
0.7344097,0.21301255,0.7316048333333335,0.1994627063492063,0.735817,0.20075446
0.7370203,0.234456,0.7354964999999999,0.1978864999999999,0.7334251,0.20463884
0.7253535,0.16544276,0.7441958333333331,0.2466559999999999,0.73289245,0.22066933
0.69813704,0.62577266,0.6848600000000009,0.6068099999999987,0.7048415,0.7169018
0.70247,0.6613997,0.7030000000000014,0.6659999999999985,0.7033946,0.692787
0.726959,0.1761558,0.7358399999999995,0.1992247142857143,0.7314919,0.1775365
0.7073826,0.64203703,0.6923199999999998,0.61053,0.712742,0.6915529
0.7245983,0.19626558,0.7258316666666664,0.1887327380952381,0.73011017,0.19475943
0.7358054,0.23674145,0.7471033333333333,0.3345326785714286,0.74497193,0.24616244
0.68184984,0.5608217,0.6937000000000002,0.6402100000000001,0.6946663,0.68297005
0.73687565,0.23184073,0.7538716666666666,0.2523503095238096,0.74712205,0.23425668
0.73294175,0.19807446,0.7330799999999997,0.1979153333333333,0.7384376,0.20726754
0.73035073,0.1883991,0.7245199999999994,0.1718735000000001,0.74008745,0.21515831
0.73644304,0.21468252,0.725126666666666,0.1780533333333334,0.73893666,0.26231018
0.6860551,0.5742998,0.6813300000000004,0.56139,0.6902205,0.6639004
0.69368386,0.6013775,0.6929500000000001,0.6081600000000004,0.6897217,0.6292172
0.7009053,0.6194098,0.7189999999999996,0.6929999999999983,0.70443755,0.67247957
0.7253305,0.19237834,0.7266610238095236,0.2156946666666667,0.73268235,0.2216528
0.7383045,0.22888145,0.7240234999999998,0.1688266666666666,0.73723423,0.22604162
0.7361935,0.21685594,0.7169951428571426,0.1237046666666667,0.7342323,0.18848595
0.7408662,0.24450034,0.7429941666666667,0.2311639999999998,0.751454,0.22912565
0.694534,0.62945163,0.7070000000000001,0.6910000000000011,0.69977444,0.6965253
0.6820316,0.56749904,0.6547499999999999,0.4344600000000001,0.68269527,0.4683237
0.67628825,0.55840814,0.6858999999999997,0.6053799999999998,0.68217754,0.62092227
0.69707966,0.652122,0.6979999999999997,0.6679999999999997,0.70106244,0.6847742
0.701783,0.63372254,0.7004149999999999,0.6743699999999997,0.70843613,0.69532883
0.73050123,0.18107796,0.731327142857143,0.1920444285714285,0.729115,0.17998609
0.7158892,0.67623276,0.7355599999999997,0.7214599999999999,0.7198107,0.7115014
0.74620855,0.24859357,0.7389933333333333,0.1985698214285713,0.7398055,0.21264651
0.72737324,0.17743328,0.7334099999999998,0.2082095833333333,0.734771,0.2035026
0.73551977,0.23786768,0.7596050000000002,0.3600099999999995,0.7339546,0.24456891
0.7130776,0.66598475,0.718999999999999,0.6800000000000016,0.7178915,0.6967228
0.7181559,0.153442,0.7284199999999998,0.1723871666666666,0.72595984,0.1734846
0.6587294,0.5065688,0.6963099999999995,0.6015600000000002,0.6543188,0.54831076
0.7029356,0.6451264,0.7029999999999975,0.6440000000000039,0.70833373,0.6949933
0.7447991,0.26019776,0.7484899999999998,0.2994283333333331,0.74827206,0.2624855
0.7129587,0.67313087,0.7119999999999991,0.6730000000000017,0.7148888,0.6860619
0.6573811,0.49489594,0.6443699999999999,0.41292,0.6476035,0.3657917
0.6820316,0.56749904,0.6547499999999999,0.4344600000000001,0.68269527,0.4683237
0.72895414,0.18504044,0.7298999999999997,0.1977001190476189,0.7262654,0.19039005
0.6996051,0.6510993,0.7030200000000013,0.6490000000000008,0.7003027,0.6794896
0.69907796,0.6312605,0.6790600000000001,0.6063500000000004,0.697033,0.63678473
0.6692917,0.50653595,0.666209999999999,0.5005299999999994,0.6637816,0.5539986
0.73324496,0.20941213,0.7189369999999999,0.1412999999999998,0.7379697,0.21462226
0.70929396,0.6684765,0.6962999999999997,0.6139699999999999,0.7066201,0.6332421
0.6853481,0.2411437,0.6930299999999996,0.2366091666666667,0.6803272,0.22611406
0.7316761,0.20239145,0.7199774999999992,0.1486933333333336,0.7335897,0.19535065
0.7315713,0.19528663,0.7482966666666667,0.271756,0.73468745,0.18949248
0.70919293,0.6459147,0.7077399999999989,0.6659999999999985,0.7054292,0.6222876
0.6609151,0.5264034,0.6540000000000016,0.5300000000000007,0.6564293,0.51964396
0.7029356,0.6451264,0.7029999999999975,0.6440000000000039,0.70833373,0.6949933
0.7449149,0.26332322,0.7452306666666663,0.2807478333333333,0.73849344,0.23645172
0.7037915,0.68643415,0.7076699999999989,0.710989999999999,0.709756,0.6973852
0.7029356,0.6451264,0.7029999999999975,0.6440000000000039,0.70833373,0.6949933
0.7345903,0.21423066,0.7334439999999997,0.2145066666666667,0.7264787,0.19419193
0.7029356,0.6451264,0.7029999999999975,0.6440000000000039,0.70833373,0.6949933
0.68044674,0.5758805,0.6790000000000007,0.5880000000000006,0.6810588,0.5791629
0.7053085,0.6472702,0.7255899999999995,0.6863799999999989,0.7097937,0.7150022
0.7393953,0.24792007,0.7452001111111112,0.261104869047619,0.7465104,0.26711416
0.7352411,0.23415208,0.7274560000000001,0.1786237619047619,0.739345,0.22323951
0.73052204,0.19786844,0.7337699999999995,0.1898319166666666,0.73232543,0.2234423
0.69707966,0.652122,0.6979999999999997,0.6679999999999997,0.70106244,0.6847742
0.7311606,0.20631742,0.7187599999999993,0.1498604999999996,0.7338861,0.2099292
0.73788303,0.21235451,0.7421416666666667,0.2240201666666667,0.7389743,0.20808053
0.69493234,0.64520836,0.7009999999999996,0.6689999999999984,0.69777215,0.6664391
0.7232412,0.16888422,0.7362330555555553,0.2041704166666666,0.73166776,0.19049275
0.73179966,0.22873327,0.7338133333333329,0.2263333333333334,0.73517746,0.23675202
0.7210028,0.17281604,0.7399593571428568,0.2172698888888889,0.7323178,0.20202596
0.69592595,0.6011852,0.6949999999999997,0.6450000000000015,0.70246166,0.6621499
0.7272068,0.18663424,0.729615,0.1882291904761905,0.7282383,0.19567734
0.75165987,0.28837633,0.7397809999999997,0.2462129761904762,0.7472444,0.23494193
0.7347607,0.21243083,0.7242359761904757,0.1588023333333333,0.7348051,0.20067184
0.75170153,0.23440999,0.7437044444444443,0.2893889999999999,0.7476206,0.21427105
0.7326162,0.20693433,0.7348299999999994,0.2023660000000001,0.73901093,0.20502219
0.7130776,0.66598475,0.718999999999999,0.6800000000000016,0.7178915,0.6967228
0.67592454,0.58910644,0.6809999999999989,0.6360000000000011,0.6770046,0.6331845
0.73087126,0.19856524,0.7378940476190476,0.2244058333333334,0.7351836,0.20914751
0.6903077,0.6335888,0.6889999999999995,0.6310000000000001,0.69163465,0.66696763
0.73019034,0.20352137,0.7509150000000006,0.2931340000000004,0.735738,0.20450862
0.72151583,0.17890033,0.7273960714285708,0.166659642857143,0.72926086,0.18737444
0.6979427,0.66657716,0.6978099999999998,0.6494599999999996,0.69897753,0.7067186
0.7413386,0.25720564,0.7414935714285713,0.2260440000000001,0.7398199,0.20132232
0.72837764,0.18998799,0.7290779999999997,0.1807638333333333,0.7282103,0.18596661
0.7384704,0.23062712,0.7549446904761905,0.3009124999999999,0.7373321,0.2439476
0.73238635,0.2192983,0.7164149999999999,0.1447969999999999,0.73310727,0.19613001
0.72787464,0.22932005,0.7039599999999987,0.1461783333333329,0.7298567,0.21963048
0.73866314,0.24966055,0.7392066666666663,0.2245299999999998,0.73008275,0.2015121
0.73282963,0.22597182,0.7280226666666663,0.1892626190476191,0.73236513,0.20462489
0.7362608,0.2096847,0.7394259999999997,0.2424758333333333,0.7437204,0.2162205
0.72159386,0.21225935,0.7232344761904763,0.2379704285714286,0.72467095,0.21469072
0.6699083,0.55036694,0.6909400000000002,0.64142,0.66640735,0.64727366
0.730643,0.20644438,0.7384972222222222,0.2311765000000001,0.73602366,0.2037791
0.73580784,0.25295657,0.7396114999999998,0.2858136666666667,0.73828423,0.260476
0.7294435,0.20044488,0.7337991666666659,0.2235344047619048,0.7349171,0.21873084
0.73292136,0.21904194,0.7258749999999992,0.1825974999999998,0.73650014,0.22205551
0.7364071,0.21269661,0.7400849999999999,0.2103874523809523,0.7374914,0.20686246
0.6622262,0.49380648,0.622999999999999,0.2330000000000003,0.65176827,0.3723771
0.69495916,0.59800327,0.6949999999999997,0.5850000000000007,0.7005422,0.6093524
0.72326064,0.21167415,0.7254448333333333,0.2718879999999999,0.7381928,0.24151136
0.6972554,0.589288,0.6989999999999994,0.5670000000000001,0.70518476,0.6394356
0.6769997,0.5618074,0.6910000000000011,0.6619999999999996,0.6793384,0.6369894
0.72751,0.21652651,0.7383033333333333,0.2598391190476192,0.7343315,0.22186545
0.7234217,0.21184498,0.7078319047619059,0.1628893333333333,0.73356915,0.2495881
0.7248684,0.146945,0.7301099999999997,0.1948285714285714,0.739372,0.1951206
0.737145,0.22999936,0.7478053333333334,0.3083874999999999,0.7370399,0.21147297
0.6818259,0.6241317,0.6830000000000004,0.6580000000000008,0.6826533,0.6595836
0.679711,0.5560074,0.6665599999999986,0.5421300000000006,0.678601,0.6229039
0.69485736,0.6093271,0.6959999999999993,0.6189999999999999,0.6987248,0.6557124
0.7130776,0.66598475,0.718999999999999,0.6800000000000016,0.7178915,0.6967228
0.7058029,0.6531194,0.7109999999999986,0.6850000000000018,0.7105853,0.69667363
0.7357186,0.23127085,0.7429399999999995,0.2659050000000005,0.7340111,0.19987752
0.6819801,0.5870902,0.6739999999999999,0.5540000000000005,0.678565,0.5773664
0.7208676,0.18463182,0.7264049761904762,0.2289747142857143,0.7249831,0.19082594
0.7029356,0.6451264,0.7029999999999975,0.6440000000000039,0.70833373,0.6949933
0.6948259,0.26272273,0.6855100000000001,0.2206058333333333,0.67747927,0.23091024
0.75493366,0.2700975,0.7418666666666663,0.2331399999999999,0.75262487,0.24586067
0.73121035,0.18990856,0.7376544999999994,0.2169613333333332,0.7378266,0.215566
0.6777264,0.5545868,0.6899999999999991,0.6520000000000009,0.67468464,0.615218
0.7363986,0.24668881,0.7486043095238096,0.3291450952380952,0.7377652,0.27109718
0.69093204,0.61034775,0.7079999999999989,0.6760000000000006,0.6950496,0.66430676
0.68884826,0.6568067,0.6836600000000004,0.6160900000000006,0.6974179,0.6850789
0.73584014,0.22781879,0.7268534166666669,0.1919191666666666,0.7270421,0.18539244
0.74493295,0.25695142,0.7460774999999997,0.2277948333333333,0.73638743,0.22032344
0.7130776,0.66598475,0.718999999999999,0.6800000000000016,0.7178915,0.6967228
0.5059008,0.08140141,0.51222,0.11621,0.50947016,0.1527442
0.7123705,0.658212,0.7084499999999992,0.6696999999999992,0.71422434,0.7021149
0.7455523,0.26145196,0.7378918333333331,0.2342581428571429,0.7459098,0.25568676
0.72630304,0.1848239,0.7207099999999993,0.137204,0.7300409,0.19144371
0.7325252,0.19240364,0.724569999999999,0.1645,0.7361197,0.20072472
0.70672387,0.68088233,0.6949999999999996,0.6370000000000003,0.71171737,0.7050515
0.7304474,0.22714189,0.7459399999999998,0.3043033333333336,0.7297828,0.24416259
0.73637676,0.20608872,0.7377736666666665,0.2098775,0.73834634,0.20204672
0.72813034,0.19716704,0.7322966666666666,0.1992800000000001,0.73397106,0.20449363
0.68982124,0.585198,0.6949999999999997,0.6370000000000003,0.69623005,0.64610934
0.6923914,0.5886612,0.7199999999999993,0.7120000000000017,0.6984395,0.6569503
0.6915823,0.6318457,0.7025800000000002,0.6343100000000002,0.70391273,0.6872149
0.7275408,0.19883126,0.737763333333333,0.2111178571428569,0.73814976,0.22585763
0.7029356,0.6451264,0.7029999999999975,0.6440000000000039,0.70833373,0.6949933
0.7305995,0.2143448,0.7337758571428565,0.2021929285714286,0.73134184,0.21016626
0.71529734,0.6826232,0.7039999999999996,0.6289999999999992,0.7186608,0.69105846
0.7309681,0.21112984,0.7470999999999998,0.3120684999999997,0.7322797,0.20767409
0.72596025,0.17326444,0.7170095000000011,0.1474581666666667,0.72800595,0.17819564
0.7316784,0.19332424,0.734027113095238,0.1966484166666666,0.734496,0.19801739
0.694534,0.62945163,0.7070000000000001,0.6910000000000011,0.69977444,0.6965253
0.70672387,0.68088233,0.6949999999999996,0.6370000000000003,0.71171737,0.7050515
0.68768513,0.5693336,0.710999999999999,0.6730000000000014,0.692744,0.6193237
0.7296013,0.21662545,0.724159999999999,0.1774999999999997,0.7400669,0.240258
0.7410288,0.25287205,0.7437699999999998,0.2496991666666665,0.7349539,0.20675202
0.7302407,0.19735944,0.7217266666666657,0.162483333333333,0.7295809,0.19638222
0.7539259,0.28768688,0.7281547222222216,0.18319,0.7498628,0.24386258
0.7058029,0.6531194,0.7109999999999986,0.6850000000000018,0.7105853,0.69667363
0.7375446,0.2190193,0.7379899999999993,0.2488100000000001,0.7349928,0.2115395
0.734182,0.21011022,0.7334750000000004,0.2052900000000003,0.73616767,0.20119353
0.7379396,0.23335999,0.7275129999999994,0.1955888095238095,0.7375639,0.20036612
0.6779311,0.5272135,0.6790000000000007,0.5379999999999988,0.67450386,0.47811595
0.7456686,0.25875926,0.7327183333333331,0.2006685357142857,0.73620504,0.22097841
0.70436597,0.65315026,0.7060000000000002,0.671,0.7056846,0.6836332
0.7256193,0.18061274,0.7230248888888883,0.1725503333333332,0.7276239,0.18439911
0.6602429,0.5037873,0.68979,0.605,0.6517892,0.4646985
0.7322367,0.19424558,0.7270191666666661,0.1619391428571428,0.73474604,0.1843898
0.72541195,0.1913237,0.7296131190476187,0.2024461190476191,0.72846234,0.17268696
0.701756,0.6328167,0.7169999999999992,0.7049999999999987,0.697039,0.6696994
0.7097477,0.6563254,0.7160000000000022,0.6870000000000038,0.71315485,0.69279605
0.7249042,0.17136484,0.7268199999999994,0.1834880000000003,0.7292299,0.18790005
0.7081181,0.67691267,0.7040799999999998,0.63034,0.7112426,0.6965117
0.72734874,0.17293814,0.7219199999999989,0.141675238095238,0.731745,0.18198133
0.6992049,0.64165777,0.6634899999999996,0.50444,0.69632775,0.58072114
0.7029356,0.6451264,0.7029999999999975,0.6440000000000039,0.70833373,0.6949933
0.7319737,0.19458544,0.728663238095238,0.1825629047619047,0.7324413,0.18598086
0.72519755,0.19391823,0.7333263095238096,0.2193166666666667,0.73585427,0.22318423
0.7385102,0.25488445,0.7324869523809522,0.2138066666666667,0.73625356,0.2113109
0.6952578,0.6485146,0.6989999999999985,0.6670000000000015,0.70126665,0.6806429
0.7464522,0.28735042,0.7477749999999999,0.2834002777777781,0.7421727,0.25356263
0.69197524,0.6034031,0.6512600000000015,0.4170000000000008,0.68885946,0.5800727
0.7349815,0.20720029,0.7440520833333334,0.2687095476190478,0.74137247,0.21691519
0.73253465,0.23728484,0.7462676666666667,0.3382470000000001,0.73850834,0.24023508
0.53995025,0.17325616,0.5360300000000006,0.1265150000000002,0.5333953,0.21489918
0.70041263,0.6217951,0.7269999999999992,0.7139999999999991,0.7051301,0.6819933
0.735574,0.2220096,0.7367190476190473,0.1981456190476191,0.7377145,0.21642257
0.7422633,0.22660556,0.7327899999999997,0.1809349999999999,0.73871297,0.19781178
0.7229836,0.20002088,0.7285385000000001,0.2189705,0.7301035,0.21825701
0.70672387,0.68088233,0.6949999999999996,0.6370000000000003,0.71171737,0.7050515
0.7275307,0.1903655,0.7309659999999996,0.1973700000000001,0.72879493,0.17629123
0.7029356,0.6451264,0.7029999999999975,0.6440000000000039,0.70833373,0.6949933
0.68830425,0.6280277,0.6760000000000006,0.622999999999999,0.68667036,0.65886325
0.70436597,0.65315026,0.7060000000000002,0.671,0.7056846,0.6836332
0.698409,0.65735227,0.6890000000000006,0.6488099999999994,0.70258856,0.6930795
0.7029356,0.6451264,0.7029999999999975,0.6440000000000039,0.70833373,0.6949933
0.7377581,0.23636729,0.7280375238095231,0.1930088333333332,0.7403599,0.22648183
0.69093204,0.61034775,0.7079999999999989,0.6760000000000006,0.6950496,0.66430676
0.6984699,0.6167937,0.6989999999999994,0.6289999999999992,0.70387006,0.6715412
0.72099894,0.17455697,0.7125849999999997,0.1650946666666666,0.7280874,0.18885595
0.72306216,0.18582743,0.7251154761904754,0.190635,0.73413557,0.21453695
0.69595265,0.5739752,0.6719999999999986,0.4087700000000007,0.70229053,0.58951557
0.72351134,0.1829336,0.7327816190476187,0.1932626785714286,0.729524,0.17782785
0.7130776,0.66598475,0.718999999999999,0.6800000000000016,0.7178915,0.6967228
0.72810954,0.18580875,0.7247999999999992,0.1543800000000001,0.73577124,0.2050632
0.67709,0.5916312,0.6940000000000011,0.7060000000000015,0.6841662,0.6937311
0.73724186,0.22387558,0.7377599999999996,0.2116399999999997,0.7449834,0.23255165
0.7090664,0.12457168,0.7050199999999998,0.1062922222222223,0.71753305,0.14885038
0.6939862,0.618022,0.6979999999999997,0.6430000000000006,0.6948221,0.6745489
0.73564774,0.21988568,0.7390959999999999,0.2287195476190476,0.7395058,0.22313681
0.73386467,0.22810254,0.7247749999999995,0.1939205119047617,0.7326694,0.1875763
0.7416211,0.2490533,0.7417920833333332,0.2504714285714285,0.7336997,0.20937645
0.69493234,0.64520836,0.7009999999999996,0.6689999999999984,0.69777215,0.6664391
0.7062957,0.662842,0.7120000000000017,0.6790000000000007,0.7053588,0.6608403
0.7097477,0.6563254,0.7160000000000022,0.6870000000000038,0.71315485,0.69279605
0.75152683,0.29779333,0.7322136666666669,0.2341486666666671,0.74546885,0.2490462
0.7365865,0.21172911,0.7294299999999992,0.1844724761904761,0.73398995,0.22113255
0.7296088,0.19664624,0.7198220000000001,0.1378233333333332,0.73154986,0.18649393
0.70865756,0.6891229,0.71607,0.6989999999999994,0.71973765,0.7182328
0.67676455,0.5754438,0.6945600000000008,0.6749900000000006,0.6842209,0.703023
0.66701454,0.48130405,0.6703899999999998,0.47735,0.6672237,0.5344167
0.6610152,0.4634844,0.6373000000000002,0.3183400000000002,0.6519351,0.32022694
0.7129587,0.67313087,0.7119999999999991,0.6730000000000017,0.7148888,0.6860619
0.7228839,0.19489413,0.7079909999999999,0.1458814285714286,0.72394955,0.18458962
0.7014455,0.680945,0.6986300000000008,0.6620800000000004,0.72185457,0.7050385
0.6767738,0.53513026,0.6569999999999981,0.4570000000000006,0.67143834,0.51550096
0.7066533,0.636611,0.7259999999999992,0.7000000000000013,0.71350145,0.7003209
0.72112805,0.18101925,0.7136453333333338,0.143313476190476,0.72737134,0.18251309
0.7129587,0.67313087,0.7119999999999991,0.6730000000000017,0.7148888,0.6860619
0.7448988,0.25994048,0.7525919285714283,0.2829925158730159,0.7478075,0.26350915
0.70458174,0.6705245,0.7207799999999989,0.72201,0.7142731,0.74136335
0.72170836,0.14052144,0.74405,0.2403199999999995,0.72170734,0.16702965
0.7021641,0.62023216,0.7102200000000001,0.6800000000000002,0.7170156,0.7094319
0.54693437,0.1507873,0.5436799999999999,0.127488,0.52196836,0.06187816
0.73665166,0.22428373,0.715837047619048,0.1206675476190475,0.73458827,0.20529318
0.70090544,0.6194098,0.7189999999999996,0.6929999999999983,0.70443755,0.67247957
0.66198444,0.21179101,0.6683600000000002,0.2290349999999999,0.6762149,0.24105301
0.6969422,0.6293841,0.6899999999999991,0.6199999999999989,0.702845,0.6844267
0.70880795,0.68798435,0.7079999999999989,0.6929999999999992,0.7148584,0.7058366
0.6995576,0.665805,0.6970000000000012,0.6360000000000011,0.7068691,0.7063897
0.73709404,0.2465531,0.738613333333333,0.2396133333333331,0.73502445,0.20537256
0.67201746,0.58005935,0.6895999999999998,0.60978,0.6760047,0.7013381
0.73109865,0.19347674,0.7240983333333336,0.1648500000000001,0.734444,0.20460269
0.53018713,0.1397196,0.5314699999999999,0.12228,0.52415156,0.18683937
0.7449453,0.25100157,0.7472205000000003,0.2713775714285715,0.74696314,0.2414873
0.7308078,0.20682219,0.7325308333333328,0.1797399999999998,0.7299392,0.24635272
0.7337531,0.20356527,0.7301766666666663,0.1909499999999999,0.7327106,0.20102674
0.72988284,0.18731731,0.734292,0.20291,0.732051,0.20911345
0.7130776,0.66598475,0.718999999999999,0.6800000000000016,0.7178915,0.6967228
0.54616106,0.17967987,0.5373100000000002,0.1310599999999999,0.52463603,0.17423184
0.7058355,0.6540309,0.7060000000000015,0.6820000000000008,0.71056616,0.703674
0.6777264,0.5545868,0.6899999999999991,0.6520000000000009,0.67468464,0.615218
0.6622262,0.49380648,0.622999999999999,0.2330000000000003,0.65176827,0.3723771
0.7237844,0.17146012,0.7242950000000001,0.1745487142857141,0.7262922,0.17355934
0.73246604,0.20368004,0.7295562500000004,0.1819864999999999,0.7350847,0.20959094
0.7301103,0.18126434,0.7369583333333333,0.2156470119047618,0.73380566,0.19109064
0.69907737,0.63017875,0.6949999999999997,0.6409999999999988,0.70065975,0.6654883
0.67878115,0.5614824,0.6979999999999997,0.6719999999999987,0.68590665,0.61548036
0.73360014,0.21107584,0.7276366666666667,0.1810866666666667,0.72726154,0.19296882
0.65010965,0.4557286,0.6702399999999998,0.5506999999999995,0.64245653,0.5144482
0.74783456,0.24678308,0.7318688571428567,0.1923099999999999,0.74867904,0.23578262
0.7097477,0.6563254,0.7160000000000022,0.6870000000000038,0.71315485,0.69279605
0.6997645,0.61809987,0.6989999999999994,0.6670000000000011,0.70386755,0.66838515
0.694534,0.62945163,0.7070000000000001,0.6910000000000011,0.69977444,0.6965253
0.73141384,0.20942762,0.7300739999999994,0.2041668333333332,0.7328471,0.21286738
0.7130776,0.66598475,0.718999999999999,0.6800000000000016,0.7178915,0.6967228
0.70436597,0.65315026,0.7060000000000002,0.671,0.7056846,0.6836332
0.6984699,0.61679375,0.6989999999999994,0.6289999999999992,0.70387006,0.67154115
0.74517107,0.26393756,0.7553003095238097,0.2873528095238095,0.7584596,0.27742583
0.69655234,0.640739,0.706000000000001,0.6959999999999993,0.6991634,0.67977935
0.7312997,0.19242626,0.7307879999999995,0.2001835833333333,0.7313625,0.19215372
0.7404964,0.23272395,0.7376900000000003,0.2279749999999999,0.7429793,0.22558552
0.7288419,0.22893712,0.719922,0.1788033333333336,0.7377852,0.25359362
0.64532876,0.41357327,0.6587600000000002,0.3844633333333332,0.6363379,0.3543468
0.7204764,0.19871625,0.7368271666666664,0.2664050000000001,0.72971195,0.22226742
0.68774116,0.6004486,0.6883199999999995,0.5724999999999999,0.6870962,0.65685874
0.698217,0.6147554,0.6839999999999989,0.6019999999999986,0.7039496,0.6960313
0.6923941,0.6382835,0.6960199999999997,0.6731400000000007,0.7075821,0.7186666
0.72996825,0.19164208,0.7314999999999992,0.2055065476190475,0.73296523,0.19829714
0.72802824,0.19202662,0.7507350000000003,0.2819778888888892,0.73529744,0.18800257
0.7273402,0.22001114,0.7132599999999992,0.1661569999999998,0.7317884,0.21548831
0.7329599,0.21326283,0.7160721269841275,0.1303710000000001,0.73676103,0.22672966
0.67053956,0.4949417,0.616999999999999,0.2439999999999998,0.6650995,0.39851168
0.7226614,0.16641846,0.7293,0.205414,0.72627634,0.18547232
0.690932,0.61034775,0.7079999999999989,0.6760000000000006,0.69504964,0.66430676
0.72820055,0.16900864,0.7362354999999999,0.214355,0.7341149,0.19994515
0.7062957,0.662842,0.7120000000000017,0.6790000000000007,0.7053588,0.6608403
0.6951675,0.659078,0.7010000000000002,0.6541299999999999,0.7080394,0.6865138
0.732306,0.19871238,0.7411483333333331,0.2638529999999998,0.7298985,0.2237731
0.70010114,0.6500342,0.6949999999999997,0.6210000000000008,0.70221585,0.66402245
0.74779826,0.23808438,0.7382249999999996,0.2153466666666667,0.7505588,0.21895058
0.7058029,0.6531194,0.7109999999999986,0.6850000000000018,0.7105853,0.69667363
0.7237844,0.17146012,0.7242950000000001,0.1745487142857141,0.7262922,0.17355934
0.7320723,0.19451714,0.734782214285714,0.2036573888888888,0.7374116,0.19083183
0.6952578,0.6485146,0.6989999999999985,0.6670000000000015,0.70126665,0.6806429
0.7350812,0.21602595,0.7291442857142855,0.1936058333333333,0.7304895,0.19779362
0.7177318,0.2017433,0.719747880952381,0.2097173571428571,0.7177355,0.20062818
0.7393503,0.23596996,0.7731908333333339,0.4192900000000003,0.73711765,0.20864728
0.73068136,0.17445982,0.7286501666666665,0.1629255753968253,0.7246431,0.16563901
0.6804144,0.57050145,0.664000000000001,0.4930000000000003,0.67797995,0.5484175
0.68593144,0.5764927,0.6949999999999997,0.6199999999999989,0.6967182,0.6191585
0.7285381,0.17026103,0.7343430000000002,0.201485,0.7315756,0.183667
0.70880795,0.68798435,0.7079999999999989,0.6929999999999992,0.7148584,0.7058366
0.701756,0.6328167,0.7169999999999992,0.7049999999999987,0.697039,0.6696994
0.70090544,0.6194098,0.7189999999999996,0.6929999999999983,0.70443755,0.67247957
0.7086153,0.6440444,0.7049999999999987,0.6510000000000015,0.71271807,0.6514884
0.7129587,0.67313087,0.7119999999999991,0.6730000000000017,0.7148888,0.6860619
0.70633686,0.67601395,0.7229999999999993,0.7299999999999993,0.7128174,0.7228406
0.7186659,0.12033376,0.716655,0.125469119047619,0.7206826,0.14244986
0.7233876,0.17575875,0.7844752142857142,0.4806026666666664,0.72896093,0.19093668
0.73193353,0.21376568,0.7420213333333332,0.2565917976190477,0.73416823,0.21157058
0.7365765,0.21873987,0.7379999999999997,0.2241534552669554,0.73949015,0.23831342
0.6804144,0.57050145,0.664000000000001,0.4930000000000003,0.67797995,0.5484175
0.6609151,0.5264034,0.6540000000000016,0.5300000000000007,0.6564293,0.51964396
0.7370255,0.22775167,0.7345799999999998,0.1778554999999999,0.7353088,0.24178529
0.7326387,0.23076484,0.7662400000000004,0.4522800000000005,0.7276089,0.18505377
0.6855043,0.62039363,0.7058400000000011,0.6936000000000001,0.6938897,0.6774039
0.7034868,0.6665494,0.6929999999999992,0.627000000000001,0.7063234,0.6720044
0.69102436,0.25761577,0.6708500000000002,0.2489383333333332,0.6801774,0.22435398
0.73289776,0.23326522,0.7348288333333332,0.2058603095238094,0.7360438,0.22462147
0.7358017,0.23658693,0.7736645000000008,0.4704084642857138,0.737274,0.23039256
0.73373175,0.21729195,0.73746,0.2131314285714286,0.7356557,0.206846
0.6860465,0.5608297,0.6398600000000007,0.2690900000000003,0.68196106,0.47328877
0.7129587,0.67313087,0.7119999999999991,0.6730000000000017,0.7148888,0.6860619
0.739716,0.27093208,0.7446375000000002,0.2994255000000001,0.7401905,0.28166506
0.7357966,0.21110046,0.7250999999999991,0.1696649999999999,0.7390995,0.2214162
0.6735414,0.54699683,0.6641400000000002,0.5406099999999996,0.6858748,0.5970641
0.7412331,0.24774739,0.7319699999999998,0.2220096428571428,0.7400216,0.23848644
0.7477457,0.21163148,0.738924333333333,0.1625416666666667,0.7382527,0.18776083
0.6845255,0.5914368,0.67539,0.5897200000000001,0.6820971,0.61087507
0.6886004,0.58526117,0.7250000000000001,0.6929999999999992,0.696952,0.661219
0.6984896,0.6093712,0.6120000000000004,0.2229999999999999,0.7006712,0.6280332
0.6889935,0.62652004,0.7070600000000001,0.6736200000000007,0.6958409,0.7168419
0.7321576,0.21250746,0.7829231666666662,0.4623067142857144,0.73178643,0.25665045
0.7364537,0.22759959,0.7399116666666664,0.2438546666666666,0.73594373,0.23173346
0.705374,0.66122043,0.7030000000000014,0.6800000000000002,0.711009,0.7112722
0.7411088,0.23563659,0.7268768571428569,0.1668175000000001,0.7403529,0.21497785
0.694534,0.62945163,0.7070000000000001,0.6910000000000011,0.69977444,0.6965253
0.67699975,0.5618074,0.6910000000000011,0.6619999999999996,0.6793384,0.6369894
0.6679721,0.49849343,0.6242700000000005,0.2498399999999998,0.65925705,0.48635718
0.6902637,0.579582,0.69268,0.5502700000000003,0.6826907,0.57094043
0.7508556,0.24364775,0.7502166666666668,0.2316558333333332,0.74469775,0.22155294
0.7314935,0.21017468,0.7346246666666661,0.1958936666666665,0.72755396,0.25923938
0.7311791,0.2188397,0.7267401666666663,0.2019313333333333,0.7352134,0.19090647
0.6935093,0.6219227,0.6987899999999992,0.5993099999999992,0.7012974,0.6401345
0.7380961,0.24657246,0.746875,0.2722499999999996,0.7359304,0.22144967
0.6880524,0.6032295,0.686170000000001,0.5978199999999994,0.6833305,0.6763041
0.72742355,0.20404425,0.7161441666666667,0.1715535595238094,0.7286787,0.19206876
0.7329959,0.2074447,0.7703262500000002,0.4545186666666661,0.738536,0.21970358
0.72937363,0.18962401,0.7487179999999998,0.2959099999999999,0.7362157,0.22760655
0.7314105,0.2045942,0.7292074999999997,0.2017108333333331,0.7302618,0.19560096
0.73553413,0.23058823,0.7312150000000002,0.189523,0.7390254,0.2188365
0.69770753,0.664524,0.7069999999999999,0.7090000000000016,0.7074925,0.70029825
0.7301138,0.19352883,0.7150633333333323,0.1305464166666666,0.72942114,0.20099723
0.7097477,0.6563254,0.7160000000000022,0.6870000000000038,0.71315485,0.69279605
0.7029356,0.6451264,0.7029999999999975,0.6440000000000039,0.70833373,0.6949933
0.71718764,0.1620628,0.7259999999999992,0.1931329646464646,0.7319102,0.1951689
0.7344978,0.2306028,0.7311799999999994,0.1887233333333333,0.745632,0.24565381
0.7322598,0.20853958,0.7336584166666665,0.2128162142857142,0.7339175,0.19751391
0.52034867,0.10568261,0.5205000000000003,0.1190699999999999,0.509719,0.18362428
0.6981893,0.60845655,0.7147999999999994,0.6604699999999994,0.7009578,0.63541734
0.50953615,0.07656753,0.5113400000000003,0.11196,0.50396305,0.16363361
0.74373174,0.24434882,0.7420423095238098,0.2532375,0.7411737,0.22289497
0.694534,0.62945163,0.7070000000000001,0.6910000000000011,0.69977444,0.6965253
0.7245321,0.15163645,0.7375716666666665,0.2254686071428571,0.7272564,0.16703299
0.6707029,0.50977993,0.6580000000000008,0.4369999999999996,0.6655135,0.41278052
0.68723464,0.60494936,0.6779999999999988,0.5760000000000004,0.69025874,0.6620969
0.74020195,0.22264993,0.7324799999999995,0.1925599999999999,0.7417834,0.22450782
0.7315296,0.21477708,0.7284166666666665,0.2012083333333333,0.7353381,0.20425172
0.73579013,0.22353,0.729287857142857,0.1825718253968253,0.72875243,0.19948785
0.7413422,0.23089743,0.7371751666666665,0.227961,0.7425691,0.21313877
0.68198,0.5870903,0.6739999999999999,0.5540000000000005,0.678565,0.5773664
0.6941898,0.5841099,0.6850000000000009,0.5565199999999998,0.69689244,0.6099839
0.7097477,0.6563254,0.7160000000000022,0.6870000000000038,0.71315485,0.69279605
0.7216441,0.16559231,0.72527,0.1694315000000003,0.73175263,0.18479303
0.7299257,0.20003414,0.7147147619047624,0.1065062857142857,0.72918916,0.20502226
0.7485923,0.26280105,0.7425481309523808,0.2399175909090908,0.7495358,0.23191375
0.72591436,0.19163036,0.729385,0.2080764960317461,0.725782,0.19936904
0.70041263,0.6217951,0.7269999999999992,0.7139999999999991,0.7051301,0.6819933
0.7336072,0.21104401,0.730527380952381,0.1886542738095236,0.7368102,0.20452443
0.70041263,0.6217951,0.7269999999999992,0.7139999999999991,0.7051301,0.6819933
0.6690128,0.5118739,0.6730000000000014,0.547549999999999,0.663363,0.5526837
0.7363541,0.21486521,0.7373986666666663,0.2208893333333333,0.7398503,0.26618353
0.73008597,0.18435284,0.7218566666666656,0.1444384761904762,0.72784114,0.18693343
0.73605305,0.21074468,0.7298386904761901,0.1952348809523809,0.73295826,0.19747838
0.69028145,0.6297411,0.6919799999999995,0.6520000000000006,0.693442,0.657203
0.72722024,0.1837841,0.7383499999999995,0.2166031666666665,0.73571074,0.20018318
0.72944736,0.21361905,0.737989880952381,0.2344736666666668,0.73938364,0.21069682
0.69994116,0.60720545,0.6929999999999992,0.5649999999999993,0.702966,0.59600616
0.69347984,0.6082202,0.7035999999999999,0.6510600000000006,0.6923894,0.62768775
0.67628825,0.55840814,0.6858999999999997,0.6053799999999998,0.68217754,0.62092227
0.6898043,0.5918633,0.6835999999999994,0.5813600000000008,0.69896,0.65696776
0.64755964,0.45441568,0.6079999999999988,0.1960000000000001,0.6421924,0.38799328
0.7089207,0.6298752,0.6899999999999991,0.5349999999999987,0.711794,0.6635716
0.68671244,0.6017806,0.7030000000000014,0.7069999999999999,0.68762195,0.6655119
0.6894866,0.5795845,0.7019999999999988,0.6289999999999991,0.6954481,0.6501337
0.735186,0.21803695,0.737123214285714,0.202338,0.7397487,0.21572149
0.7419394,0.24651456,0.7689708333333339,0.3792850000000002,0.74764407,0.24410424
0.74017745,0.22863862,0.728229523809523,0.1949917619047619,0.73663783,0.20923553
0.69093204,0.61034775,0.7079999999999989,0.6760000000000006,0.6950496,0.66430676
0.70227194,0.61953485,0.6090000000000013,0.179,0.7040242,0.65517277
0.7100562,0.6904353,0.710999999999999,0.6850000000000009,0.71656936,0.7134982
0.7233876,0.17575875,0.7844752142857142,0.4806026666666664,0.72896093,0.19093668
0.70814604,0.6725079,0.7229999999999991,0.7120000000000017,0.7137892,0.73061967
0.7113104,0.65776944,0.7199999999999993,0.6830000000000004,0.7151885,0.6976228
0.73231035,0.21338472,0.7225365476190474,0.1461430555555555,0.7335202,0.18244618
0.71529734,0.6826232,0.7039999999999996,0.6289999999999992,0.7186608,0.69105846
0.7367448,0.22188926,0.7252069999999992,0.1687097142857143,0.7437765,0.24245688
0.71865827,0.6910781,0.7280000000000004,0.719999999999999,0.7194066,0.728761
0.7130776,0.66598475,0.718999999999999,0.6800000000000016,0.7178915,0.6967228
0.70461833,0.64250743,0.7239999999999991,0.7120000000000017,0.708207,0.69252926
0.74369514,0.25878948,0.7534409523809523,0.3058712857142854,0.7414233,0.24208249
0.66798294,0.537383,0.65338,0.4868999999999999,0.6589503,0.509376
0.73813194,0.24061018,0.7312499999999997,0.1742848333333334,0.732183,0.1993084
0.728852,0.19471896,0.7095075000000014,0.148861357142857,0.73110515,0.19060358
0.72992444,0.20026183,0.7334627857142857,0.2163490000000002,0.73338044,0.19453496
0.6884907,0.57934517,0.6300000000000011,0.2920000000000006,0.6827221,0.516939
0.6929712,0.28811342,0.68082,0.2509703333333333,0.6858556,0.24137428
0.672627,0.5697314,0.68006,0.63822,0.6784147,0.67732126
0.7058029,0.6531194,0.7109999999999986,0.6850000000000018,0.7105853,0.69667363
0.73061585,0.19621554,0.7330655555555552,0.1929474999999999,0.7389308,0.19065413
0.7276375,0.16635379,0.7419024999999997,0.2409459999999999,0.7315377,0.20695767
0.7211993,0.15746012,0.7104300000000014,0.1208119642857142,0.7230148,0.15841265
0.71865827,0.6910781,0.7280000000000004,0.719999999999999,0.7194066,0.728761
0.73702526,0.25119883,0.7402333333333334,0.2803740476190478,0.7465908,0.26862597
0.72472316,0.1810956,0.7205688333333327,0.1371550000000001,0.7285214,0.18262798
0.74042755,0.25865808,0.7367200714285711,0.2334719999999999,0.73794556,0.22484706
0.73477745,0.22689623,0.7413299999999998,0.2629266666666672,0.7460935,0.235478
0.7321991,0.22934932,0.7239358333333331,0.2573541666666666,0.7330883,0.21518484
0.51672125,0.11853999,0.5284200000000006,0.1215499999999999,0.51448005,0.17929415
0.7130776,0.66598475,0.718999999999999,0.6800000000000016,0.7178915,0.6967228
0.7393815,0.23100409,0.7272899999999999,0.1928268571428572,0.7372257,0.2127108
0.74265224,0.24539676,0.734596619047619,0.2121754047619047,0.73945165,0.22957914
0.7097477,0.6563254,0.7160000000000022,0.6870000000000038,0.71315485,0.69279605
0.73759985,0.21239495,0.7293799999999997,0.1983783333333333,0.73807186,0.20191243
0.69093204,0.61034775,0.7079999999999989,0.6760000000000006,0.6950496,0.66430676
0.67727757,0.5710966,0.683039999999999,0.61968,0.67514,0.61758196
0.70090544,0.6194098,0.7189999999999996,0.6929999999999983,0.70443755,0.67247957
0.7377989,0.22038764,0.7350871666666662,0.2464483333333333,0.7366029,0.1975508
0.70672387,0.68088233,0.6949999999999996,0.6370000000000003,0.71171737,0.7050515
0.6837577,0.5889832,0.6752699999999998,0.5921399999999996,0.69575787,0.6777524
0.70247,0.6613997,0.7030000000000014,0.6659999999999985,0.7033946,0.692787
0.70436597,0.65315026,0.7060000000000002,0.671,0.7056846,0.6836332
0.7058029,0.6531194,0.7109999999999986,0.6850000000000018,0.7105853,0.69667363
0.74312645,0.23674715,0.7354416666666664,0.1947745000000001,0.7482871,0.22493373
0.70041263,0.6217951,0.7269999999999992,0.7139999999999991,0.7051301,0.6819933
0.7331299,0.2032829,0.7256779999999999,0.1616533333333331,0.7368783,0.21148087
0.70922184,0.6614078,0.7229999999999994,0.7030000000000014,0.7102222,0.66634613
0.7259557,0.17505896,0.7155133333333324,0.1316104285714285,0.72219646,0.17317018
0.6736697,0.544134,0.67536,0.55687,0.67876804,0.5779575
0.6819801,0.5870902,0.6739999999999999,0.5540000000000005,0.678565,0.5773664
0.7029356,0.6451264,0.7029999999999975,0.6440000000000039,0.70833373,0.6949933
0.7029356,0.6451264,0.7029999999999975,0.6440000000000039,0.70833373,0.6949933
0.66523904,0.52889884,0.6745399999999999,0.5516300000000001,0.67855775,0.65076053
0.7088132,0.65504205,0.7160299999999994,0.6942499999999993,0.7160815,0.728203
0.54102826,0.166367,0.5268600000000002,0.12879,0.5227294,0.13778839
0.7292081,0.22173062,0.7407749999999997,0.2517075000000002,0.7349943,0.21470387
0.66732216,0.50534785,0.67397,0.4657699999999998,0.67704874,0.5949703
0.7067239,0.6808826,0.6949999999999996,0.6370000000000003,0.7117174,0.7050515
0.7288007,0.21181443,0.7230059999999999,0.1934283333333333,0.7365836,0.23789713
0.7183566,0.17164505,0.7178347380952381,0.224856388888889,0.72386736,0.17078647
0.7127962,0.6730448,0.7259999999999992,0.7199999999999993,0.7185042,0.72025955
0.73698556,0.23387691,0.7455066666666669,0.2578368333333335,0.7446537,0.2362849
0.6953828,0.23737648,0.6871199999999998,0.2423766666666665,0.6855261,0.2330856
0.6777264,0.5545868,0.6899999999999991,0.6520000000000009,0.67468464,0.615218
0.724113,0.15492326,0.7329941666666664,0.2088000000000001,0.7318946,0.1976276
0.7325837,0.22678477,0.7359124999999997,0.2368056666666667,0.73137873,0.21435082
0.70672387,0.68088233,0.6949999999999996,0.6370000000000003,0.71171737,0.7050515
0.73624897,0.1941874,0.7406624999999997,0.2185774999999999,0.74105316,0.20811856
0.728844,0.18867952,0.7390204999999997,0.2224287142857142,0.7360046,0.20679441
0.73247576,0.19293505,0.7471695000000002,0.2749055714285711,0.7395639,0.22227955
0.6950526,0.6123062,0.6929999999999992,0.6109999999999989,0.6992123,0.66515094
0.72917056,0.18907443,0.7303419761904764,0.2035879285714285,0.7304909,0.18539596
0.72843295,0.18315065,0.7265399999999993,0.161718380952381,0.7454884,0.22477937
0.7304455,0.21113059,0.7323549999999998,0.2159439999999999,0.72911406,0.20338182
0.7294392,0.19482127,0.735049,0.2067950000000001,0.73692113,0.200916
0.7374994,0.2256639,0.7310511666666664,0.1896657222222222,0.7423103,0.21961659
0.705642,0.64536077,0.7180700000000019,0.6949399999999993,0.70852256,0.71531504
0.7255171,0.16547161,0.7144399999999992,0.1278942857142856,0.7289625,0.17924327
0.7367012,0.21923321,0.7357049999999994,0.1993259523809525,0.7335077,0.21882448
0.7340802,0.20902416,0.7389816785714285,0.2488818333333333,0.73319256,0.2656245
0.74280745,0.22374615,0.733560642857143,0.2069626587301586,0.7389313,0.18792605
0.74472946,0.26718473,0.7429515476190476,0.2502145,0.7482969,0.2520936
0.70672387,0.68088233,0.6949999999999996,0.6370000000000003,0.71171737,0.7050515
0.71865827,0.6910781,0.7280000000000004,0.719999999999999,0.7194066,0.728761
0.7235967,0.17029613,0.7319613333333328,0.1956599999999999,0.72769624,0.18385586
0.7029356,0.6451264,0.7029999999999975,0.6440000000000039,0.70833373,0.6949933
0.64473593,0.44213307,0.6109999999999989,0.2399999999999995,0.6402136,0.4105212
0.6777264,0.5545868,0.6899999999999991,0.6520000000000009,0.67468464,0.615218
0.7331465,0.21013135,0.7334214761904759,0.1818906666666667,0.73580116,0.20159367
0.71938634,0.6724346,0.7250000000000001,0.7000000000000013,0.72178423,0.7164727
0.6804144,0.57050145,0.664000000000001,0.4930000000000003,0.67797995,0.5484175
0.73265946,0.21287727,0.7271723809523809,0.1754576666666666,0.7359047,0.21305695
0.72742796,0.18985188,0.7178913333333331,0.1920879999999998,0.72864604,0.18403742
0.6777264,0.5545868,0.6899999999999991,0.6520000000000009,0.67468464,0.615218
0.73196965,0.20424527,0.7216623333333332,0.1589724166666667,0.73109144,0.18208364
0.7333693,0.19736308,0.7386524999999996,0.2144351587301586,0.7423194,0.2205146
0.70649904,0.66022503,0.7155799999999995,0.6645000000000003,0.72374994,0.74284846
0.7420452,0.24549258,0.7483366666666663,0.268261428571428,0.7407814,0.21843119
0.6974945,0.64349675,0.7019999999999985,0.6559999999999995,0.7007081,0.67218584
0.7107743,0.12682384,0.7139324999999994,0.1685250000000001,0.7178216,0.15795666
0.70312953,0.63546497,0.7175900000000002,0.7036400000000006,0.70670754,0.6888104
0.70364696,0.62935007,0.7129999999999999,0.6599999999999983,0.70775616,0.6632937
0.69355464,0.6308197,0.6949999999999997,0.6240000000000009,0.6971615,0.6744372
0.7246896,0.16663599,0.715677777777777,0.1412890000000001,0.7263242,0.1942241
0.6972349,0.61959803,0.7090000000000016,0.6779999999999988,0.70198613,0.67694473
0.70265824,0.6342083,0.6927999999999992,0.6409100000000003,0.706612,0.65915793
0.72020966,0.1730321,0.7242124999999993,0.1735014999999997,0.7309372,0.2039639
0.692755,0.63228095,0.7094799999999992,0.7011100000000008,0.6942012,0.7058037
0.703303,0.6692389,0.7019999999999987,0.677,0.70798683,0.7056262
0.7323832,0.18929157,0.7389791666666662,0.2422243333333332,0.73513997,0.19913274
0.71070266,0.64918447,0.7118300000000016,0.663520000000001,0.71224016,0.6987676
0.7284413,0.1876168,0.7092224999999989,0.1084399999999999,0.72944033,0.20807357
0.73471445,0.22712922,0.7321250000000005,0.2010300000000001,0.7378056,0.23250553
0.70814604,0.6725079,0.7229999999999991,0.7120000000000017,0.7137892,0.73061967
0.7309052,0.19403183,0.7273813333333328,0.1620770238095238,0.7297446,0.18344146
0.7129587,0.67313087,0.7119999999999991,0.6730000000000017,0.7148888,0.6860619
0.67440796,0.5105471,0.6599999999999983,0.4939999999999998,0.67138183,0.47952783
0.71529734,0.6826232,0.7039999999999996,0.6289999999999992,0.7186608,0.69105846
0.7130776,0.66598475,0.718999999999999,0.6800000000000016,0.7178915,0.6967228
0.694534,0.62945163,0.7070000000000001,0.6910000000000011,0.69977444,0.6965253
0.7034868,0.6665494,0.6929999999999992,0.627000000000001,0.7063234,0.6720044
0.6818259,0.6241317,0.6830000000000004,0.6580000000000008,0.6826533,0.6595836
0.73189723,0.21171314,0.7527538095238097,0.3117433333333336,0.7344199,0.20260003
0.7097477,0.6563254,0.7160000000000022,0.6870000000000038,0.71315485,0.69279605
0.71865827,0.6910781,0.7280000000000004,0.719999999999999,0.7194066,0.728761
0.69179857,0.63098514,0.6843700000000003,0.6326599999999999,0.7006845,0.6858655
0.6610819,0.49641538,0.6210000000000008,0.2399999999999996,0.66057664,0.41092503
0.73557585,0.22705656,0.7974528333333326,0.4591933333333337,0.7412606,0.23809369
0.73362565,0.23495865,0.7446899999999999,0.2672710476190476,0.73714507,0.25052926
0.73826885,0.22824559,0.7491528333333334,0.2988078333333336,0.74055624,0.23230498
0.71865827,0.6910781,0.7280000000000004,0.719999999999999,0.7194066,0.728761
0.73137903,0.19420168,0.7374899999999996,0.2212289999999998,0.73431623,0.18522719
0.7097477,0.6563254,0.7160000000000022,0.6870000000000038,0.71315485,0.69279605
0.72965026,0.20663688,0.7263898571428569,0.1990186666666666,0.7335403,0.21064073
0.7247966,0.18114257,0.7295449999999994,0.19165,0.73029137,0.19476785
0.7025366,0.63827586,0.71919,0.7010000000000014,0.71006256,0.71487445
0.69347984,0.6082202,0.7035999999999999,0.6510600000000006,0.6923894,0.62768775
0.6909337,0.62382793,0.7130199999999999,0.7030600000000016,0.6971706,0.7037316
0.70436597,0.65315026,0.7060000000000002,0.671,0.7056846,0.6836332
0.74833125,0.28188947,0.7348366666666665,0.2163036666666666,0.74257743,0.22343466
0.7051442,0.66466653,0.7024000000000004,0.6398199999999999,0.7051029,0.6797242
0.70364696,0.62935007,0.7129999999999999,0.6599999999999983,0.70775616,0.6632937
0.69655234,0.640739,0.706000000000001,0.6959999999999993,0.6991634,0.67977935
0.673483,0.59161645,0.685819999999999,0.6867500000000011,0.67381823,0.6609437
0.7029356,0.6451264,0.7029999999999975,0.6440000000000039,0.70833373,0.6949933
0.5418693,0.16141474,0.52656,0.11576,0.5227926,0.16812544
0.7029356,0.64512646,0.7029999999999975,0.6440000000000039,0.70833373,0.6949933
0.7383878,0.25296953,0.7358399999999996,0.2212896666666666,0.73273826,0.21021475
0.68593144,0.5764927,0.6949999999999997,0.6199999999999989,0.6967182,0.6191585
0.7395031,0.2429587,0.7383088333333333,0.2621643809523809,0.74173,0.24453838
0.72850806,0.16438785,0.7439614841269838,0.2450719166666666,0.73423874,0.16992238
0.7221026,0.2019234,0.7328762619047615,0.2783016666666667,0.7319624,0.21846998
0.7129587,0.67313087,0.7119999999999991,0.6730000000000017,0.7148888,0.6860619
0.662613,0.5244993,0.6400000000000005,0.3850000000000003,0.64638114,0.46453926
0.7422776,0.24191421,0.7399066666666664,0.2220671428571428,0.7397889,0.2146141
0.68913364,0.29139602,0.6773325000000002,0.2282273333333333,0.68023205,0.20484239
0.7371229,0.22836906,0.7375428333333334,0.2177422619047618,0.7393247,0.22211736
0.7043752,0.6846032,0.7069999999999999,0.6839999999999989,0.7087204,0.6961698
0.69859505,0.61560446,0.7002100000000013,0.628590000000001,0.694704,0.61972886
0.73520154,0.2286062,0.7444323333333329,0.258196,0.74621,0.2570848
0.7029356,0.6451264,0.7029999999999975,0.6440000000000039,0.70833373,0.6949933
0.72761697,0.19120806,0.7386569999999996,0.1885275,0.72785234,0.19330662
0.68173754,0.59211594,0.6850900000000004,0.5828099999999994,0.6815427,0.67064136
0.7034868,0.6665494,0.6929999999999992,0.627000000000001,0.7063234,0.6720044
0.7349055,0.19427258,0.7433366666666665,0.236575,0.74251413,0.20026837
0.73512375,0.23025876,0.735258595238095,0.2302231666666667,0.73928934,0.21915495
0.7129587,0.67313087,0.7119999999999991,0.6730000000000017,0.7148888,0.6860619
0.6690128,0.5118739,0.6730000000000014,0.547549999999999,0.663363,0.5526837
0.7396152,0.24343711,0.7317726666666666,0.1877825555555555,0.7409128,0.2189147
0.68830425,0.6280277,0.6760000000000006,0.622999999999999,0.68667036,0.65886325
0.67053956,0.4949417,0.616999999999999,0.2439999999999998,0.6650995,0.39851168
0.73493075,0.21255016,0.735874333333333,0.2079976666666666,0.7353543,0.20718294
0.7284156,0.17850217,0.7415456666666662,0.2447166666666664,0.73090595,0.22776335
0.7406485,0.2696526,0.7504183333333334,0.3181879047619049,0.747604,0.32545078
0.7290614,0.19774294,0.7256934761904756,0.1786808333333333,0.7345022,0.18983293
0.731725,0.22607628,0.7408049999999997,0.316458452380952,0.7337502,0.21826023
0.7130776,0.66598475,0.718999999999999,0.6800000000000016,0.7178915,0.6967228
0.69907737,0.63017875,0.6949999999999997,0.6409999999999988,0.70065975,0.6654883
0.72769713,0.19581011,0.7321998253968252,0.2121902499999998,0.7329562,0.20041543
0.74756885,0.28567713,0.7221174999999992,0.2071139999999997,0.733745,0.23180196
0.7058029,0.6531194,0.7109999999999986,0.6850000000000018,0.7105853,0.69667363
0.7046937,0.6855258,0.7069999999999999,0.6719999999999987,0.7068255,0.70592386
0.6952958,0.61044776,0.6695,0.4808699999999999,0.707794,0.6452453
0.74977016,0.26315847,0.744754357142857,0.2317763333333333,0.7436322,0.21641167
0.7296374,0.22941554,0.7254527380952382,0.1911569999999998,0.7387777,0.2707277
0.7310372,0.22891074,0.7338226666666666,0.2271855952380951,0.72858495,0.20231709
0.73867625,0.25933623,0.7225099999999988,0.2295326666666669,0.73662865,0.22833705
0.68982124,0.585198,0.6949999999999997,0.6370000000000003,0.69623005,0.64610934
0.7382548,0.22327438,0.7562643333333332,0.3130120238095237,0.7392513,0.25581896
0.6883911,0.58552796,0.7049900000000008,0.6097400000000003,0.69124776,0.65764374
0.67592454,0.58910644,0.6809999999999989,0.6360000000000011,0.6770046,0.6331845
0.73446167,0.2014299,0.723209999999999,0.1522500000000001,0.7330353,0.19288123
0.68798244,0.5603322,0.6319999999999992,0.3009999999999993,0.685624,0.55128795
0.6911546,0.6418729,0.6820000000000008,0.6289999999999992,0.6908318,0.68068874
0.69907737,0.63017875,0.6949999999999997,0.6409999999999988,0.70065975,0.6654883
0.7077411,0.65023685,0.7229999999999993,0.7049999999999987,0.716035,0.70890224
0.72694004,0.22936043,0.7225683333333328,0.1836036190476191,0.74319434,0.29562324
0.6989876,0.6316327,0.6929999999999992,0.6209800000000009,0.69266194,0.60566294
0.73239756,0.21782756,0.7230271309523805,0.1604123809523809,0.74147797,0.24127948
0.689424,0.54216045,0.6628799999999999,0.4826600000000001,0.68584687,0.63006896
0.731359,0.220413,0.7315448095238091,0.2091761666666667,0.7400576,0.2219187
0.694534,0.62945163,0.7070000000000001,0.6910000000000011,0.69977444,0.6965253
0.73241794,0.21693623,0.7421106904761904,0.2313320000000001,0.744526,0.22926308
0.73418665,0.21442088,0.7168289999999999,0.1524195714285713,0.7331762,0.19852918
0.7131125,0.13765764,0.7254749999999999,0.1629333333333332,0.7233375,0.15172386
0.73121196,0.20930722,0.7325166666666665,0.2070132142857142,0.72264886,0.19845834
0.7295072,0.2054404,0.7403649999999997,0.2339403333333334,0.7353557,0.23350188
0.70672387,0.68088233,0.6949999999999996,0.6370000000000003,0.71171737,0.7050515
0.69493604,0.6060407,0.6843799999999989,0.5940000000000007,0.70329356,0.69760007
0.6719663,0.21615654,0.6816400000000001,0.2485425000000002,0.6712978,0.26566452
0.68216205,0.6033352,0.68687,0.6156500000000001,0.6786114,0.6645009
0.6819801,0.5870902,0.6739999999999999,0.5540000000000005,0.678565,0.5773664
0.726388,0.17857924,0.7299386904761903,0.2106458333333332,0.7295979,0.19021708
0.6933962,0.6615518,0.6889999999999995,0.6508800000000015,0.6952109,0.6938489
0.7240594,0.17796439,0.7255596904761902,0.1703684047619047,0.7276751,0.18656456
0.7283472,0.17474341,0.7182899999999992,0.1298358452380952,0.7305218,0.20645012
0.71544117,0.15636104,0.7265666428571429,0.2562010833333332,0.71311206,0.14974315
0.6823212,0.57596105,0.6910000000000011,0.6460000000000007,0.6777344,0.6041162
0.7247568,0.18787092,0.7282073333333331,0.1828690317460317,0.7304157,0.1860342
0.7315813,0.21099442,0.7204500000000011,0.1484251666666669,0.73277956,0.24359053
0.7329964,0.23538375,0.7287749999999994,0.2534400000000001,0.7331505,0.20377134
0.7351963,0.20868877,0.7473799999999998,0.2848199999999998,0.73618317,0.20872557
0.71544963,0.67404073,0.7030700000000007,0.6301800000000005,0.7182354,0.69570595
0.72848606,0.1935181,0.7310446666666668,0.1988366794871795,0.7354449,0.19882217
0.67053956,0.4949417,0.616999999999999,0.2439999999999998,0.6650995,0.39851168
0.7338941,0.23560834,0.734911,0.2297655714285714,0.7366488,0.24757385
0.7437248,0.27397162,0.7665858333333331,0.4057649999999995,0.74909735,0.3124373
0.7370849,0.22693875,0.7275439999999992,0.1798475952380952,0.7395209,0.23293489
0.70375025,0.6558134,0.7120000000000017,0.6919999999999996,0.71331114,0.70113903
0.7298417,0.18706262,0.7305314285714285,0.1943329999999999,0.7276212,0.1699505
0.7246883,0.1622724,0.7303333333333328,0.2024833333333335,0.7221215,0.19133535
0.6947986,0.60618985,0.688055,0.6067400000000002,0.69955856,0.64817137
0.6902192,0.5617257,0.69742,0.63637,0.69013804,0.59027076
0.6725472,0.560375,0.6859300000000002,0.5546099999999999,0.6548628,0.6477721
0.73833793,0.23506129,0.7310048095238095,0.1819488095238094,0.74073863,0.21044064
0.7129587,0.67313087,0.7119999999999991,0.6730000000000017,0.7148888,0.6860619
0.70611656,0.66541874,0.7251500000000003,0.7168199999999993,0.70903784,0.7043703
0.7364273,0.22000998,0.732878380952381,0.1934988333333333,0.7318958,0.1959622
0.7447991,0.26019776,0.7484899999999998,0.2994283333333331,0.74827206,0.2624855
0.68142706,0.20420322,0.6713025000000004,0.2065433333333334,0.666698,0.19129579
0.7275203,0.1686154,0.7270429999999998,0.165254,0.7313718,0.1873864
0.7034868,0.6665494,0.6929999999999992,0.627000000000001,0.7063234,0.6720044
0.72929204,0.23481715,0.7133116666666666,0.1628541666666666,0.73558396,0.25809395
0.69532424,0.61086315,0.7050900000000013,0.6507600000000007,0.69602114,0.604168
0.70672387,0.68088233,0.6949999999999996,0.6370000000000003,0.71171737,0.7050515
0.7436129,0.26190466,0.7384144166666669,0.2608794047619049,0.7327574,0.24140105
0.73162955,0.19672868,0.7330030555555551,0.1936441666666666,0.73664147,0.20116988
0.7326615,0.23534536,0.7195524999999993,0.1409433333333331,0.7386482,0.27583718
0.73756564,0.2270242,0.7397798888888889,0.222073869047619,0.73837245,0.22068816
0.5420884,0.17949688,0.5331899999999998,0.13607,0.5232997,0.2177533
0.68949044,0.58857656,0.677,0.5730000000000003,0.69425184,0.649271
0.74174446,0.24699229,0.735605,0.1966366666666667,0.74114,0.21580204
0.71973354,0.6881174,0.7269699999999992,0.7061700000000015,0.7270624,0.74070156
0.7029356,0.6451264,0.7029999999999975,0.6440000000000039,0.70833373,0.6949933
0.69355464,0.6308197,0.6949999999999997,0.6240000000000009,0.6971615,0.6744372
0.7129587,0.67313087,0.7119999999999991,0.6730000000000017,0.7148888,0.6860619
0.7203506,0.15607357,0.7230966666666667,0.1695714285714286,0.73134625,0.18199806
0.6950526,0.6123062,0.6929999999999992,0.6109999999999989,0.6992123,0.66515094
0.72176373,0.16565996,0.7335100476190475,0.21473,0.7293493,0.20398876
0.72516274,0.20837802,0.7361399999999996,0.2807309523809527,0.73126256,0.22822708
0.729848,0.20042825,0.7391037142857138,0.21098,0.7303704,0.19546957
0.70010114,0.6500342,0.6949999999999997,0.6210000000000008,0.70221585,0.66402245
0.7365765,0.21873987,0.7379999999999997,0.2241534552669554,0.73949015,0.23831342
0.73557997,0.22138077,0.731833738095238,0.2033546666666666,0.738278,0.22653727
0.7113104,0.65776944,0.7199999999999993,0.6830000000000004,0.7151885,0.6976228
0.7341285,0.2172355,0.7360480000000001,0.242023,0.74074423,0.22955534
0.73052585,0.19422251,0.729256095238095,0.1862285714285715,0.7362472,0.18194076
0.71529734,0.6826232,0.7039999999999996,0.6289999999999992,0.7186608,0.69105846
0.7360821,0.25617546,0.7259780000000002,0.1887213333333331,0.73602474,0.2424496
0.6884907,0.57934517,0.6300000000000011,0.2920000000000006,0.6827221,0.516939
0.69532585,0.6007788,0.70139,0.6473299999999997,0.7081442,0.70033514
0.72063375,0.1612323,0.7271242857142853,0.1526985714285714,0.72650415,0.16992643
0.7445956,0.24116188,0.7431916666666666,0.2203000000000001,0.74148107,0.23252468
0.71943504,0.17046338,0.7297857500000002,0.2059486904761904,0.7234051,0.17232391
0.70436597,0.65315026,0.7060000000000002,0.671,0.7056846,0.6836332
0.73982114,0.23350438,0.7363899999999997,0.2271783333333333,0.74198014,0.20962244
0.7058029,0.6531194,0.7109999999999986,0.6850000000000018,0.7105853,0.69667363
0.7029356,0.6451264,0.7029999999999975,0.6440000000000039,0.70833373,0.6949933
0.69593143,0.6112669,0.7047999999999988,0.6670000000000011,0.7060575,0.69380575
0.7362975,0.22193581,0.7254219999999991,0.1786949999999998,0.73864686,0.21489497
0.7290499,0.18520325,0.73017,0.1945333333333333,0.72648597,0.19066769
0.72864246,0.21363941,0.7323866666666662,0.2399974999999997,0.7325475,0.22188072
0.67442405,0.53849614,0.673159999999999,0.5762800000000009,0.67094845,0.49020916
0.73048985,0.20353538,0.738100833333333,0.2199748571428571,0.7335794,0.21202916
0.6865069,0.592878,0.6928699999999991,0.6397100000000002,0.70220983,0.66233647
0.70436597,0.65315026,0.7060000000000002,0.671,0.7056846,0.6836332
0.725119,0.20733964,0.7487860000000002,0.3805977023809527,0.7262699,0.20158488
0.7400383,0.23118925,0.7735199999999987,0.4078139999999995,0.74116945,0.25600177
0.7112703,0.13771147,0.7101293333333332,0.1036132857142857,0.7157897,0.14538437
0.70436597,0.65315026,0.7060000000000002,0.671,0.7056846,0.6836332
0.68585986,0.57846844,0.6909099999999998,0.5886499999999999,0.6986408,0.63001335
0.6967213,0.60928094,0.7039999999999997,0.664000000000001,0.68914616,0.6180701
0.74005544,0.23060766,0.7253756666666661,0.1747821904761904,0.73806524,0.23745301
0.7365239,0.22103453,0.7379999999999997,0.2229131201298701,0.74075454,0.22452268
0.7299396,0.16670424,0.7267999999999992,0.1589859999999998,0.7373785,0.19629322
0.7348617,0.22553831,0.7387583809523811,0.21620875,0.74938637,0.2529872
0.6974945,0.64349675,0.7019999999999985,0.6559999999999995,0.7007081,0.67218584
0.7023597,0.6617637,0.6959999999999993,0.6379999999999995,0.7057737,0.6799224
0.7316453,0.20328951,0.7393316666666665,0.2253475,0.74217093,0.22167355
0.70791817,0.66315967,0.7120000000000019,0.6870000000000005,0.7082808,0.66585344
0.743319,0.25423953,0.7468411190476186,0.2632329999999997,0.74806917,0.24723373
0.73288155,0.1970669,0.7278129999999995,0.1821064999999999,0.74249125,0.2201264
0.7397183,0.21063995,0.7326874999999997,0.2017423333333332,0.7469368,0.21685
0.74060744,0.24567914,0.7345668333333331,0.2114731666666666,0.7396169,0.215375
0.547011,0.19959503,0.50825,0.1074600000000001,0.52104336,0.21307877
0.6719742,0.5459883,0.6767300000000002,0.5269499999999997,0.6779077,0.5564037
0.6737085,0.5787909,0.6793900000000006,0.6295800000000004,0.6719393,0.67392886
0.68830425,0.6280277,0.6760000000000006,0.622999999999999,0.68667036,0.65886325
0.6691127,0.56023,0.6660299999999986,0.5872000000000014,0.66526914,0.5931673
0.7086797,0.67237943,0.7229999999999993,0.7180000000000015,0.71129525,0.7038687
0.7130776,0.66598475,0.718999999999999,0.6800000000000016,0.7178915,0.6967228
0.70031637,0.67919993,0.6989999999999994,0.6880000000000009,0.71013564,0.72152334
0.7360883,0.22554952,0.7305651746031743,0.1875107380952381,0.74263763,0.22546625
0.71876675,0.16392255,0.7283985000000002,0.207794,0.7254756,0.18669812
0.70436597,0.65315026,0.7060000000000002,0.671,0.7056846,0.6836332
0.6974945,0.64349675,0.7019999999999985,0.6559999999999995,0.7007081,0.67218584
0.69712013,0.6301976,0.7040700000000011,0.6536000000000007,0.69450486,0.6777777
0.67053956,0.4949417,0.616999999999999,0.2439999999999998,0.6650995,0.39851168
0.732734,0.20450073,0.733263333333333,0.194995,0.739897,0.20427531
0.6817217,0.20376414,0.6846700000000002,0.2357683333333332,0.67646074,0.21058589
0.7298498,0.21206588,0.7264471666666669,0.1755570714285713,0.73031986,0.18285695
0.7097477,0.6563254,0.7160000000000022,0.6870000000000038,0.71315485,0.69279605
0.67709,0.5916311,0.6940000000000011,0.7060000000000015,0.6841662,0.6937311
0.6529535,0.46018946,0.6723099999999995,0.54888,0.64493394,0.36065614
0.69453293,0.59740734,0.7060000000000015,0.6540000000000016,0.69637513,0.6563584
0.7387971,0.21989816,0.7422874999999999,0.2329119761904761,0.74742097,0.21799517
0.69495916,0.59800327,0.6949999999999997,0.5850000000000007,0.7005422,0.6093524
0.72516274,0.20837802,0.7361399999999996,0.2807309523809527,0.73126256,0.22822708
0.7059493,0.6906583,0.6979999999999997,0.6830000000000004,0.70827115,0.687779
0.684674,0.5865506,0.7039999999999997,0.6439999999999989,0.6840768,0.63949054
0.70078146,0.6210716,0.6990399999999992,0.6370000000000003,0.70130575,0.634558
0.6866861,0.58846414,0.6850000000000009,0.6430000000000006,0.6902529,0.6722318
0.73348206,0.20278198,0.7240269999999996,0.1555117142857144,0.737096,0.19172814
0.7156141,0.674485,0.7389999999999997,0.7369999999999998,0.7175502,0.70743287
0.69152236,0.60234,0.70308,0.6633399999999997,0.6965374,0.6913721
0.69902164,0.6384252,0.7120000000000017,0.6940000000000011,0.69678533,0.6902951
0.5375437,0.16009998,0.5356200000000002,0.11886,0.5119049,0.082908094
0.66598415,0.5156052,0.6699200000000002,0.4899799999999994,0.67215145,0.39173505
0.7089207,0.6298752,0.6899999999999991,0.5349999999999987,0.711794,0.6635716
0.7429263,0.25144362,0.7277399761904761,0.1950935,0.73620546,0.23133534
0.7337931,0.20076042,0.7282966666666667,0.1837609285714286,0.733744,0.20060751
0.729208,0.19444838,0.7247349999999999,0.1936235,0.7310588,0.20216799
0.7330684,0.20495218,0.7217500000000001,0.1555861666666666,0.72992706,0.18836144
0.7371652,0.2162404,0.7347788690476187,0.2261417857142856,0.73482597,0.21867418
0.68346095,0.57120776,0.6927799999999996,0.5804399999999996,0.69788295,0.694563
0.6974945,0.64349675,0.7019999999999985,0.6559999999999995,0.7007081,0.67218584
0.731899,0.23846382,0.7836621904761906,0.4692818571428566,0.729329,0.23388907
0.7129587,0.67313087,0.7119999999999991,0.6730000000000017,0.7148888,0.6860619
0.69093204,0.61034775,0.7079999999999989,0.6760000000000006,0.6950496,0.66430676
0.6984699,0.61679375,0.6989999999999994,0.6289999999999992,0.70387006,0.67154115
0.69784564,0.6423078,0.6940000000000011,0.633000000000001,0.7023628,0.70838505
0.7098887,0.6747787,0.7115800000000015,0.6899999999999991,0.70941603,0.70764095
0.69853735,0.6034039,0.7060000000000008,0.6420000000000013,0.7014272,0.63789886
0.7086797,0.67237943,0.7229999999999993,0.7180000000000015,0.71129525,0.7038687
0.70795655,0.6270491,0.7139999999999991,0.6520000000000007,0.7092068,0.67108876
0.7097477,0.6563254,0.7160000000000022,0.6870000000000038,0.71315485,0.69279605
0.740155,0.23059893,0.7292833333333328,0.1830556666666666,0.73050135,0.21698527
0.7278377,0.18638799,0.7137700000000017,0.1207848452380952,0.73229885,0.22174077
0.7130776,0.66598475,0.718999999999999,0.6800000000000016,0.7178915,0.6967228
0.7215619,0.16711193,0.7388731785714289,0.2318286468253967,0.7240765,0.18370894
0.73948014,0.23495951,0.7326966666666663,0.214331606060606,0.7349161,0.22040349
0.73930544,0.22965306,0.7365892857142855,0.2186928333333332,0.7418051,0.22803248
0.73021114,0.23231101,0.7398119047619045,0.259429380952381,0.73987186,0.27742082
0.72030187,0.15338075,0.7268833333333324,0.1702333333333334,0.7263944,0.18714532
0.7086153,0.6440444,0.7049999999999987,0.6510000000000015,0.71271807,0.6514884
0.73222303,0.18339223,0.7496818571428574,0.2650699999999998,0.73934567,0.24881709
0.73893684,0.23607534,0.7291919999999995,0.1805949999999998,0.741706,0.20352525
0.7325529,0.20205674,0.7274971666666663,0.1716658333333333,0.73290694,0.19687897
0.7029356,0.6451264,0.7029999999999975,0.6440000000000039,0.70833373,0.6949933
0.7203017,0.18685755,0.7157621428571437,0.2127992222222222,0.72051555,0.18094903
0.7130776,0.66598475,0.718999999999999,0.6800000000000016,0.7178915,0.6967228
0.7097477,0.6563254,0.7160000000000022,0.6870000000000038,0.71315485,0.69279605
0.7282486,0.19286767,0.7232799999999995,0.1406700000000001,0.7322924,0.18705648
0.7359014,0.20568693,0.7369189999999997,0.2435799999999999,0.7390076,0.19689472
0.6804144,0.57050145,0.664000000000001,0.4930000000000003,0.67797995,0.5484175
0.70090544,0.6194098,0.7189999999999996,0.6929999999999983,0.70443755,0.67247957
0.72926354,0.20784503,0.7463513809523807,0.2854064166666665,0.7358477,0.22360821
0.73057544,0.22414955,0.7329144166666669,0.2136057619047618,0.7312658,0.2053954
0.7315059,0.21851507,0.7551468333333335,0.3092807857142859,0.72752905,0.18737979
0.7097477,0.6563254,0.7160000000000022,0.6870000000000038,0.71315485,0.69279605
0.7097477,0.6563254,0.7160000000000022,0.6870000000000038,0.71315485,0.69279605
0.70436597,0.65315026,0.7060000000000002,0.671,0.7056846,0.6836332
0.723144,0.18813875,0.7407233333333335,0.2674690000000002,0.72676456,0.186912
0.7302874,0.18633473,0.7294629523809519,0.1842486666666665,0.7323315,0.19060944
0.7129587,0.67313087,0.7119999999999991,0.6730000000000017,0.7148888,0.6860619
0.6870116,0.579842,0.6894999999999992,0.5975499999999994,0.697834,0.66859907
0.5474936,0.17571813,0.5373000000000003,0.13022,0.53368413,0.16506797
0.64462304,0.13679338,0.6854399999999999,0.2523500000000001,0.67189676,0.27421504
0.6900706,0.6338475,0.6938400000000002,0.67132,0.6984767,0.69060844
0.6952578,0.6485146,0.6989999999999985,0.6670000000000015,0.70126665,0.6806429
0.73240244,0.23670179,0.7161399999999999,0.1508100000000001,0.7330085,0.18788995
0.7068402,0.67965573,0.7019999999999986,0.6529999999999992,0.711099,0.7049921
0.70436597,0.65315026,0.7060000000000002,0.671,0.7056846,0.6836332
0.74636924,0.29823953,0.7429381984126984,0.2763305,0.751279,0.30921674
0.7307991,0.21725729,0.7553125,0.3611233333333332,0.73270893,0.19695634
0.7159252,0.69471735,0.7186400000000001,0.6979999999999997,0.72165304,0.7141505
0.7357179,0.22312084,0.7196790476190474,0.1800435714285712,0.73576665,0.20837148
0.7358667,0.22663403,0.7463285,0.3027573809523812,0.7387972,0.23201954
0.71142393,0.69452333,0.7000000000000013,0.6550000000000007,0.71236837,0.71021837
0.7097477,0.6563254,0.7160000000000022,0.6870000000000038,0.71315485,0.69279605
0.7329677,0.21390018,0.7225999999999989,0.1535000000000002,0.73575205,0.18572281
0.6968119,0.58334935,0.7090000000000016,0.6370000000000003,0.70146424,0.63001627
0.73519135,0.21694708,0.7348950000000002,0.1913824999999999,0.7367347,0.20840779
0.695135,0.6301916,0.718000000000002,0.7049999999999987,0.7005273,0.69181997
0.72374845,0.21072799,0.7071199999999999,0.1234099999999999,0.72902364,0.20329306
0.6749136,0.56449914,0.6629999999999984,0.5510000000000004,0.66455483,0.61589986
0.74737495,0.2735588,0.7339351746031748,0.2211723571428572,0.73981786,0.20540309
0.6894866,0.5795845,0.7019999999999988,0.6289999999999991,0.6954481,0.6501337
0.68018407,0.595932,0.6725399999999999,0.56438,0.68355995,0.6376537
0.6646512,0.5027422,0.6569999999999981,0.4729999999999995,0.66275495,0.44774362
0.6937287,0.5977812,0.68915,0.6198600000000003,0.6980626,0.6912828
0.73299813,0.22805628,0.7179400000000001,0.162483333333333,0.73758674,0.21606605
0.73733985,0.22124827,0.7328579999999993,0.1832999999999997,0.7398897,0.21238187
0.7366789,0.2228271,0.8112262857142859,0.5604979761904758,0.7414776,0.2290409
0.6724246,0.53467625,0.67734,0.5000599999999998,0.66922903,0.42910752
0.7452618,0.26068646,0.7405762499999997,0.2294613333333333,0.73726445,0.2348869
0.68950236,0.618354,0.6914999999999993,0.6610999999999996,0.69431114,0.6878826
0.7305912,0.19983247,0.72004,0.1457600000000002,0.7351444,0.18713292
0.736276,0.22059292,0.7485789999999998,0.2683543333333332,0.73752373,0.212621
0.70436597,0.65315026,0.7060000000000002,0.671,0.7056846,0.6836332
0.7366469,0.21692204,0.7352849999999996,0.211746,0.74516046,0.22422192
0.74004245,0.2366221,0.75619,0.3108899999999997,0.7367938,0.20447189
0.7417556,0.24110043,0.7406683333333329,0.2342256666666665,0.74089,0.23547542
0.7387531,0.22217673,0.7283932857142855,0.1730222777777778,0.7391943,0.20558797
0.7143567,0.11771238,0.7324751666666665,0.2155798809523809,0.7236927,0.1880165
0.67592454,0.58910644,0.6809999999999989,0.6360000000000011,0.6770046,0.6331845
0.68684894,0.5638832,0.6079999999999988,0.2250000000000002,0.6951238,0.56727344
0.69618624,0.65308845,0.70471,0.7022599999999994,0.7032638,0.7038765
0.7029356,0.6451264,0.7029999999999975,0.6440000000000039,0.70833373,0.6949933
0.7268845,0.19670933,0.7335183333333336,0.2156045,0.73184633,0.19297434
0.70078146,0.6210716,0.6990399999999992,0.6370000000000003,0.70130575,0.634558
0.7097477,0.6563254,0.7160000000000022,0.6870000000000038,0.71315485,0.69279605
0.73302376,0.20904446,0.7236447380952379,0.1599150000000002,0.72465557,0.16903754
0.6889935,0.62652004,0.7070600000000001,0.6736200000000007,0.6958409,0.7168419
0.7294327,0.20054463,0.7317672380952377,0.1974339523809523,0.73069847,0.19422466
0.73143876,0.21192038,0.7244224999999992,0.1677126666666664,0.7316257,0.19595644
0.723153,0.16079527,0.7265663333333329,0.1714023809523809,0.7237606,0.17104505
0.74358034,0.25339168,0.8031274761904768,0.5264338333333334,0.7404588,0.2190167
0.662613,0.5244993,0.6400000000000005,0.3850000000000003,0.64638114,0.46453926
0.73472166,0.20311159,0.725403333333333,0.1563083333333335,0.74186194,0.21376315
0.7077411,0.65023685,0.7229999999999993,0.7049999999999987,0.716035,0.70890224
0.6804144,0.57050145,0.664000000000001,0.4930000000000003,0.67797995,0.5484175
0.7438621,0.24973693,0.7303012380952381,0.1927739047619047,0.73970735,0.2375449
0.7311175,0.21045023,0.7152416666666681,0.1212399999999999,0.7314902,0.18989721
0.73937047,0.23044598,0.7377899999999997,0.2060666666666668,0.7423523,0.25107688
0.6804144,0.57050145,0.664000000000001,0.4930000000000003,0.67797995,0.5484175
0.73143876,0.21192038,0.7244224999999992,0.1677126666666664,0.7316257,0.19595644
0.70791817,0.66315967,0.7120000000000019,0.6870000000000005,0.7082808,0.66585344
0.7062957,0.662842,0.7120000000000017,0.6790000000000007,0.7053588,0.6608403
0.7097477,0.6563254,0.7160000000000022,0.6870000000000038,0.71315485,0.69279605
0.68903464,0.23861036,0.68235,0.2732745,0.6806084,0.23103896
0.75161153,0.28220838,0.7423941666666665,0.2205891666666666,0.74673426,0.2293143
0.7029356,0.6451264,0.7029999999999975,0.6440000000000039,0.70833373,0.6949933
0.6896545,0.63333094,0.6800000000000002,0.6049999999999988,0.69071096,0.67220557
0.70247,0.6613997,0.7030000000000014,0.6659999999999985,0.7033946,0.692787
0.7467203,0.2642053,0.7344786666666665,0.2348724999999999,0.73893416,0.2646783
0.6880634,0.60131824,0.6855100000000007,0.5718099999999997,0.6927389,0.6602198
0.7034868,0.6665494,0.6929999999999992,0.627000000000001,0.7063234,0.6720044
0.7251181,0.17772633,0.7167966666666682,0.1366041666666665,0.727563,0.1713046
0.7353158,0.21273309,0.7369883333333336,0.196548611111111,0.74318606,0.21646601
0.7129587,0.67313087,0.7119999999999991,0.6730000000000017,0.7148888,0.6860619
0.7097477,0.6563254,0.7160000000000022,0.6870000000000038,0.71315485,0.69279605
0.71865827,0.6910781,0.7280000000000004,0.719999999999999,0.7194066,0.728761
0.73580754,0.22354573,0.7390218809523806,0.2105155,0.73636335,0.22059081
0.6690128,0.5118739,0.6730000000000014,0.547549999999999,0.663363,0.5526837
0.7352849,0.23884737,0.7281219999999996,0.200085,0.73443526,0.23861599
0.73399293,0.17937082,0.7579899999999998,0.28924,0.7598469,0.24369262
0.70436597,0.65315026,0.7060000000000002,0.671,0.7056846,0.6836332
0.6749136,0.56449914,0.6629999999999984,0.5510000000000004,0.66455483,0.61589986
0.7058029,0.6531194,0.7109999999999986,0.6850000000000018,0.7105853,0.69667363
0.72775906,0.18971658,0.7356419999999996,0.2138123809523809,0.7293248,0.17548348
0.73605007,0.20178097,0.726210706349206,0.1606752499999999,0.7299217,0.1967802
0.7198237,0.14745387,0.7265482142857144,0.1769614285714285,0.71600443,0.1640535
0.73783517,0.24235606,0.7397674999999999,0.2404449047619046,0.73724806,0.2091858
0.70178825,0.66589534,0.6949999999999997,0.6460000000000007,0.70912385,0.6885973
0.6990614,0.62048954,0.696260000000001,0.6000899999999993,0.69541353,0.6670497
0.73875505,0.22529757,0.7479300000000001,0.2934749999999994,0.7397467,0.24045652
0.69583666,0.6192772,0.7239999999999991,0.7289999999999993,0.6976529,0.7111419
0.720716,0.15391716,0.7309019999999998,0.1833516666666667,0.7276392,0.18793692
0.72765535,0.16012564,0.7327686190476189,0.1712926666666666,0.72365224,0.17546251
0.7291767,0.19635373,0.7284799999999992,0.170264630952381,0.73262966,0.19245523
0.7007469,0.6756485,0.71,0.7150000000000019,0.7043299,0.6947669
0.7023597,0.6617637,0.6959999999999993,0.6379999999999995,0.7057737,0.6799224
0.72562087,0.17217577,0.7099183333333348,0.1422560634920635,0.7287296,0.16934274
0.73446554,0.21140599,0.7383599999999996,0.2262052142857143,0.7335907,0.2067198
0.6649051,0.5457327,0.6575400000000003,0.5436899999999995,0.66372615,0.5965444
0.70791817,0.66315967,0.7120000000000019,0.6870000000000005,0.7082808,0.66585344
0.707563,0.18326098,0.7285673333333331,0.2087614166666667,0.712111,0.1423404
0.73903096,0.24102938,0.7326390952380951,0.21273675,0.7359798,0.20640707
0.69603246,0.6515916,0.6794399999999992,0.5736899999999995,0.69719625,0.70331633
0.7058029,0.6531194,0.7109999999999986,0.6850000000000018,0.7105853,0.69667363
0.71011686,0.68791187,0.7087400000000007,0.7200999999999993,0.7192622,0.71851736
0.7316477,0.19851086,0.7385718333333334,0.2177584999999999,0.7359626,0.20127742
0.72957826,0.20923951,0.7341700000000005,0.2191949999999998,0.7386852,0.23727348
0.70319855,0.6293792,0.6869999999999991,0.5399999999999994,0.70318466,0.6311973
0.73966676,0.23771831,0.739102083333333,0.2537063333333333,0.740836,0.24682292
0.67667544,0.57321477,0.6610399999999992,0.4851800000000008,0.67904407,0.5953042
0.6749136,0.56449914,0.6629999999999984,0.5510000000000004,0.66455483,0.61589986
0.74117523,0.21807629,0.7386708333333333,0.2685602698412698,0.7362119,0.2572015
0.7097477,0.6563254,0.7160000000000022,0.6870000000000038,0.71315485,0.69279605
0.6696187,0.51516575,0.6561699999999996,0.4951900000000001,0.6599841,0.43389174
0.7378396,0.24972224,0.7384080952380951,0.2296007857142858,0.7398652,0.240949
0.7130776,0.66598475,0.718999999999999,0.6800000000000016,0.7178915,0.6967228
0.75061727,0.25115013,0.741725,0.2389400000000001,0.73972946,0.22222593
0.5798069,0.28241098,0.5339700000000004,0.1547758333333333,0.5366558,0.15612245
0.73866165,0.25060207,0.7368981666666666,0.2509683571428571,0.7380318,0.2631645
0.7129587,0.67313087,0.7119999999999991,0.6730000000000017,0.7148888,0.6860619
0.69080126,0.6166345,0.680759999999999,0.6050300000000005,0.7063694,0.6886442
0.73280984,0.21333405,0.7254299999999998,0.1787754999999998,0.7312513,0.19916366
0.6663418,0.5367693,0.616999999999999,0.2240000000000001,0.6568846,0.50741166
0.7046937,0.6855258,0.7069999999999999,0.6719999999999987,0.7068255,0.70592386
0.740331,0.24209607,0.7279400000000003,0.1797799999999999,0.74276996,0.2055488
0.7214732,0.15014598,0.715746880952381,0.110495,0.7297088,0.1994522
0.73093283,0.19743708,0.72435,0.1551216666666663,0.7316973,0.2039842
0.73996514,0.24038005,0.7372148333333334,0.2433099523809523,0.73765886,0.21890353
0.74288154,0.25035778,0.7314899999999994,0.1757519999999998,0.7425207,0.21590808
0.74071145,0.24410275,0.7344624999999994,0.2300121428571429,0.7271441,0.1959974
0.683906,0.5844679,0.6899999999999991,0.6159999999999998,0.68570834,0.6247422
0.72758895,0.17971718,0.7276570714285714,0.1902389841269841,0.72970974,0.17673162
0.683906,0.5844679,0.6899999999999991,0.6159999999999998,0.68570834,0.6247422
0.71529734,0.6826232,0.7039999999999996,0.6289999999999992,0.7186608,0.69105846
0.7400036,0.2312952,0.7458073809523807,0.2476623095238095,0.7473499,0.22741023
0.7004263,0.637431,0.7140699999999994,0.670089999999999,0.717294,0.7132456
0.73374337,0.22067818,0.747096,0.2741949999999996,0.73397946,0.20591429
0.7304844,0.20852071,0.7245149999999991,0.1667473809523809,0.7343404,0.2319084
0.7097986,0.6495991,0.6905399999999999,0.5066899999999996,0.71689236,0.5654214
0.7343076,0.2326788,0.7229366666666667,0.1740524999999999,0.73917484,0.24853224
0.7419696,0.24493653,0.7751566269841274,0.4321619047619045,0.7404642,0.26793677
0.7367532,0.22367215,0.7372311666666664,0.2164740476190474,0.744915,0.22538026
0.75028896,0.29839692,0.7331916666666664,0.2032826666666666,0.73379946,0.21239296
0.72630197,0.2111941,0.722481666666666,0.1915231666666663,0.7345386,0.21765473
0.67592454,0.58910644,0.6809999999999989,0.6360000000000011,0.6770046,0.6331845
0.7097477,0.6563254,0.7160000000000022,0.6870000000000038,0.71315485,0.69279605
0.7446482,0.23764837,0.7305889999999997,0.1775359999999999,0.7409008,0.21244295
0.6967883,0.60478526,0.718000000000002,0.6970000000000012,0.69953614,0.6614172
0.7339236,0.20562029,0.7354476666666665,0.2164333730158731,0.7394237,0.22416407
0.6885353,0.63466525,0.6769799999999997,0.5698000000000002,0.6923085,0.67164564
0.7130776,0.66598475,0.718999999999999,0.6800000000000016,0.7178915,0.6967228
0.6823212,0.57596105,0.6910000000000011,0.6460000000000007,0.6777344,0.6041162
0.7450497,0.24449864,0.7949746666666664,0.4858466666666662,0.74744153,0.22201768
0.7405733,0.22944355,0.7422966666666667,0.2398591666666665,0.74183095,0.22770366
0.74408364,0.26927686,0.7953075000000009,0.5096183333333338,0.7391655,0.27729043
0.6779311,0.5272135,0.6790000000000007,0.5379999999999988,0.67450386,0.47811595
0.69347984,0.6082202,0.7035999999999999,0.6510600000000006,0.6923894,0.62768775
0.6995576,0.665805,0.6970000000000012,0.6360000000000011,0.7068691,0.7063897
0.6725075,0.5529836,0.6633200000000005,0.5637600000000009,0.66617215,0.56544214
0.7130776,0.66598475,0.718999999999999,0.6800000000000016,0.7178915,0.6967228
0.6786136,0.5230705,0.6090000000000012,0.1910000000000001,0.67949575,0.49954814
0.6938176,0.6014043,0.6959999999999993,0.6099999999999995,0.7017753,0.66188574
0.69493234,0.64520836,0.7009999999999996,0.6689999999999984,0.69777215,0.6664391
0.7239034,0.20155278,0.7207659999999997,0.1983436666666665,0.72780216,0.18879578
0.7289041,0.20047182,0.7323006666666662,0.2211558333333332,0.73550093,0.20023394
0.7029356,0.6451264,0.7029999999999975,0.6440000000000039,0.70833373,0.6949933
0.73033965,0.21742088,0.7545050000000002,0.2974864285714287,0.71705294,0.19777097
0.73569316,0.22028822,0.7462133333333331,0.2814199999999995,0.7405771,0.2101937
0.7077411,0.65023685,0.7229999999999993,0.7049999999999987,0.716035,0.70890224
0.6893883,0.63190323,0.7009700000000001,0.64731,0.69209576,0.6882556
0.7343556,0.2233811,0.730021,0.1945365714285713,0.7344847,0.19401926
0.70297736,0.68964326,0.7120000000000017,0.7239999999999991,0.70939463,0.6997461
0.73449445,0.23013875,0.7273249999999998,0.1914023333333333,0.72325677,0.16886252
0.6952578,0.6485146,0.6989999999999985,0.6670000000000015,0.70126665,0.6806429
0.7394449,0.22961098,0.7390009999999998,0.2252898333333333,0.7411229,0.21432471
0.7328002,0.22402793,0.7224800000000002,0.1735112857142858,0.73469335,0.21368027
0.7337497,0.20143408,0.7365914999999998,0.1908745681818182,0.7398623,0.19948938
0.6818259,0.6241317,0.6830000000000004,0.6580000000000008,0.6826533,0.6595836
0.730806,0.20992589,0.72258425,0.1884759999999999,0.72873735,0.18565956
0.73877794,0.25928912,0.7350424999999998,0.2275985,0.7322633,0.2230965
0.7484182,0.2404471,0.7406400000000001,0.1811449999999998,0.73571366,0.19958536
0.6974945,0.64349675,0.7019999999999985,0.6559999999999995,0.7007081,0.67218584
0.7460898,0.2479136,0.7329685714285715,0.1967466666666666,0.74232954,0.19257596
0.7399421,0.23761967,0.733575833333333,0.2288920714285713,0.74507785,0.25324956
0.70672387,0.68088233,0.6949999999999996,0.6370000000000003,0.71171737,0.7050515
0.70814604,0.6725079,0.7229999999999991,0.7120000000000017,0.7137892,0.73061967
0.6959572,0.5816277,0.69452,0.5419500000000003,0.69112355,0.53251433
0.6952578,0.6485146,0.6989999999999985,0.6670000000000015,0.70126665,0.6806429
0.6939862,0.618022,0.6979999999999997,0.6430000000000006,0.6948221,0.6745489
0.71984315,0.15191728,0.7304700000000003,0.2012866666666663,0.72632784,0.19094189
0.68830425,0.6280277,0.6760000000000006,0.622999999999999,0.68667036,0.65886325
0.68950176,0.59663665,0.6883200000000004,0.57717,0.70071054,0.68493634
0.69453293,0.59740734,0.7060000000000015,0.6540000000000016,0.69637513,0.6563584
0.690036,0.6372152,0.6820000000000008,0.6390000000000012,0.69016635,0.6841242
0.70436597,0.65315026,0.7060000000000002,0.671,0.7056846,0.6836332
0.7141182,0.16286254,0.7213955238095234,0.1702387857142858,0.7266938,0.18702334
0.7368893,0.23946321,0.7282999999999993,0.2265516666666665,0.7358515,0.2243872
0.56496567,0.2560755,0.52106,0.13153,0.52178794,0.18777926
0.7065426,0.6655283,0.7090000000000016,0.6520000000000006,0.7107169,0.67272866
0.705374,0.66122043,0.7030000000000014,0.6800000000000002,0.711009,0.7112722
0.6881722,0.57714725,0.6979999999999997,0.6310000000000001,0.69254076,0.6379797
0.7281361,0.18828094,0.7225832857142853,0.1408783333333332,0.7365103,0.1964503
0.74203706,0.23285064,0.7328708571428569,0.2061309999999999,0.7403541,0.20752035
0.7287256,0.23384905,0.7314240000000004,0.2368070476190477,0.7334902,0.24494785
0.75152683,0.29779333,0.7322136666666669,0.2341486666666671,0.74546885,0.2490462
0.7409525,0.2505359,0.7416083333333332,0.2601549999999996,0.7400243,0.2198155
0.7319821,0.19407284,0.7259586666666668,0.1750783333333333,0.7368301,0.19007593
0.72845525,0.17852682,0.727161111111111,0.167330238095238,0.7335739,0.18913469
0.6793658,0.54836625,0.6319999999999992,0.2480000000000002,0.6709591,0.4289528
0.7314156,0.18966067,0.7313639999999999,0.1961586666666666,0.7384144,0.19793008
0.7129587,0.67313087,0.7119999999999991,0.6730000000000017,0.7148888,0.6860619
0.69493234,0.64520836,0.7009999999999996,0.6689999999999984,0.69777215,0.6664391
0.7290417,0.21133769,0.711619999999999,0.1301406666666666,0.73400885,0.19368643
0.7359606,0.23549974,0.7398929999999999,0.2128723809523809,0.740355,0.21354419
0.7097477,0.6563254,0.7160000000000022,0.6870000000000038,0.71315485,0.69279605
0.7129587,0.67313087,0.7119999999999991,0.6730000000000017,0.7148888,0.6860619
0.7333215,0.19552052,0.7345021428571428,0.2016905238095238,0.7324702,0.20227139
0.7062957,0.662842,0.7120000000000017,0.6790000000000007,0.7053588,0.6608403
0.7409525,0.2505359,0.7416083333333332,0.2601549999999996,0.7400243,0.2198155
0.7130776,0.66598475,0.718999999999999,0.6800000000000016,0.7178915,0.6967228
0.7296611,0.22982556,0.7382927896825396,0.2573474285714286,0.7356628,0.24029583
0.72627527,0.2104572,0.7190413095238098,0.1568192142857142,0.7293544,0.18082064
0.7427163,0.2574209,0.7355899999999997,0.2091653571428571,0.73821425,0.20762488
0.7317432,0.20544976,0.7428299999999998,0.3036379285714286,0.73102856,0.21129513
0.7322092,0.21560523,0.7332819999999994,0.212555,0.7346091,0.21445991
0.7351954,0.22414863,0.7563050000000004,0.3425353333333328,0.7392128,0.23687305
0.6779463,0.5284798,0.6123900000000004,0.2079999999999997,0.67189854,0.5310938
0.7304844,0.20852071,0.7245149999999991,0.1667473809523809,0.7343404,0.2319084
0.72805727,0.16826293,0.7386429999999998,0.2143591666666665,0.7303326,0.18965402
0.73357445,0.21226811,0.7404099999999996,0.2278505952380952,0.73177016,0.21942618
0.7221684,0.1842624,0.7162547380952384,0.1475706666666666,0.726646,0.18905018
0.7400886,0.2396054,0.74278969047619,0.2623846904761905,0.74135613,0.22448348
0.7338543,0.20119768,0.7351516666666664,0.2088856547619047,0.74120796,0.22287317
0.7097477,0.6563254,0.7160000000000022,0.6870000000000038,0.71315485,0.69279605
0.74030375,0.20485342,0.7299259166666665,0.1859104166666666,0.73227024,0.19043362
0.70250404,0.6153045,0.702260000000001,0.6329699999999993,0.7033579,0.6426634
0.6707138,0.21012923,0.6715900000000002,0.1969170833333334,0.67526424,0.19827622
0.695295,0.60372967,0.7289999999999993,0.7229999999999994,0.69900084,0.67109054
0.65692085,0.50177926,0.6777600000000003,0.5247300000000001,0.6564878,0.6096109
0.6871718,0.586672,0.6709999999999998,0.5720000000000008,0.69191366,0.6664745
0.70090544,0.6194098,0.7189999999999996,0.6929999999999983,0.70443755,0.67247957
0.7029356,0.6451264,0.7029999999999975,0.6440000000000039,0.70833373,0.6949933
0.7514075,0.28999737,0.7452153333333331,0.2493973333333333,0.74575627,0.26171333
0.72727597,0.18277094,0.7351491666666664,0.1973623333333334,0.7371409,0.18118092
0.7263305,0.17990929,0.7233699999999996,0.1526439999999996,0.73412156,0.20157832
0.7227374,0.19106841,0.748631,0.2995771507936505,0.73045796,0.19828254
0.7058029,0.6531194,0.7109999999999986,0.6850000000000018,0.7105853,0.69667363
0.72597504,0.16528866,0.7384939999999999,0.2316566666666666,0.7188244,0.17450473
0.6667485,0.5093318,0.6430000000000006,0.3219999999999994,0.64804244,0.30190912
0.7247546,0.15895507,0.7189355000000001,0.1350550000000002,0.7267778,0.16440871
0.7058029,0.6531194,0.7109999999999986,0.6850000000000018,0.7105853,0.69667363
0.69493234,0.64520836,0.7009999999999996,0.6689999999999984,0.69777215,0.6664391
0.74015534,0.24531487,0.7322235000000002,0.2083320000000002,0.7428359,0.23814014
0.7129587,0.67313087,0.7119999999999991,0.6730000000000017,0.7148888,0.6860619
0.6762172,0.51154715,0.6728900000000005,0.5065600000000003,0.6851423,0.51197225
0.7130776,0.66598475,0.718999999999999,0.6800000000000016,0.7178915,0.6967228
0.7130776,0.66598475,0.718999999999999,0.6800000000000016,0.7178915,0.6967228
0.7346088,0.21071604,0.7371233333333332,0.2205506666666668,0.73710907,0.19928852
0.70814604,0.6725079,0.7229999999999991,0.7120000000000017,0.7137892,0.73061967
0.69317865,0.59705794,0.7129999999999999,0.6899999999999991,0.688922,0.612164
0.7097477,0.6563254,0.7160000000000022,0.6870000000000038,0.71315485,0.69279605
0.72692406,0.22175688,0.7367294404761906,0.2363544047619049,0.733733,0.22951984
0.7309731,0.20773146,0.7289049999999996,0.1787238333333333,0.7299246,0.19783011
0.73070765,0.20381486,0.7158459999999992,0.1285483333333331,0.72849226,0.20471755
0.69583917,0.6355732,0.7039999999999997,0.6499999999999991,0.6986185,0.67331284
0.7029356,0.6451264,0.7029999999999975,0.6440000000000039,0.70833373,0.6949933
0.65190977,0.4839905,0.6210000000000008,0.3079999999999999,0.6499231,0.4854191
0.6777637,0.58943033,0.6814299999999999,0.6130500000000001,0.6845267,0.6786775
0.7474375,0.30450088,0.7062530119047618,0.1459742619047619,0.741348,0.26836482
0.738964,0.22712195,0.7233949999999991,0.15356,0.74153847,0.25197998
0.74192595,0.23468679,0.7370532142857141,0.2049983333333334,0.7458733,0.21901213
0.72146827,0.17203867,0.7224411428571433,0.1712228571428571,0.7219549,0.17070894
0.69493234,0.64520836,0.7009999999999996,0.6689999999999984,0.69777215,0.6664391
0.6952578,0.6485146,0.6989999999999985,0.6670000000000015,0.70126665,0.6806429
0.68094474,0.58269167,0.7146099999999995,0.6605299999999995,0.68458295,0.6057082
0.7296772,0.20081204,0.7307085,0.1872474999999999,0.7367024,0.20227946
0.6984699,0.61679375,0.6989999999999994,0.6289999999999992,0.70387006,0.67154115
0.72066134,0.17398638,0.7279268333333332,0.2100783888888887,0.73053074,0.1768632
0.7340553,0.21483266,0.7401329999999995,0.2387128333333332,0.74449134,0.23478232
0.70247,0.6613997,0.7030000000000014,0.6659999999999985,0.7033946,0.692787
0.74015534,0.24531487,0.7322235000000002,0.2083320000000002,0.7428359,0.23814014
0.7029356,0.6451264,0.7029999999999975,0.6440000000000039,0.70833373,0.6949933
0.6886004,0.58526117,0.7250000000000001,0.6929999999999992,0.696952,0.661219
0.7020539,0.6571529,0.7177100000000018,0.7172300000000018,0.7209871,0.725045
0.68684894,0.5638832,0.6079999999999988,0.2250000000000002,0.6951238,0.56727344
0.7406849,0.23802531,0.7392599999999997,0.2358299999999998,0.74138606,0.22783807
0.7264769,0.19613048,0.7221523333333336,0.2013533333333331,0.7293856,0.21460333
0.70672387,0.68088233,0.6949999999999996,0.6370000000000003,0.71171737,0.7050515
0.7127962,0.6730448,0.7259999999999992,0.7199999999999993,0.7185042,0.72025955
0.69592595,0.6011852,0.6949999999999997,0.6450000000000015,0.70246166,0.6621499
0.68944585,0.6159851,0.7079999999999989,0.7229999999999994,0.6926664,0.6729942
0.7338642,0.23423135,0.75,0.2814132299922299,0.73684365,0.21219072
0.6773814,0.57636935,0.6809999999999989,0.6199999999999989,0.6722493,0.6532134
0.7269698,0.20016295,0.7367518333333334,0.2060336666666666,0.7276829,0.2330127
0.7130776,0.66598475,0.718999999999999,0.6800000000000016,0.7178915,0.6967228
0.6867082,0.5950658,0.7031700000000007,0.6728200000000002,0.6782671,0.5553935
0.73793757,0.22585213,0.7235240000000001,0.1527508333333331,0.7399683,0.23013118
0.72514474,0.1859946,0.7293135000000005,0.1914599999999998,0.73240495,0.19992508
0.72995126,0.19542423,0.7245433333333332,0.1835159999999999,0.72461903,0.15800643
0.7023597,0.6617637,0.6959999999999993,0.6379999999999995,0.7057737,0.6799224
0.7029356,0.6451264,0.7029999999999975,0.6440000000000039,0.70833373,0.6949933
0.74590474,0.23849434,0.7346399999999992,0.1835583333333334,0.74873257,0.23070973
0.6884907,0.57934517,0.6300000000000011,0.2920000000000006,0.6827221,0.516939
0.7375412,0.22536075,0.7219650000000002,0.1526509999999999,0.7378928,0.24076405
0.6916152,0.6133407,0.7049999999999987,0.6880000000000009,0.69994235,0.70959526
0.7347057,0.1948863,0.7331139999999998,0.210324,0.73185515,0.20157453
0.7191875,0.18618971,0.7221270952380949,0.1830654999999999,0.7268633,0.19351023
0.7532389,0.27985176,0.7437166666666666,0.2619700000000001,0.74536926,0.25149766
0.73945,0.23873973,0.7251466666666662,0.1758141666666669,0.73896044,0.23498487
0.5291688,0.15085357,0.5252800000000004,0.123585,0.50734186,0.084533356
0.730103,0.18975192,0.7338804761904761,0.2063479999999999,0.732242,0.21584882
0.7375206,0.21311048,0.7308499999999997,0.1786598333333333,0.74223834,0.23335063
0.71059734,0.6598021,0.7105799999999995,0.6591199999999996,0.714527,0.6994
0.6777264,0.5545868,0.6899999999999991,0.6520000000000009,0.67468464,0.615218
0.7454588,0.24198633,0.7410628333333331,0.2571095277777779,0.74759746,0.24840832
0.6788761,0.55475277,0.7042199999999997,0.5953000000000002,0.6811199,0.6411918
0.69907737,0.63017875,0.6949999999999997,0.6409999999999988,0.70065975,0.6654883
0.6952578,0.6485146,0.6989999999999985,0.6670000000000015,0.70126665,0.6806429
0.57795924,0.31691855,0.5950900000000002,0.1828249999999999,0.5669145,0.3266542
0.73589885,0.22426021,0.7366186666666664,0.2205975,0.7326324,0.18891746
0.719689,0.1656672,0.7119600000000017,0.1206539999999998,0.72851396,0.18949668
0.7089207,0.6298752,0.6899999999999991,0.5349999999999987,0.711794,0.6635716
0.64618444,0.44106555,0.6359400000000003,0.3739999999999998,0.6456399,0.27693915
0.7360447,0.22868496,0.768773333333334,0.4094899999999997,0.73862904,0.22322881
0.7508834,0.26250467,0.7369425000000001,0.2083428333333333,0.7419632,0.23269548
0.69453293,0.59740734,0.7060000000000015,0.6540000000000016,0.69637513,0.6563584
0.7379817,0.23104233,0.7303694523809522,0.2310806666666665,0.73951495,0.20262867
0.732374,0.18142411,0.7276149999999995,0.1735608571428571,0.7326584,0.20028324
0.71467954,0.67301524,0.71569,0.6780400000000008,0.71740615,0.6933542
0.6804144,0.57050145,0.664000000000001,0.4930000000000003,0.67797995,0.5484175
0.732006,0.19653639,0.7308151666666666,0.1981416666666667,0.7340409,0.20976438
0.7387194,0.22815761,0.7542408333333335,0.301974,0.73539984,0.22843426
0.7210028,0.17281604,0.7399593571428568,0.2172698888888889,0.7323178,0.20202596
0.737133,0.23058072,0.7320472619047615,0.186442,0.7440494,0.23692724
0.70041263,0.6217951,0.7269999999999992,0.7139999999999991,0.7051301,0.6819933
0.7261808,0.19242704,0.739700833333333,0.2396713333333334,0.7289761,0.20648643
0.71529734,0.6826232,0.7039999999999996,0.6289999999999992,0.7186608,0.69105846
0.7051703,0.6379473,0.7220000000000002,0.7060000000000015,0.70669234,0.682625
0.70240116,0.64535874,0.6993299999999999,0.61777,0.71075046,0.682747
0.71529734,0.6826232,0.7039999999999996,0.6289999999999992,0.7186608,0.69105846
0.7381082,0.25166723,0.7358799999999995,0.2607944603174604,0.7422947,0.2447406
0.7304186,0.18725076,0.7288508333333339,0.1853554761904759,0.7353991,0.22337805
0.7339834,0.20862901,0.7369283333333333,0.2135371666666666,0.73125446,0.21015319
0.6952578,0.6485146,0.6989999999999985,0.6670000000000015,0.70126665,0.6806429
0.697852,0.66552883,0.7000000000000013,0.6569999999999981,0.70159566,0.70164317
0.7097477,0.6563254,0.7160000000000022,0.6870000000000038,0.71315485,0.69279605
0.68854475,0.20933336,0.6872699999999999,0.2530869047619047,0.68736595,0.24318549
0.6984699,0.61679375,0.6989999999999994,0.6289999999999992,0.70387006,0.67154115
0.70814604,0.6725079,0.7229999999999991,0.7120000000000017,0.7137892,0.73061967
0.7223594,0.17206794,0.7331799999999995,0.2202054761904764,0.72761446,0.1814673
0.6972554,0.589288,0.6989999999999994,0.5670000000000001,0.70518476,0.6394356
0.7335558,0.21053672,0.733559611111111,0.2433093214285714,0.7343603,0.20442538
0.7380533,0.23056719,0.7188751547619048,0.1470619761904762,0.73642385,0.21721473
0.73403287,0.21070945,0.7355591666666663,0.1921668333333333,0.7294133,0.21737842
0.726778,0.178613,0.7306198333333329,0.1978195,0.7369532,0.20453367
0.6840004,0.59831226,0.6765199999999999,0.5364699999999999,0.68797463,0.6421135
0.6952578,0.6485146,0.6989999999999985,0.6670000000000015,0.70126665,0.6806429
0.7256656,0.20940474,0.7231018333333337,0.2095552619047619,0.72728515,0.2061088
0.7434368,0.24638525,0.7378487499999998,0.2213055,0.74551547,0.23358881
0.75028896,0.29839692,0.7331916666666664,0.2032826666666666,0.73379946,0.21239296
0.7383816,0.26698053,0.711389999999999,0.1567506666666667,0.7270305,0.20192558
0.70795655,0.6270491,0.7139999999999991,0.6520000000000007,0.7092068,0.67108876
0.72884786,0.19723219,0.7343614285714283,0.20284,0.733638,0.19559592
0.70672387,0.68088233,0.6949999999999996,0.6370000000000003,0.71171737,0.7050515
0.6777264,0.5545868,0.6899999999999991,0.6520000000000009,0.67468464,0.615218
0.73253465,0.23728484,0.7462676666666667,0.3382470000000001,0.73850834,0.24023508
0.5341903,0.21365803,0.5214300000000002,0.14201,0.5208187,0.25894642
0.73547846,0.20929596,0.720964285714285,0.160225333333333,0.73251045,0.2372596
0.7349319,0.22571605,0.7247051666666664,0.1795439047619046,0.7373548,0.20859405
0.73358256,0.22722605,0.7337999999999997,0.2176425000000001,0.724779,0.23202166
0.7129587,0.67313087,0.7119999999999991,0.6730000000000017,0.7148888,0.6860619
0.7097477,0.6563254,0.7160000000000022,0.6870000000000038,0.71315485,0.69279605
0.74371564,0.24504602,0.7394241666666663,0.2369224999999999,0.745168,0.2355322
0.73602736,0.26013434,0.726361666666667,0.2382296666666669,0.7317889,0.24654049
0.7037916,0.68643415,0.7076699999999989,0.710989999999999,0.7097561,0.69738513
0.69493234,0.64520836,0.7009999999999996,0.6689999999999984,0.69777215,0.6664391
0.73886234,0.22972623,0.7372894999999998,0.2226656547619047,0.74143153,0.22311337
0.73083353,0.20989227,0.7236699999999994,0.2043313333333332,0.7381283,0.23741949
0.73529756,0.20290816,0.7297158333333332,0.1783261666666666,0.7363521,0.22251731
0.73282796,0.21025285,0.7500697222222221,0.3174928333333331,0.74032235,0.24492583
0.6952578,0.6485146,0.6989999999999985,0.6670000000000015,0.70126665,0.6806429
0.74083775,0.24148527,0.7489283333333335,0.2612845952380953,0.75684536,0.29926437
0.72825915,0.18530515,0.7370412499999999,0.2027078571428571,0.7305255,0.17954166
0.68235326,0.5512534,0.6474799999999997,0.3739599999999999,0.6857801,0.55095726
0.7373608,0.2235435,0.7237359999999994,0.1514433333333329,0.73799455,0.21483898
0.72747934,0.20594868,0.7399470238095237,0.2447776785714286,0.72821665,0.2086264
0.6757263,0.5813917,0.6649999999999996,0.5840000000000013,0.6763892,0.6471488
0.7335397,0.20269367,0.7341224999999993,0.2084266666666666,0.74015933,0.21355182
0.7434614,0.25109726,0.7546220238095235,0.314667107142857,0.73467135,0.29124725
0.7014641,0.6198752,0.7120999999999995,0.6186800000000001,0.7185227,0.73206276
0.7355761,0.24679863,0.7379114444444441,0.2686791666666671,0.73686624,0.24931204
0.74263424,0.25345662,0.7367899999999998,0.2107677965367967,0.74156386,0.24964514
0.73038554,0.19305503,0.7336875000000002,0.1982400000000001,0.73123956,0.18747771
0.70922184,0.6614078,0.7229999999999994,0.7030000000000014,0.7102222,0.66634613
0.70880795,0.68798435,0.7079999999999989,0.6929999999999992,0.7148584,0.7058366
0.6749136,0.56449914,0.6629999999999984,0.5510000000000004,0.66455483,0.61589986
0.74128294,0.23835048,0.7432616428571428,0.2727099999999996,0.73811936,0.22847119
0.73299253,0.1846034,0.7432943333333334,0.2532105,0.7314693,0.18689984
0.6971207,0.65603054,0.6838900000000006,0.6268899999999996,0.7049952,0.7188277
0.73674846,0.20230654,0.7353033333333328,0.2162925,0.73662937,0.20646107
0.7245275,0.17032063,0.7334782499999997,0.1947053809523809,0.72933936,0.19309783
0.74257565,0.2548812,0.7931799999999984,0.5042000000000005,0.7461138,0.27004036
0.7254579,0.16517076,0.7223500000000002,0.1505237500000003,0.73173,0.1643
0.7264688,0.18821087,0.7360308333333329,0.2154753333333334,0.7399478,0.21094556
0.7130776,0.66598475,0.718999999999999,0.6800000000000016,0.7178915,0.6967228
0.7330544,0.20211342,0.7304550000000001,0.2018061666666667,0.7341971,0.18782803
0.7335111,0.21302289,0.734824571428571,0.1931013333333332,0.7357954,0.20483312
0.7255911,0.17819169,0.7295171666666664,0.1925063333333333,0.7315277,0.19178349
0.6847728,0.58858865,0.71,0.7090000000000016,0.67801464,0.6013002
0.738947,0.23681402,0.7457918333333333,0.2429685952380952,0.7457696,0.24289562
0.7306467,0.20165718,0.7244679047619045,0.175705119047619,0.72535396,0.20103818
0.6675099,0.5501572,0.6450200000000014,0.4890899999999996,0.66593975,0.5580347
0.6602389,0.5175291,0.664000000000001,0.5829999999999989,0.6601594,0.5426562
0.7240711,0.23594141,0.7631350000000003,0.3890440000000001,0.73254055,0.2923011
0.7350809,0.21703196,0.7339873809523809,0.2291725,0.73156905,0.18630397
0.69853735,0.6034039,0.7060000000000008,0.6420000000000013,0.7014272,0.63789886
0.7338978,0.21797618,0.7151918452380954,0.1192847142857142,0.74055207,0.21912289
0.7009966,0.6323535,0.7150000000000019,0.6760000000000006,0.70585644,0.7034564
0.70436597,0.65315026,0.7060000000000002,0.671,0.7056846,0.6836332
0.72557706,0.20389575,0.7384699999999994,0.22479,0.73201394,0.21834317
0.69784564,0.6423078,0.6940000000000011,0.633000000000001,0.7023628,0.70838505
0.7256193,0.18061274,0.7230248888888883,0.1725503333333332,0.7276239,0.18439911
0.7336203,0.21018797,0.7358483333333333,0.214999111111111,0.7340499,0.21403745
0.72911537,0.1910488,0.7333919999999995,0.2180491666666666,0.7304634,0.1887783
0.69495916,0.59800327,0.6949999999999997,0.5850000000000007,0.7005422,0.6093524
0.72477424,0.17389357,0.7220229999999997,0.1414354166666667,0.7313106,0.2149499
0.72339535,0.18358001,0.7336917893772895,0.2156489444444445,0.7306387,0.21122047
0.7163989,0.19881397,0.7089233333333347,0.1454993333333335,0.7316114,0.25472724
0.7204983,0.14846751,0.738463809523809,0.2202237222222222,0.7375084,0.20765497
0.7097477,0.6563254,0.7160000000000022,0.6870000000000038,0.71315485,0.69279605
0.7086153,0.6440444,0.7049999999999987,0.6510000000000015,0.71271807,0.6514884
0.6969334,0.649802,0.6916899999999999,0.6345300000000007,0.69509834,0.67474276
0.73314184,0.2222155,0.7272616666666658,0.1920200000000002,0.73130506,0.19920802
0.6972554,0.589288,0.6989999999999994,0.5670000000000001,0.70518476,0.6394356
0.7457745,0.26732734,0.7716119047619054,0.3994100952380958,0.7424076,0.30418015
0.67699975,0.5618074,0.6910000000000011,0.6619999999999996,0.6793384,0.6369894
0.7253615,0.16559893,0.726593333333333,0.1564891666666667,0.72948796,0.17068571
0.7029356,0.6451264,0.7029999999999975,0.6440000000000039,0.70833373,0.6949933
0.7029356,0.6451264,0.7029999999999975,0.6440000000000039,0.70833373,0.6949933
0.70436597,0.65315026,0.7060000000000002,0.671,0.7056846,0.6836332
0.73698556,0.23387691,0.7455066666666669,0.2578368333333335,0.7446537,0.2362849
0.7246896,0.16663599,0.715677777777777,0.1412890000000001,0.7263242,0.1942241
0.72426367,0.19910377,0.7289200000000003,0.2120916428571425,0.7365415,0.2098842
0.6519934,0.47941428,0.6208900000000007,0.28982,0.64384514,0.42191178
0.7360321,0.2021479,0.7525,0.2727954999999997,0.7411978,0.209873
0.7029356,0.6451264,0.7029999999999975,0.6440000000000039,0.70833373,0.6949933
0.73875505,0.22525257,0.744277222222222,0.241805,0.74233145,0.2287433
0.69453293,0.59740734,0.7060000000000015,0.6540000000000016,0.69637513,0.6563584
0.69881773,0.665211,0.7060000000000014,0.7049999999999987,0.7077288,0.6877985
0.7251835,0.18060404,0.71891,0.1567983928571428,0.73192716,0.19000465
0.69731474,0.65175164,0.6850000000000009,0.6120000000000004,0.6953697,0.6438139
0.7354044,0.23783946,0.7498483333333332,0.33187625,0.73289144,0.25882792
0.70436597,0.65315026,0.7060000000000002,0.671,0.7056846,0.6836332
0.7207287,0.15880057,0.737242857142857,0.255845,0.7266563,0.19200909
0.6971224,0.63315094,0.7039999999999997,0.6629999999999984,0.696048,0.6676305
0.67440796,0.5105471,0.6599999999999983,0.4939999999999998,0.67138183,0.47952783
0.7159252,0.69471735,0.7186400000000001,0.6979999999999997,0.72165304,0.7141505
0.7311524,0.21358526,0.7336164523809522,0.2038739285714286,0.73657966,0.21305817
0.7435212,0.22171903,0.741866,0.2569366666666667,0.74252653,0.22199976
0.7243018,0.21718264,0.7115657738095235,0.1585701428571425,0.7285097,0.23865926
0.7484778,0.22328037,0.7401699999999998,0.2171406666666666,0.7468227,0.22745344
0.6881722,0.57714725,0.6979999999999997,0.6310000000000001,0.69254076,0.6379797
0.6974945,0.64349675,0.7019999999999985,0.6559999999999995,0.7007081,0.67218584
0.6749136,0.56449944,0.6629999999999984,0.5510000000000004,0.66455483,0.61589986
0.6876974,0.23804295,0.6856099999999998,0.21339,0.6894624,0.264726
0.7129587,0.67313087,0.7119999999999991,0.6730000000000017,0.7148888,0.6860619
0.73295885,0.26217616,0.740583333333333,0.3005408333333337,0.7348397,0.29299003
0.7029356,0.6451264,0.7029999999999975,0.6440000000000039,0.70833373,0.6949933
0.6995569,0.63471895,0.7209199999999995,0.6898599999999994,0.7038301,0.7045453
0.7097477,0.6563254,0.7160000000000022,0.6870000000000038,0.71315485,0.69279605
0.65976065,0.46461236,0.6401299999999989,0.2618600000000001,0.64519423,0.22264877
0.7274764,0.19001514,0.7261530476190476,0.2005919047619047,0.7301435,0.18022382
0.729655,0.20390892,0.7326474999999998,0.213614,0.7371706,0.19764303
0.7086153,0.6440444,0.7049999999999987,0.6510000000000015,0.71271807,0.6514884
0.7406403,0.29740834,0.753636333333334,0.3650990952380954,0.736493,0.3210197
0.7009966,0.6323535,0.7150000000000019,0.6760000000000006,0.70585644,0.7034564
0.7156141,0.674485,0.7389999999999997,0.7369999999999998,0.7175502,0.70743287
0.73002034,0.18636462,0.7254283333333335,0.1698489761904761,0.7401821,0.21282022
0.7058029,0.6531194,0.7109999999999986,0.6850000000000018,0.7105853,0.69667363
0.72810835,0.1950332,0.7336100000000001,0.2099599999999998,0.7375829,0.20461993
0.71938634,0.6724346,0.7250000000000001,0.7000000000000013,0.72178423,0.7164727
0.72030187,0.15338075,0.7268833333333324,0.1702333333333334,0.7263944,0.18714532
0.73573136,0.24005702,0.7254239999999998,0.2179836428571428,0.724695,0.18331946
0.7193059,0.14949304,0.7262339523809521,0.1860565,0.7289055,0.17891762
0.734182,0.21011022,0.7334750000000004,0.2052900000000003,0.73616767,0.20119353
0.70010114,0.6500342,0.6949999999999997,0.6210000000000008,0.70221585,0.66402245
0.732209,0.17587778,0.7331949999999999,0.2084688095238096,0.72503424,0.1921568
0.7408255,0.28682983,0.7366792380952379,0.288747083333333,0.7407378,0.2818127
0.70010114,0.6500342,0.6949999999999997,0.6210000000000008,0.70221585,0.66402245
0.73675257,0.21784747,0.7359599999999995,0.22006,0.73975646,0.22231302
0.7235585,0.18304884,0.7110108571428561,0.150265,0.7361384,0.21098803
0.6974945,0.64349675,0.7019999999999985,0.6559999999999995,0.7007081,0.67218584
0.7029356,0.6451264,0.7029999999999975,0.6440000000000039,0.70833373,0.6949933
0.70791817,0.66315967,0.7120000000000019,0.6870000000000005,0.7082808,0.66585344
0.7534494,0.2916686,0.7471547500000001,0.281385277777778,0.756979,0.2829857
0.7336844,0.2204746,0.7405099999999999,0.2077479285714285,0.7419816,0.24154638
0.7029356,0.6451264,0.7029999999999975,0.6440000000000039,0.70833373,0.6949933
0.73069763,0.17709503,0.7371392499999998,0.2077522619047619,0.73034537,0.17918539
0.7303368,0.205499,0.7323894999999997,0.1838221666666666,0.7304032,0.21615614
0.7320805,0.20226464,0.7361559166666664,0.2516186904761905,0.7271724,0.24024266
0.74373376,0.25204128,0.7407514761904764,0.23547,0.7420089,0.21983774
0.7397654,0.23710483,0.7183550000000004,0.1522211904761903,0.7366754,0.21123992
0.6757263,0.5813917,0.6649999999999996,0.5840000000000013,0.6763892,0.6471488
0.7406429,0.23848987,0.7266299444444444,0.1803733333333333,0.7401334,0.21942408
0.7029356,0.6451264,0.7029999999999975,0.6440000000000039,0.70833373,0.6949933
0.7029356,0.6451264,0.7029999999999975,0.6440000000000039,0.70833373,0.6949933
0.73665607,0.23114389,0.7407003333333333,0.2528745476190475,0.7433896,0.2574529
0.7441746,0.29426962,0.7707200000000004,0.409825333333333,0.74924505,0.338144
0.7051703,0.6379473,0.7220000000000002,0.7060000000000015,0.70669234,0.682625
0.72747624,0.17213649,0.7357398441558438,0.2442183333333336,0.7331985,0.18449639
0.6967213,0.60928094,0.7039999999999997,0.664000000000001,0.68914616,0.6180701
0.68395394,0.60038173,0.6765500000000005,0.6391499999999994,0.68816006,0.664623
0.73524946,0.23023292,0.7155624166666668,0.1266949999999999,0.73177767,0.18429953
0.706914,0.6871661,0.7019999999999987,0.6839999999999989,0.70737326,0.698592
0.7183272,0.20721766,0.7272449999999999,0.235854,0.73172307,0.23943004
0.68798244,0.5603322,0.6319999999999992,0.3009999999999993,0.685624,0.55128795
0.73497415,0.19327155,0.7547766666666668,0.3209805000000003,0.74703526,0.23602235
0.7462528,0.26734462,0.7362751666666667,0.2172518333333332,0.7419593,0.25430048
0.6667485,0.5093318,0.6430000000000006,0.3219999999999994,0.64804244,0.30190912
0.6674026,0.53079265,0.6499999999999991,0.4570000000000006,0.65978277,0.45373452
0.7425353,0.24409196,0.7393025595238093,0.2296908095238095,0.7384191,0.20846726
0.70042574,0.63552564,0.7001800000000012,0.6450000000000015,0.70197886,0.6679905
0.73181736,0.24444872,0.7422268333333331,0.2720346904761904,0.73364115,0.27362597
0.65837014,0.17793459,0.6769499999999999,0.2511495,0.66969323,0.24507569
0.71936464,0.17743522,0.7145955952380956,0.1999019999999999,0.7167976,0.16817136
0.74223197,0.24742413,0.7408673333333333,0.2493863333333333,0.7396041,0.21469387
0.7129587,0.67313087,0.7119999999999991,0.6730000000000017,0.7148888,0.6860619
0.7025366,0.63827586,0.71919,0.7010000000000014,0.71006256,0.71487445
0.7009966,0.6323535,0.7150000000000019,0.6760000000000006,0.70585644,0.7034564
0.7276419,0.18285829,0.7208491666666668,0.1800340595238094,0.7198305,0.16004004
0.7129587,0.67313087,0.7119999999999991,0.6730000000000017,0.7148888,0.6860619
0.73285776,0.22429967,0.7286149999999992,0.2055416666666669,0.7381196,0.2304894
0.71660936,0.16077596,0.7231200000000001,0.1626666666666665,0.727433,0.16431598
0.73624593,0.22273207,0.7299616666666661,0.1952456666666667,0.7381371,0.19314796
0.7462281,0.26461926,0.7619433333333336,0.3484899999999999,0.74242985,0.24007924
0.74354434,0.25784492,0.783810000000001,0.475126000000001,0.7456292,0.22908556
0.7357815,0.2140013,0.7293224999999997,0.1836155,0.73819447,0.19115141
0.7359253,0.22319469,0.7374701190476187,0.2264428333333333,0.73693544,0.20922104
0.68004715,0.563798,0.6887099999999995,0.5986599999999993,0.6802748,0.66974384
0.69453293,0.59740734,0.7060000000000015,0.6540000000000016,0.69637513,0.6563584
0.6950526,0.6123062,0.6929999999999992,0.6109999999999989,0.6992123,0.66515094
0.7395493,0.22933084,0.7410274999999998,0.2547089999999999,0.74247646,0.21430802
0.6583699,0.38869983,0.6446900000000008,0.3350100000000002,0.65191925,0.31211367
0.7345688,0.1953435,0.736078333333333,0.208519619047619,0.740171,0.2030752
0.7337115,0.193537,0.7307151904761904,0.1960586309523808,0.72761714,0.18747002
0.67053956,0.4949417,0.616999999999999,0.2439999999999998,0.6650995,0.39851168
0.73956615,0.24501505,0.7647600000000004,0.3572379999999999,0.74880916,0.26903433
0.7243476,0.18245143,0.713261607947608,0.1197678433233433,0.72236085,0.1725688
0.73285747,0.19309133,0.7178236507936512,0.1270617142857142,0.7378117,0.25570554
0.737133,0.23058072,0.7320472619047615,0.186442,0.7440494,0.23692724
0.7297831,0.17230734,0.7433999999999998,0.2951658333333333,0.73621064,0.2149775
0.68090546,0.5678222,0.6783799999999991,0.5814400000000007,0.68074214,0.6220214
0.67637384,0.5001067,0.6152500000000005,0.1725799999999997,0.67264223,0.44758618
0.7333418,0.21094531,0.721673999999999,0.149630833333333,0.7334696,0.19715315
0.7351281,0.2191082,0.7365376666666663,0.2194049999999999,0.7456738,0.21267647
0.7318481,0.19955647,0.7440289999999998,0.2430090952380955,0.73153114,0.19246808
0.73310596,0.23910755,0.728174333333333,0.1821791666666667,0.72563976,0.17168812
0.68044674,0.5758805,0.6790000000000007,0.5880000000000006,0.6810588,0.5791629
0.7290804,0.18266082,0.7333118560606063,0.2112239285714285,0.7304087,0.19269888
0.723135,0.17402264,0.726087142857143,0.1817906666666665,0.72795856,0.16156013
0.7029356,0.6451264,0.7029999999999975,0.6440000000000039,0.70833373,0.6949933
0.67175055,0.2157188,0.67649,0.2753336666666666,0.6706244,0.25677693
0.6834527,0.5625945,0.6968200000000003,0.63017,0.6836346,0.636243
0.73229104,0.22853255,0.734590833333333,0.2344755,0.7295491,0.21186039
0.735579,0.21896428,0.735298333333333,0.2468049999999999,0.735041,0.22474852
0.694534,0.62945163,0.7070000000000001,0.6910000000000011,0.69977444,0.6965253
0.72621894,0.20890129,0.7289639999999997,0.2001563095238095,0.7292794,0.19963534
0.73111784,0.2164737,0.7314436309523807,0.2201175833333332,0.7367609,0.19929783
0.70772827,0.20850986,0.7228441904761905,0.2659966666666666,0.7069514,0.179838
0.70436597,0.65315026,0.7060000000000002,0.671,0.7056846,0.6836332
0.71856046,0.16841054,0.7109749999999991,0.130745253968254,0.7253802,0.17949235
0.73006177,0.19498819,0.7413068333333332,0.2502518214285714,0.7335811,0.22796687
0.6778158,0.52115804,0.6199999999999989,0.2569,0.6746145,0.47565806
0.7029356,0.6451264,0.7029999999999975,0.6440000000000039,0.70833373,0.6949933
0.725477,0.19141626,0.7338306666666666,0.2134090952380952,0.7381685,0.200335
0.67340136,0.53831506,0.68211,0.5838499999999999,0.6764574,0.63707405
0.6703712,0.54235834,0.6650099999999994,0.5334299999999995,0.6653866,0.5251848
0.73232275,0.21614209,0.7341480000000001,0.2202595833333333,0.7343595,0.21253668
0.7130776,0.66598475,0.718999999999999,0.6800000000000016,0.7178915,0.6967228
0.6950526,0.6123062,0.6929999999999992,0.6109999999999989,0.6992123,0.66515094
0.72939676,0.20305109,0.722813833333333,0.1798623571428571,0.73123,0.1786003
0.70436597,0.65315026,0.7060000000000002,0.671,0.7056846,0.6836332
0.73514366,0.2238079,0.7378956785714285,0.2258006666666667,0.7385193,0.21502686
0.7415315,0.24194044,0.7393659523809524,0.2180604523809523,0.742553,0.24267471
0.69655234,0.640739,0.706000000000001,0.6959999999999993,0.6991634,0.67977935
0.68460906,0.5995269,0.6792100000000001,0.6190400000000001,0.6886461,0.65340805
0.7370664,0.21747077,0.7426229999999997,0.2247304047619048,0.7274233,0.20805788
0.73596764,0.21886253,0.7587200000000003,0.3344633333333337,0.7392312,0.21391436
0.7090051,0.67461574,0.7250000000000003,0.716,0.71607035,0.7278839
0.6914815,0.5580196,0.6719999999999986,0.5060000000000001,0.6970764,0.5833371
0.704965,0.6657685,0.7180799999999992,0.7152199999999992,0.7148169,0.6812771
0.7451991,0.22323239,0.74785,0.2664233333333333,0.7421485,0.23453912
0.7405784,0.2197414,0.7359299999999998,0.2414707142857144,0.7468891,0.22730204
0.7487265,0.26694566,0.7364291666666665,0.2192941666666666,0.745088,0.22340679
0.6998564,0.6094424,0.6751799999999988,0.5279999999999991,0.69216955,0.5936885
0.6631556,0.5078765,0.6520000000000006,0.4729999999999995,0.65882415,0.44925034
0.73715174,0.22922716,0.7297998333333332,0.2054604999999999,0.73837996,0.2015006
0.67699975,0.5618074,0.6910000000000011,0.6619999999999996,0.6793384,0.6369894
0.7130776,0.66598475,0.718999999999999,0.6800000000000016,0.7178915,0.6967228
0.70436597,0.65315026,0.7060000000000002,0.671,0.7056846,0.6836332
0.6779311,0.5272135,0.6790000000000007,0.5379999999999988,0.67450386,0.47811595
0.7021641,0.62023216,0.7102200000000001,0.6800000000000002,0.7170156,0.7094319
0.66646755,0.5475182,0.6856900000000001,0.6751699999999997,0.6724962,0.5672212
0.68684894,0.5638832,0.6079999999999988,0.2250000000000002,0.6951238,0.56727344
0.7466996,0.27370536,0.7686486666666671,0.3927269999999997,0.7423365,0.27935255
0.7312882,0.25736418,0.7491250000000003,0.3227099999999995,0.7449658,0.3351106
0.7311598,0.19970101,0.7323219999999995,0.2016079999999999,0.74105155,0.2321882
0.67556524,0.5979794,0.6860800000000001,0.66205,0.67959666,0.6718222
0.68044674,0.5758805,0.6790000000000007,0.5880000000000006,0.6810588,0.5791629
0.654465,0.45206004,0.6646800000000002,0.4913799999999996,0.64061224,0.46808618
0.6952578,0.6485146,0.6989999999999985,0.6670000000000015,0.70126665,0.6806429
0.7356345,0.2182777,0.7299371666666663,0.1872304318181818,0.7369679,0.21779805
0.6984395,0.64881074,0.7049999999999987,0.6850000000000012,0.69818985,0.6942897
0.70436597,0.65315026,0.7060000000000002,0.671,0.7056846,0.6836332
0.7353531,0.20710611,0.7369612499999998,0.208935,0.7380678,0.2089392
0.7097477,0.6563254,0.7160000000000022,0.6870000000000038,0.71315485,0.69279605
0.7223001,0.18919113,0.742489488095238,0.2620349047619045,0.72558725,0.17922793
0.7129587,0.67313087,0.7119999999999991,0.6730000000000017,0.7148888,0.6860619
0.7408427,0.2263223,0.731265,0.1937499999999999,0.7413638,0.20391554
0.7375952,0.2219176,0.7430513333333332,0.2484463333333335,0.73833317,0.21135983
0.6914815,0.5580196,0.6719999999999986,0.5060000000000001,0.6970764,0.5833371
0.74184906,0.1925537,0.7439693333333328,0.2325391666666665,0.73474586,0.20719439
0.74135405,0.2599293,0.7429658333333334,0.259870761904762,0.74025,0.2130827
0.68944585,0.6159851,0.7079999999999989,0.7229999999999994,0.6926664,0.6729942
0.6799899,0.58158374,0.6929999999999992,0.6809999999999989,0.6878057,0.66960466
0.7263305,0.17990929,0.7233699999999996,0.1526439999999996,0.73412156,0.20157832
0.68324816,0.5846404,0.6935100000000002,0.6052277777777777,0.68355966,0.609082
0.73529696,0.20496291,0.7346016666666667,0.1934358333333333,0.73957056,0.21289226
0.6950526,0.6123062,0.6929999999999992,0.6109999999999989,0.6992123,0.66515094
0.7387977,0.22756994,0.7295199999999994,0.1826024999999998,0.73610866,0.21823923
0.73982984,0.24981287,0.7401529999999998,0.234402726190476,0.738221,0.26061815
0.73071665,0.20491806,0.7285324999999999,0.1759413888888886,0.73859453,0.2121734
0.73346615,0.2094692,0.7357366666666664,0.2159512499999999,0.7390911,0.22655225
0.7029356,0.6451264,0.7029999999999975,0.6440000000000039,0.70833373,0.6949933
0.71529734,0.6826232,0.7039999999999996,0.6289999999999992,0.7186608,0.69105846
0.72412443,0.18032873,0.730274,0.1884220000000001,0.72447443,0.18454936
0.7287142,0.23735204,0.7105978333333337,0.227892,0.7202093,0.20497042
0.7249702,0.19031155,0.7234995000000001,0.160608119047619,0.7299448,0.20224673
0.7087796,0.6825115,0.720999999999999,0.704,0.70853215,0.7047432
0.69560504,0.5912991,0.7000000000000013,0.6076699999999995,0.6939029,0.58970946
0.73897105,0.23978573,0.7564183333333335,0.3243291666666665,0.7442984,0.24999464
0.6952534,0.62108564,0.6883400000000002,0.6148499999999992,0.70210814,0.68651253
0.71378154,0.14116496,0.7366599999999996,0.2471545238095239,0.72525597,0.17443272
0.722535,0.20931214,0.7043700000000014,0.1281105952380953,0.7341279,0.2463073
0.7097477,0.6563254,0.7160000000000022,0.6870000000000038,0.71315485,0.69279605
0.70436597,0.65315026,0.7060000000000002,0.671,0.7056846,0.6836332
0.69431245,0.5920901,0.6945299999999994,0.5824300000000004,0.6765878,0.56425095
0.7357179,0.22312084,0.7196790476190474,0.1800435714285712,0.73576665,0.20837148
0.7314343,0.21530151,0.7315789999999999,0.2056763333333333,0.7299259,0.19213821
0.7130776,0.66598475,0.718999999999999,0.6800000000000016,0.7178915,0.6967228
0.7130776,0.66598475,0.718999999999999,0.6800000000000016,0.7178915,0.6967228
0.72727257,0.18411869,0.7383299999999998,0.2142361666666667,0.736503,0.19947906
0.7130776,0.66598475,0.718999999999999,0.6800000000000016,0.7178915,0.6967228
0.68294656,0.5956545,0.6719999999999987,0.5889999999999991,0.68611556,0.65132296
0.73767304,0.22879773,0.738245,0.2115934999999999,0.7374084,0.21089607
0.69784564,0.6423078,0.6940000000000011,0.633000000000001,0.7023628,0.70838505
0.7090051,0.67461574,0.7250000000000003,0.716,0.71607035,0.7278839
0.695295,0.60372967,0.7289999999999993,0.7229999999999994,0.69900084,0.67109054
0.7383045,0.22888145,0.7240234999999998,0.1688266666666666,0.73723423,0.22604162
0.70240635,0.65534467,0.6904500000000001,0.58869,0.7077466,0.5904968
0.69493234,0.64520836,0.7009999999999996,0.6689999999999984,0.69777215,0.6664391
0.7129587,0.67313087,0.7119999999999991,0.6730000000000017,0.7148888,0.6860619
0.7229832,0.18372166,0.7149900000000018,0.14928,0.7323924,0.17914794
0.7206692,0.20495409,0.727856666666667,0.2271316666666666,0.73054683,0.25356522
0.7062118,0.68551403,0.7197799999999992,0.7338199999999996,0.7140608,0.7109261
0.7059493,0.6906583,0.6979999999999997,0.6830000000000004,0.70827115,0.687779
0.694534,0.62945163,0.7070000000000001,0.6910000000000011,0.69977444,0.6965253
0.73886836,0.23107544,0.7337433333333331,0.2181506666666666,0.7394409,0.20969084
0.7348985,0.21029708,0.726378833333333,0.1729008333333333,0.7355218,0.23620401
0.71529734,0.6826232,0.7039999999999996,0.6289999999999992,0.7186608,0.69105846
0.6580386,0.46463433,0.6030000000000011,0.1910000000000001,0.6536546,0.3720612
0.7348697,0.20964012,0.7367399999999994,0.20075,0.7267636,0.18520945
0.6688969,0.5282393,0.6595799999999999,0.4364700000000001,0.66979706,0.45257908
0.6870116,0.579842,0.6894999999999992,0.5975499999999994,0.697834,0.66859907
0.7381568,0.21089405,0.7314499999999999,0.1963700000000001,0.72527,0.17394853
0.72994,0.19854969,0.7492072499999994,0.2569467777777777,0.7349043,0.21150374
0.726414,0.21066332,0.7380493571428572,0.2274949285714285,0.73706007,0.2302407
0.73231035,0.21338472,0.7225365476190474,0.1461430555555555,0.7335202,0.18244618
0.7449132,0.26367998,0.7321070000000003,0.2189800238095237,0.74031943,0.201657
0.75659037,0.28341323,0.7479661666666664,0.2525892777777779,0.73924804,0.22983983
0.7129587,0.67313087,0.7119999999999991,0.6730000000000017,0.7148888,0.6860619
0.7058029,0.6531194,0.7109999999999986,0.6850000000000018,0.7105853,0.69667363
0.7219626,0.16962922,0.715788357142857,0.1431288095238095,0.7315403,0.18432346
0.7237027,0.17042041,0.7410351428571424,0.2489472301587302,0.73082346,0.19678691
0.7477457,0.21163148,0.738924333333333,0.1625416666666667,0.7382527,0.18776083
0.6705891,0.47626734,0.6473300000000003,0.3863500000000002,0.6600414,0.32762888
0.74029684,0.2380707,0.75041,0.2876799999999994,0.74250376,0.2492699
0.6755185,0.24437565,0.6924399999999999,0.2652393333333334,0.67662954,0.20807114
0.72736955,0.1848762,0.7163924999999999,0.135666876984127,0.7324773,0.19862506
0.7403795,0.21163484,0.7645491666666672,0.3304783333333334,0.7395164,0.21858501
0.7365239,0.22103453,0.7379999999999997,0.2229131201298701,0.74075454,0.22452268
0.67878115,0.5614824,0.6979999999999997,0.6719999999999987,0.68590665,0.61548036
0.6563817,0.1205188,0.6776800000000001,0.2571457142857143,0.6766685,0.24162221
0.7466165,0.24804997,0.7404788928571426,0.2468518333333333,0.7396883,0.22139978
0.73477286,0.2565155,0.7470929285714284,0.3441088095238093,0.73486686,0.25492275
0.6886358,0.6215875,0.6899999999999991,0.6259999999999991,0.69226784,0.6573034
0.69495916,0.59800327,0.6949999999999997,0.5850000000000007,0.7005422,0.6093524
0.7309215,0.21188027,0.7560499047619048,0.3250717499999995,0.7387183,0.23758148
0.69390535,0.6086315,0.7089800000000014,0.6877899999999996,0.690986,0.6187435
0.7326385,0.19691795,0.74259,0.2460466349206349,0.7331897,0.19154216
0.72761196,0.19091973,0.724939999999999,0.1692005714285712,0.7280646,0.1710872
0.71865827,0.6910781,0.7280000000000004,0.719999999999999,0.7194066,0.728761
0.7307421,0.1811426,0.7314700000000003,0.1851456666666665,0.72871673,0.19519809
0.7269214,0.21907157,0.7497683333333334,0.3562499999999997,0.7301024,0.247657
0.69655234,0.640739,0.706000000000001,0.6959999999999993,0.6991634,0.67977935
0.73512787,0.22188073,0.7330040000000002,0.1985933333333331,0.73709035,0.22732301
0.7204652,0.1946423,0.7087749999999989,0.14856,0.72251505,0.19999316
0.6881722,0.57714725,0.6979999999999997,0.6310000000000001,0.69254076,0.6379797
0.7097477,0.6563254,0.7160000000000022,0.6870000000000038,0.71315485,0.69279605
0.7398549,0.24715447,0.7325099999999997,0.1964355,0.74291,0.23450875
0.69498974,0.6685276,0.6929399999999996,0.6501299999999999,0.6952561,0.68995863
0.7352258,0.22153649,0.7273386428571429,0.1714058809523809,0.7369983,0.19764474
0.7448487,0.2525264,0.7446259999999997,0.2503236666666666,0.74397266,0.29329047
0.6770344,0.5988093,0.6803199999999998,0.5742299999999999,0.68722594,0.6815869
0.7372522,0.2446545,0.7284401190476189,0.2057043333333332,0.736004,0.21721032
0.7419624,0.24666345,0.7340100000000005,0.2003952142857142,0.74076974,0.24700709
0.7054187,0.67945147,0.6964600000000002,0.66566,0.7083645,0.7162848
0.7345402,0.19899732,0.7388373333333327,0.2104606666666666,0.73216116,0.20624147
0.7240685,0.16262445,0.7226893333333332,0.1739075,0.7342386,0.18675506
0.73263884,0.20223218,0.7744556666666673,0.3842681666666667,0.7387098,0.25996953
0.7018739,0.64812386,0.7060299999999999,0.6703599999999994,0.71386474,0.7117264
0.67863154,0.5988468,0.6719400000000006,0.617070000000001,0.6818686,0.6542979
0.7406403,0.29740834,0.753636333333334,0.3650990952380954,0.736493,0.3210197
0.72276753,0.17294064,0.7121421666666667,0.1512331666666665,0.72594965,0.17128998
0.72114295,0.17232549,0.7076825000000011,0.1034766666666667,0.7267909,0.1712366
0.69907737,0.63017875,0.6949999999999997,0.6409999999999988,0.70065975,0.6654883
0.72766113,0.21896607,0.7484072500000001,0.3457224999999999,0.7294859,0.21210283
0.73039067,0.23736227,0.7029250000000011,0.137243476190476,0.73205584,0.24495156
0.7123239,0.66399705,0.7207499999999989,0.6830000000000004,0.71528447,0.6514351
0.7308855,0.21911383,0.7172540000000015,0.1524130476190474,0.736536,0.24836761
0.6998564,0.6094424,0.6751799999999988,0.5279999999999991,0.69216955,0.5936885
0.70010114,0.6500342,0.6949999999999997,0.6210000000000008,0.70221585,0.66402245
0.69583917,0.6355732,0.7039999999999997,0.6499999999999991,0.6986185,0.67331284
0.73325086,0.21325558,0.7174106666666671,0.1304589166666666,0.73595685,0.19614553
0.7058029,0.6531194,0.7109999999999986,0.6850000000000018,0.7105853,0.69667363
0.7348245,0.21727198,0.729656333333333,0.1981620238095239,0.72578824,0.17488989
0.7097477,0.6563254,0.7160000000000022,0.6870000000000038,0.71315485,0.69279605
0.7304887,0.22298104,0.7243913095238095,0.2234870833333334,0.73646396,0.22462031
0.72447526,0.19335306,0.7272940833333327,0.1843667142857143,0.723422,0.18897897
0.73399425,0.22565913,0.7248416190476186,0.1635634285714284,0.73782605,0.20403096
0.7339137,0.20641005,0.7632500000000003,0.3226900000000003,0.7346142,0.2003212
0.73399574,0.20930582,0.7344292619047619,0.2136971666666667,0.7394667,0.2203121
0.6974945,0.64349675,0.7019999999999985,0.6559999999999995,0.7007081,0.67218584
0.7244615,0.17064536,0.7281103809523809,0.2042246666666665,0.73321223,0.18378542
0.72798514,0.19329488,0.7369008333333333,0.2203516666666668,0.7319919,0.19116172
0.7423506,0.24476105,0.7308633333333328,0.1946400000000002,0.743034,0.22352707
0.65988946,0.5126704,0.6520000000000006,0.4540000000000004,0.6479813,0.4723691
0.6967007,0.6508422,0.679069999999999,0.5710499999999995,0.6978055,0.6500253
0.7323456,0.21645707,0.7279673333333331,0.2003063333333333,0.73317975,0.20625687
0.700339,0.63467044,0.7102400000000002,0.6848999999999998,0.7104173,0.7237629
0.7393297,0.24745458,0.7385687619047617,0.2301480476190475,0.7417025,0.21466142
0.70672387,0.68088233,0.6949999999999996,0.6370000000000003,0.71171737,0.7050515
0.7058029,0.6531194,0.7109999999999986,0.6850000000000018,0.7105853,0.69667363
0.6749136,0.56449914,0.6629999999999984,0.5510000000000004,0.66455483,0.61589986
0.70795655,0.6270491,0.7139999999999991,0.6520000000000007,0.7092068,0.67108876
0.7037915,0.68643415,0.7076699999999989,0.710989999999999,0.709756,0.6973852
0.73725235,0.20470709,0.7440185000000001,0.2295016666666665,0.7416328,0.23807037
0.70877945,0.6825115,0.720999999999999,0.704,0.70853215,0.7047432
0.6867082,0.5950658,0.7031700000000007,0.6728200000000002,0.6782671,0.5553935
0.7294302,0.20152542,0.7417886666666665,0.2302629999999999,0.7310069,0.17797181
0.6903,0.63851,0.7051600000000013,0.7027899999999988,0.69656706,0.6855255
0.72630197,0.2111941,0.722481666666666,0.1915231666666663,0.7345386,0.21765473
0.7059493,0.6906583,0.6979999999999997,0.6830000000000004,0.70827115,0.687779
0.6903359,0.61423033,0.6891699999999996,0.5988600000000011,0.6968118,0.6862187
0.7338543,0.20119768,0.7351516666666664,0.2088856547619047,0.74120796,0.22287317
0.7305503,0.19917431,0.7313417142857138,0.205768238095238,0.73391646,0.19390108
0.7158246,0.17731437,0.7168100000000002,0.2107793333333333,0.7184473,0.1747151
0.7303846,0.20508057,0.7264733333333333,0.1607466666666666,0.7342424,0.18223548
0.7457213,0.25823998,0.7266885,0.1848643333333335,0.742268,0.24912399
0.73969615,0.243482,0.7384848809523805,0.2321983333333332,0.73653615,0.22057202
0.7086797,0.67237943,0.7229999999999993,0.7180000000000015,0.71129525,0.7038687
0.72848123,0.19936416,0.7396456944444442,0.2464643333333334,0.7353828,0.23863363
0.73648816,0.21942681,0.7323788333333332,0.20661,0.74179196,0.21630985
0.7292649,0.20391792,0.7260439999999995,0.2181860714285714,0.72858024,0.18513633
0.7413528,0.25999588,0.7417883809523809,0.2495373333333332,0.74080384,0.2673558
0.6903077,0.6335888,0.6889999999999995,0.6310000000000001,0.69163465,0.66696763
0.7129587,0.67313087,0.7119999999999991,0.6730000000000017,0.7148888,0.6860619
0.7439834,0.2915903,0.7360999999999995,0.2736762142857142,0.7417919,0.27246588
0.74081933,0.24733418,0.7374646111111108,0.2507252063492065,0.72927237,0.20326135
0.73998344,0.23288047,0.7355349285714281,0.2184635714285714,0.7369248,0.20472313
0.6897911,0.62846327,0.7067700000000013,0.6837900000000008,0.70183647,0.724978
0.6679853,0.5313248,0.6744899999999996,0.5609799999999997,0.6678565,0.54493725
0.7363541,0.21486521,0.7373986666666663,0.2208893333333333,0.7398503,0.26618353
0.7404755,0.23869804,0.7331349999999996,0.2073997619047619,0.73640335,0.20840576
0.743971,0.25983977,0.7456215,0.2843150000000001,0.7444973,0.26353985
0.73689383,0.21517944,0.7344791666666662,0.1997105,0.7414832,0.23725682
0.6897583,0.6350949,0.6907300000000002,0.65538,0.69018674,0.6847448
0.7044246,0.6530663,0.7090000000000016,0.6670000000000011,0.7132605,0.70217854
0.7266023,0.21652481,0.7327355000000001,0.2210727063492064,0.72964334,0.22580287
0.71789956,0.16071522,0.7235551666666664,0.1775285714285714,0.72361165,0.17191237
0.7196273,0.16362303,0.7329546666666663,0.1882799999999999,0.7273966,0.17881103
0.73250484,0.21037641,0.7379366666666664,0.2275545000000002,0.7391537,0.20639646
0.7029356,0.6451264,0.7029999999999975,0.6440000000000039,0.70833373,0.6949933
0.5138122,0.078663945,0.52197,0.17271,0.5248068,0.17220709
0.6884907,0.57934517,0.6300000000000011,0.2920000000000006,0.6827221,0.516939
0.74089205,0.23412979,0.7349249999999996,0.204305,0.7395469,0.20583333
0.7029356,0.6451264,0.7029999999999975,0.6440000000000039,0.70833373,0.6949933
0.6777264,0.5545868,0.6899999999999991,0.6520000000000009,0.67468464,0.615218
0.74016404,0.23365805,0.7400991666666663,0.2340601666666666,0.7393038,0.2501183
0.7130776,0.66598475,0.718999999999999,0.6800000000000016,0.7178915,0.6967228
0.69853735,0.6034039,0.7060000000000008,0.6420000000000013,0.7014272,0.63789886
0.7449939,0.2516761,0.8160731666666671,0.6150713333333337,0.7468523,0.28797442
0.7029356,0.6451264,0.7029999999999975,0.6440000000000039,0.70833373,0.6949933
0.70436597,0.65315026,0.7060000000000002,0.671,0.7056846,0.6836332
0.7323742,0.21289557,0.716751333333334,0.1512819285714286,0.72962195,0.19974384
0.72917914,0.19183579,0.7321199999999994,0.1872261428571428,0.7386267,0.20381154
0.7283432,0.19258508,0.7173299999999999,0.1372669047619048,0.73737746,0.21121308
0.7432769,0.25703123,0.7432156666666664,0.243416,0.7449836,0.2291205
0.7440771,0.25952303,0.7262149999999993,0.2032647619047615,0.7433861,0.2360307
0.6818259,0.6241317,0.6830000000000004,0.6580000000000008,0.6826533,0.6595836
0.68684894,0.5638832,0.6079999999999988,0.2250000000000002,0.6951238,0.56727344
0.7348283,0.2216582,0.7368976666666665,0.2651670000000001,0.7394464,0.2377086
0.69493604,0.6060407,0.6843799999999989,0.5940000000000007,0.70329356,0.69760007
0.7306891,0.18548,0.7367724999999996,0.2212846666666666,0.73155355,0.20315313
0.74300706,0.25045097,0.7273099999999991,0.1923699999999997,0.7457056,0.25325903
0.73096806,0.2026268,0.7353954523809523,0.2194901666666665,0.7317642,0.200142
0.6952578,0.6485146,0.6989999999999985,0.6670000000000015,0.70126665,0.6806429
0.724164,0.20132047,0.7314163333333334,0.2207595000000001,0.72871965,0.20192587
0.7097477,0.6563254,0.7160000000000022,0.6870000000000038,0.71315485,0.69279605
0.72669744,0.16778529,0.7337741666666665,0.2267215,0.7315079,0.19335592
0.7336221,0.20749903,0.726815,0.163705,0.7383845,0.21291284
0.72433895,0.16385418,0.7313832142857141,0.1978390238095238,0.7308767,0.18142086
0.7329258,0.20316774,0.7357249999999997,0.2117874999999999,0.7390618,0.21106413
0.73235023,0.24117708,0.7369645238095237,0.2633779999999999,0.74145424,0.24490783
0.7335881,0.18233222,0.7376420000000001,0.2157799999999999,0.73411536,0.20973243
0.6859069,0.5929034,0.6749999999999987,0.546999999999999,0.6764064,0.5246617
0.7029356,0.6451264,0.7029999999999975,0.6440000000000039,0.70833373,0.6949933
0.72972727,0.1994313,0.7194180555555549,0.1672756666666666,0.72870725,0.1604967
0.7316475,0.21057957,0.7765202142857145,0.4441710000000009,0.73860615,0.2353107
0.7058029,0.6531194,0.7109999999999986,0.6850000000000018,0.7105853,0.69667363
0.739277,0.23238811,0.7348231904761902,0.2105884999999998,0.7363101,0.21662077
0.67859244,0.5685744,0.6079999999999988,0.2280000000000003,0.67334056,0.5477108
0.7385881,0.23203754,0.74251,0.2376346666666665,0.7382147,0.22106722
0.68869245,0.5344271,0.7010999999999998,0.5502800000000004,0.6799426,0.47797704
0.6977531,0.67096263,0.6940000000000011,0.6689999999999986,0.70240647,0.69082063
0.74256754,0.25943944,0.7362116666666662,0.2206043333333332,0.7501068,0.22063935
0.6974945,0.64349675,0.7019999999999985,0.6559999999999995,0.7007081,0.67218584
0.73264945,0.20566925,0.7384699999999996,0.2190266666666666,0.7278564,0.20503598
0.7369642,0.23442674,0.7525511666666665,0.3090054523809526,0.7380173,0.23417911
0.7411693,0.23250958,0.7441569999999998,0.2296690476190477,0.740119,0.23203525
0.7097477,0.6563254,0.7160000000000022,0.6870000000000038,0.71315485,0.69279605
0.7220907,0.18923852,0.7169774999999998,0.1810049999999999,0.73135936,0.19169956
0.7350662,0.22948179,0.7369648333333333,0.2282386666666666,0.7382184,0.22948171
0.68671244,0.6017806,0.7030000000000014,0.7069999999999999,0.68762195,0.6655119
0.7097477,0.6563254,0.7160000000000022,0.6870000000000038,0.71315485,0.69279605
0.6736119,0.52555656,0.6607,0.3452999999999999,0.67688626,0.53332216
0.6886358,0.6215875,0.6899999999999991,0.6259999999999991,0.69226784,0.6573034
0.7400894,0.23460573,0.7274499999999994,0.1682599999999996,0.7373241,0.19847831
0.6970005,0.63652194,0.7046299999999988,0.6709499999999998,0.7002904,0.65795714
0.74211884,0.25353366,0.7333576666666669,0.2166800000000001,0.7431482,0.25658214
0.73485744,0.2190929,0.7368979999999997,0.2129696666666667,0.73670614,0.23984456
0.67820543,0.58275974,0.6788100000000002,0.6010299999999997,0.6725709,0.6666172
0.7214645,0.1909186,0.7172509325396829,0.2242403333333333,0.72739613,0.17139131
0.6908921,0.56081873,0.6869999999999991,0.5270000000000006,0.6838247,0.5227129
0.73505425,0.22853288,0.7260158333333325,0.2120200000000004,0.7369672,0.21546537
0.7097477,0.6563254,0.7160000000000022,0.6870000000000038,0.71315485,0.69279605
0.705155,0.6198473,0.7034699999999999,0.6319599999999999,0.71931875,0.69860137
0.7062957,0.662842,0.7120000000000017,0.6790000000000007,0.7053588,0.6608403
0.67755234,0.56961465,0.6844700000000001,0.60197,0.6720936,0.6442031
0.6622262,0.49380648,0.622999999999999,0.2330000000000003,0.65176827,0.3723771
0.72199357,0.18137217,0.709812,0.1039252619047619,0.72868204,0.18147317
0.7302453,0.22519448,0.7194991666666667,0.1949566071428571,0.7341163,0.18677586
0.71865827,0.6910781,0.7280000000000004,0.719999999999999,0.7194066,0.728761
0.7237867,0.18294328,0.7305606666666669,0.1879248888888888,0.73490024,0.19764039
0.7265912,0.19222873,0.7143149999999998,0.1436454999999999,0.7264355,0.18102914
0.73408294,0.2242792,0.788702130952381,0.4706962738095238,0.7347852,0.24930131
0.52235365,0.13955224,0.5226300000000001,0.127562,0.51631045,0.23105983
0.7350229,0.20599407,0.7377203571428572,0.1818293333333333,0.7403175,0.21827655
0.74477303,0.22593015,0.7357623333333332,0.1994576666666666,0.73801184,0.18551554
0.73679006,0.21709901,0.7364089999999999,0.2049838333333332,0.73797834,0.20775214
0.69453293,0.59740734,0.7060000000000015,0.6540000000000016,0.69637513,0.6563584
0.72974706,0.19701695,0.7314836904761901,0.1809573333333334,0.73549426,0.19228807
0.7009966,0.6323535,0.7150000000000019,0.6760000000000006,0.70585644,0.7034564
0.7097477,0.6563254,0.7160000000000022,0.6870000000000038,0.71315485,0.69279605
0.7254736,0.15576583,0.7321024999999993,0.1889980833333334,0.72730356,0.1741737
0.7197073,0.16071534,0.7330708333333331,0.1932616666666667,0.7333076,0.20314582
0.7518649,0.28057826,0.7454164285714283,0.277241,0.75463694,0.26868156
0.75002426,0.27406013,0.7361749999999997,0.2283600000000001,0.74568915,0.2741903
0.7253955,0.16825855,0.7272545000000001,0.1842650476190477,0.72839135,0.18917729
0.73673266,0.22244298,0.7341766666666664,0.2200345000000002,0.7406778,0.22776294
0.73026276,0.20039138,0.7283853571428572,0.2012555952380952,0.7345958,0.1867083
0.69784564,0.6423078,0.6940000000000011,0.633000000000001,0.7023628,0.70838505
0.7264958,0.1830867,0.7232497619047613,0.1570303333333332,0.7371341,0.2023501
0.70178825,0.66589534,0.6949999999999997,0.6460000000000007,0.70912385,0.6885973
0.7029356,0.6451264,0.7029999999999975,0.6440000000000039,0.70833373,0.6949933
0.7324634,0.21606153,0.7457544285714282,0.2622582619047618,0.7364774,0.23500797
0.72127426,0.15701723,0.72363519047619,0.1649660238095238,0.72753215,0.18380114
0.73823494,0.24034455,0.7270463571428567,0.1911246666666666,0.73941433,0.22398266
0.7237844,0.17146012,0.7242950000000001,0.1745487142857141,0.7262922,0.17355934
0.73809,0.24540746,0.7366301666666663,0.2398726666666667,0.7432398,0.23307635
0.7244847,0.17633325,0.7210699999999993,0.1364999999999997,0.7235391,0.19465359
0.74373627,0.24755436,0.7354096666666665,0.216755,0.7437612,0.21304673
0.7037733,0.658301,0.7018199999999998,0.6353399999999996,0.71110773,0.71457225
0.7029356,0.6451264,0.7029999999999975,0.6440000000000039,0.70833373,0.6949933
0.73122746,0.19728813,0.7279933333333325,0.1825220000000001,0.73512346,0.22371855
0.71506965,0.15152901,0.7115216666666656,0.1325099999999997,0.7227062,0.15360814
0.6669984,0.5178829,0.6310000000000001,0.2409999999999997,0.6521573,0.38152087
0.7089207,0.6298752,0.6899999999999991,0.5349999999999987,0.711794,0.6635716
0.7029356,0.6451264,0.7029999999999975,0.6440000000000039,0.70833373,0.6949933
0.7025366,0.63827586,0.71919,0.7010000000000014,0.71006256,0.71487445
0.74583995,0.27815342,0.7372199999999997,0.2067666666666669,0.74304223,0.23829421
0.7029356,0.64512646,0.7029999999999975,0.6440000000000039,0.70833373,0.6949933
0.7029356,0.6451264,0.7029999999999975,0.6440000000000039,0.70833373,0.6949933
0.6966276,0.64887106,0.6907100000000002,0.6360500000000004,0.6897083,0.63858074
0.73321503,0.20120367,0.7481374999999999,0.2516758333333333,0.7413703,0.2273489
0.7029356,0.6451264,0.7029999999999975,0.6440000000000039,0.70833373,0.6949933
0.7321586,0.22109503,0.7352653333333328,0.2140354761904759,0.74104065,0.20354897
0.73754907,0.23312736,0.7305295000000003,0.2372755,0.7377392,0.21760893
0.70814604,0.6725079,0.7229999999999991,0.7120000000000017,0.7137892,0.73061967
0.73008764,0.19704211,0.7246209999999997,0.1657411666666667,0.72973764,0.19212924
0.7023597,0.6617637,0.6959999999999993,0.6379999999999995,0.7057737,0.6799224
0.73109865,0.19347674,0.7240983333333336,0.1648500000000001,0.734444,0.20460269
0.74566305,0.25354183,0.7383144285714285,0.259415,0.75313365,0.23833963
0.6903,0.63851,0.7051600000000013,0.7027899999999988,0.69656706,0.6855255
0.6916152,0.6133407,0.7049999999999987,0.6880000000000009,0.69994235,0.70959526
0.72661245,0.22610211,0.7437599999999999,0.2864933333333331,0.7310909,0.26982898
0.6913086,0.59902537,0.6840800000000001,0.5409800000000001,0.69194484,0.6461541
0.7307,0.20818579,0.7279926190476194,0.1889308333333333,0.73766416,0.1867419
0.736344,0.21944171,0.7369363888888885,0.2024554999999997,0.7406076,0.22716698
0.7129587,0.67313087,0.7119999999999991,0.6730000000000017,0.7148888,0.6860619
0.5476297,0.18861663,0.5298700000000003,0.13331,0.53168696,0.20124586
0.7427569,0.21676567,0.7942793333333326,0.4886500000000005,0.7375322,0.20569967
0.6972349,0.61959803,0.7090000000000016,0.6779999999999988,0.70198613,0.67694473
0.7385646,0.23119682,0.73613,0.2302658095238096,0.74222296,0.22775972
0.73996377,0.2546661,0.7322308333333329,0.2130076666666669,0.74307567,0.25629646
0.7360027,0.22038847,0.7434439999999997,0.2370413333333333,0.74025685,0.22199833
0.7439998,0.2557135,0.7481466190476188,0.2718449761904762,0.7418921,0.28648108
0.7129587,0.67313087,0.7119999999999991,0.6730000000000017,0.7148888,0.6860619
0.7097477,0.6563254,0.7160000000000022,0.6870000000000038,0.71315485,0.69279605
0.6981969,0.66108626,0.7059100000000015,0.6794600000000002,0.69915384,0.6960979
0.7335354,0.23045301,0.7469648333333333,0.2534874999999998,0.736642,0.24959564
0.5051203,0.080819905,0.5187500000000004,0.12351,0.51422554,0.19025564
0.72261053,0.19379506,0.7326761666666666,0.2005819047619048,0.73117894,0.21987714
0.6692202,0.5680555,0.6746800000000001,0.6590199999999983,0.6731557,0.6329629
0.71865827,0.6910781,0.7280000000000004,0.719999999999999,0.7194066,0.728761
0.7394836,0.266406,0.7044560000000013,0.11573,0.7327565,0.2233477
0.73899734,0.23256394,0.7194199999999998,0.1477808333333332,0.7368194,0.19939871
0.73537946,0.19966137,0.740118333333333,0.2330199999999995,0.7387935,0.20993844
0.73264664,0.19916448,0.7292376666666662,0.1870144047619047,0.73581105,0.19707915
0.733112,0.21560085,0.7311774999999996,0.2052099999999997,0.73406136,0.20067719
0.6974945,0.64349675,0.7019999999999985,0.6559999999999995,0.7007081,0.67218584
0.7129587,0.67313087,0.7119999999999991,0.6730000000000017,0.7148888,0.6860619
0.6766239,0.5692194,0.6699199999999998,0.5168199999999998,0.6892692,0.50981146
0.7383431,0.22874129,0.7219567499999995,0.1596179999999999,0.73735654,0.21321194
0.7354892,0.22168013,0.726809999999999,0.16797,0.73235905,0.2338773
0.69592595,0.6011852,0.6949999999999997,0.6450000000000015,0.70246166,0.6621499
0.73607016,0.19991386,0.7411849999999996,0.2226075,0.74110043,0.2152991
0.73632264,0.22656837,0.7280523333333331,0.1964860833333332,0.7386769,0.20468035
0.6625074,0.2039912,0.6817800000000002,0.2618335,0.6689731,0.25105375
0.7427378,0.25242716,0.7347992619047617,0.2158025119047619,0.7400522,0.20952103
0.68905425,0.57484025,0.6559999999999994,0.4229999999999997,0.6862864,0.5696377
0.70041263,0.6217951,0.7269999999999992,0.7139999999999991,0.7051301,0.6819933
0.6952578,0.6485146,0.6989999999999985,0.6670000000000015,0.70126665,0.6806429
0.73070765,0.20381486,0.7158459999999992,0.1285483333333331,0.72849226,0.20471755
0.7266592,0.17955828,0.732180809523809,0.1976691666666666,0.7350295,0.18398139
0.730921,0.2063281,0.736451,0.2688199999999999,0.7334324,0.20131072
0.7251593,0.17235082,0.7440418333333334,0.2635155000000001,0.73539114,0.19801527
0.70090544,0.6194098,0.7189999999999996,0.6929999999999983,0.70443755,0.67247957
0.71796453,0.17205456,0.7166633333333349,0.1576878333333329,0.7244908,0.18365197
0.7097477,0.6563254,0.7160000000000022,0.6870000000000038,0.71315485,0.69279605
0.7292804,0.2015681,0.7293046666666665,0.1668727142857141,0.7350826,0.21252665
0.70291555,0.6572824,0.7067000000000013,0.6771000000000005,0.71105504,0.7143454
0.70549536,0.6467734,0.7131500000000002,0.6889000000000008,0.7078858,0.6970336
0.6946161,0.5952049,0.696880000000001,0.6283599999999993,0.7036791,0.6181087
0.73319596,0.20194018,0.7327636666666665,0.1917966666666666,0.73505914,0.18653288
0.71511877,0.13854784,0.7294369999999997,0.1989015,0.7271513,0.18295264
0.74269086,0.23794764,0.74052,0.2376849999999998,0.74186987,0.22661316
0.72568214,0.19005278,0.72536,0.1609228333333334,0.72971195,0.18739974
0.7029356,0.6451264,0.7029999999999975,0.6440000000000039,0.70833373,0.6949933
0.73230696,0.19473699,0.7777900000000004,0.3980349999999999,0.7346295,0.19450948
0.72397155,0.19902962,0.7155916666666683,0.1869893333333332,0.73090804,0.20605913
0.73996866,0.2422685,0.7675441666666671,0.3683460000000002,0.7456374,0.2628413
0.7348596,0.19565022,0.7322699999999994,0.1718559999999997,0.7386476,0.19208105
0.7491949,0.25028935,0.7348674999999995,0.2107666666666666,0.74364996,0.2050473
0.74036944,0.2281959,0.7328874999999995,0.1990833333333333,0.7429992,0.22677803
0.73712254,0.23212141,0.7275649999999999,0.1880455,0.7342959,0.19733691
0.74108315,0.22958654,0.7321699999999993,0.1907328571428569,0.74385417,0.21021548
0.69495916,0.59800327,0.6949999999999997,0.5850000000000007,0.7005422,0.6093524
0.7467821,0.266569,0.7346000000000004,0.1943046190476191,0.74386513,0.23770908
0.73935723,0.23424017,0.7149399999999991,0.1280716666666668,0.7423482,0.21297175
0.7282568,0.23001903,0.7089556428571429,0.1638007380952381,0.7339394,0.25136948
0.7097477,0.6563254,0.7160000000000022,0.6870000000000038,0.71315485,0.69279605
0.7029356,0.6451264,0.7029999999999975,0.6440000000000039,0.70833373,0.6949933
0.7390583,0.23913747,0.7363774999999997,0.2206141666666666,0.73883545,0.22511482
0.7130776,0.66598475,0.718999999999999,0.6800000000000016,0.7178915,0.6967228
0.6996051,0.6510993,0.7030200000000013,0.6490000000000008,0.7003027,0.6794896
0.7152973,0.6826235,0.7039999999999996,0.6289999999999992,0.7186608,0.6910585
0.68079185,0.47562733,0.6516500000000005,0.4197600000000002,0.66281724,0.4010471
0.7302608,0.19764113,0.7326949999999995,0.2072099999999997,0.73389685,0.19042581
0.7314347,0.20415905,0.7517750000000001,0.2988833333333331,0.73669964,0.22500968
0.73539555,0.22051403,0.7305399999999996,0.1958216666666666,0.7386941,0.20569564
0.72955483,0.19837308,0.7331625000000002,0.1981533333333333,0.7407551,0.20597179
0.7130776,0.66598475,0.718999999999999,0.6800000000000016,0.7178915,0.6967228
0.70573795,0.13795272,0.7199361666666669,0.202673,0.72047126,0.18743254
0.71452844,0.6987119,0.7077,0.6752600000000001,0.7266952,0.7255944
0.65921223,0.47597027,0.627000000000001,0.2390000000000005,0.64850235,0.3201375
0.7052085,0.62976134,0.6871800000000005,0.5356399999999992,0.7150667,0.68318075
0.70375025,0.6558134,0.7120000000000017,0.6919999999999996,0.71331114,0.70113903
0.7344458,0.23715943,0.7149999999999999,0.1916129999999999,0.73709524,0.23034424
0.7351708,0.21786243,0.7256399999999995,0.1568758809523808,0.73586917,0.2050839
0.7299709,0.21581373,0.7151680238095238,0.155784,0.7367261,0.2154571
0.7387121,0.22568476,0.7301062142857142,0.2068224047619047,0.7398269,0.21124831
0.7414179,0.27760747,0.7272249999999992,0.1984216666666663,0.74217224,0.2785777
0.72457784,0.15236777,0.7340657142857141,0.20569,0.7364592,0.20365328
0.7178972,0.17267287,0.7058150000000011,0.1288649999999999,0.721136,0.18760625
0.7475413,0.2682364,0.737117333333333,0.2170056428571427,0.7452816,0.23140927
0.73180616,0.18990827,0.7514599999999999,0.2779170000000001,0.73371446,0.22671345
0.699175,0.66506296,0.7049999999999987,0.6860000000000005,0.7013126,0.7084812
0.7323549,0.2069073,0.7365249523809522,0.2215447619047619,0.73630464,0.20345575
0.7396041,0.2553168,0.7395166666666659,0.1941909999999998,0.74768955,0.2595352
0.72705466,0.18383488,0.7238261666666665,0.1697293571428572,0.72749686,0.17049909
0.7255481,0.19059059,0.7116360000000013,0.1794359999999998,0.7213573,0.18252733
0.7296374,0.22941554,0.7254527380952382,0.1911569999999998,0.7387777,0.2707277
0.6690128,0.5118739,0.6730000000000014,0.547549999999999,0.663363,0.5526837
0.7124165,0.66431725,0.7259999999999992,0.6979999999999997,0.71536535,0.69211143
0.739921,0.24713299,0.7593060000000004,0.3350149523809523,0.74542236,0.2508688
0.6776196,0.5283939,0.6881799999999998,0.4959400000000001,0.6531406,0.5795005
0.74155873,0.23055848,0.7264666666666659,0.166457380952381,0.7393062,0.21265288
0.6998089,0.64105874,0.6849499999999996,0.5797600000000002,0.6972312,0.6255292
0.7388776,0.22579294,0.7444999999999999,0.24675,0.7347724,0.21832313
0.7381192,0.2444939,0.7215028333333328,0.1593949999999999,0.7416186,0.2128512
0.683906,0.5844679,0.6899999999999991,0.6159999999999998,0.68570834,0.6247422
0.6589,0.5150466,0.6420000000000013,0.4690000000000007,0.6540045,0.5359471
0.7287452,0.21008348,0.7296959999999999,0.2075035952380951,0.73718536,0.19746211
0.7391819,0.2203536,0.7305443055555557,0.1852259134199133,0.73833704,0.19827354
0.7029356,0.6451264,0.7029999999999975,0.6440000000000039,0.70833373,0.6949933
0.6567378,0.49258602,0.6626899999999984,0.5530599999999992,0.65714455,0.6257807
0.7281402,0.19227856,0.7490750000000002,0.2632783333333335,0.72850734,0.1885063
0.72946775,0.22822404,0.7340454999999995,0.2451486666666666,0.74193096,0.25563216
0.70672387,0.68088233,0.6949999999999996,0.6370000000000003,0.71171737,0.7050515
0.7218878,0.18278262,0.7313108333333332,0.1907026666666667,0.7254826,0.17874222
0.69655234,0.640739,0.706000000000001,0.6959999999999993,0.6991634,0.67977935
0.7297435,0.1969536,0.72913925,0.1931811785714285,0.73059225,0.18953532
0.6937672,0.610448,0.7019999999999986,0.6400000000000005,0.69647175,0.63224834
0.7078777,0.6867783,0.7239999999999991,0.7190000000000001,0.71732837,0.70211667
0.5165266,0.08076733,0.5312200000000005,0.13987,0.527363,0.19967915
0.73495066,0.21163666,0.7389594999999999,0.2312778333333337,0.7351393,0.21928413
0.7378104,0.2247473,0.7362999999999995,0.2082249999999998,0.7356891,0.19363853
0.6681062,0.4894271,0.68278,0.5064700000000005,0.6634114,0.41756487
0.7379396,0.23335999,0.7275129999999994,0.1955888095238095,0.7375639,0.20036612
0.7302407,0.19735944,0.7217266666666657,0.162483333333333,0.7295809,0.19638222
0.7458946,0.26333624,0.7322866666666666,0.2237574999999998,0.75262433,0.28620124
0.7094304,0.6806612,0.6980599999999997,0.6454199999999989,0.70994663,0.7001606
0.7264505,0.20462173,0.7194444761904761,0.2166417380952381,0.7313464,0.22962151
0.6819801,0.5870902,0.6739999999999999,0.5540000000000005,0.678565,0.5773664
0.7023597,0.6617637,0.6959999999999993,0.6379999999999995,0.7057737,0.6799224
0.7492609,0.25855637,0.7355456666666665,0.2218666666666667,0.7546933,0.2358675
0.73160297,0.20402628,0.7361199999999993,0.209182196969697,0.74069464,0.25687462
0.6949015,0.63584095,0.681219999999999,0.6030000000000011,0.700211,0.70507973
0.695135,0.6301916,0.718000000000002,0.7049999999999987,0.7005273,0.69181997
0.70877945,0.6825115,0.720999999999999,0.704,0.70853215,0.7047432
0.7062957,0.662842,0.7120000000000017,0.6790000000000007,0.7053588,0.6608403
0.7371869,0.23438522,0.7354000000000004,0.2014143333333332,0.74395853,0.2412758
0.6903883,0.6138437,0.6888100000000005,0.6343199999999996,0.69918203,0.67733234
0.68044674,0.5758805,0.6790000000000007,0.5880000000000006,0.6810588,0.5791629
0.7329449,0.19525048,0.723214,0.1588941666666664,0.7355015,0.20722179
0.7356326,0.21027702,0.7290500000000002,0.1869716666666664,0.73890364,0.20393242
0.6733758,0.54928935,0.6681900000000001,0.4526899999999999,0.6745801,0.5586035
0.67909,0.57407373,0.6777399999999999,0.4632900000000001,0.67210037,0.57708675
0.7284156,0.17850217,0.7415456666666662,0.2447166666666664,0.73090595,0.22776335
0.65692085,0.50177926,0.6777600000000003,0.5247300000000001,0.6564878,0.6096109
0.6710404,0.51195765,0.7095100000000006,0.6075200000000006,0.6862683,0.64082307
0.68044674,0.5758805,0.6790000000000007,0.5880000000000006,0.6810588,0.5791629
0.7303418,0.21101266,0.7304348333333331,0.2248827380952381,0.72858477,0.18497953
0.69495916,0.59800327,0.6949999999999997,0.5850000000000007,0.7005422,0.6093524
0.7316784,0.19332424,0.734027113095238,0.1966484166666666,0.734496,0.19801739
0.7261416,0.16596565,0.7470951666666664,0.2998720714285715,0.7338581,0.24989933
0.7097477,0.6563254,0.7160000000000022,0.6870000000000038,0.71315485,0.69279605
0.68671244,0.6017806,0.7030000000000014,0.7069999999999999,0.68762195,0.6655119
0.6952578,0.6485146,0.6989999999999985,0.6670000000000015,0.70126665,0.6806429
0.69493234,0.64520836,0.7009999999999996,0.6689999999999984,0.69777215,0.6664391
0.7415187,0.24771756,0.7349114285714282,0.2364124999999999,0.738562,0.22597983
0.73895335,0.22021484,0.7348099999999995,0.19992,0.7411026,0.21350095
0.7068401,0.67965597,0.7019999999999986,0.6529999999999992,0.711099,0.7049922
0.6900706,0.6338475,0.6938400000000002,0.67132,0.6984767,0.69060844
0.7097477,0.6563254,0.7160000000000022,0.6870000000000038,0.71315485,0.69279605
0.7129587,0.67313087,0.7119999999999991,0.6730000000000017,0.7148888,0.6860619
0.68397486,0.6002337,0.6903999999999997,0.6259300000000011,0.6861001,0.63955015
0.6867862,0.29211223,0.6799599999999999,0.3016066666666667,0.69556636,0.23480698
0.72769845,0.17644307,0.7146149999999991,0.1124371428571429,0.7304956,0.19730142
0.74063385,0.22798166,0.7360231666666666,0.2026736666666665,0.74321043,0.22762838
0.6777264,0.5545868,0.6899999999999991,0.6520000000000009,0.67468464,0.615218
0.69347984,0.6082202,0.7035999999999999,0.6510600000000006,0.6923894,0.62768775
0.7029356,0.6451264,0.7029999999999975,0.6440000000000039,0.70833373,0.6949933
0.6959721,0.6483041,0.7019300000000009,0.6815700000000007,0.697296,0.68286616
0.7361305,0.21720245,0.7388445833333335,0.2123877777777778,0.7376808,0.21748874
0.73676896,0.23192137,0.7376815238095235,0.2118428571428571,0.7325386,0.2538777
0.7323214,0.2144602,0.7326842142857138,0.2197815714285712,0.74184364,0.20628308
0.7348813,0.22637767,0.7229816666666664,0.1835916666666666,0.729987,0.19510427
0.7266009,0.17563951,0.7342010833333334,0.1807479761904762,0.73162943,0.18397829
0.65248847,0.4717511,0.6750799999999998,0.5668,0.65092933,0.5647238
0.7372553,0.23861039,0.7394059999999999,0.245284761904762,0.7386266,0.22496423
0.7023597,0.6617637,0.6959999999999993,0.6379999999999995,0.7057737,0.6799224
0.6952578,0.6485146,0.6989999999999985,0.6670000000000015,0.70126665,0.6806429
0.6984699,0.61679375,0.6989999999999994,0.6289999999999992,0.70387006,0.67154115
0.7236461,0.17198151,0.7333000000000004,0.2087323333333333,0.7288338,0.19520526
0.72170836,0.14052144,0.74405,0.2403199999999995,0.72170734,0.16702965
0.70339674,0.6686774,0.7013599999999998,0.6330500000000006,0.72080064,0.70674026
0.69661,0.6181623,0.7019099999999987,0.5989999999999993,0.7012036,0.6608874
0.6922524,0.57595164,0.70959,0.6806800000000008,0.69379675,0.6529954
0.7239649,0.15460292,0.7298608095238096,0.220465357142857,0.7329941,0.19530834
0.71853256,0.14550972,0.719618726190476,0.1373625873015872,0.7275062,0.1786165
0.7009966,0.6323535,0.7150000000000019,0.6760000000000006,0.70585644,0.7034564
0.70319855,0.62937915,0.6869999999999991,0.5399999999999994,0.7031847,0.6311972
0.75079685,0.25936103,0.7320476666666661,0.1936416666666669,0.7412232,0.23553662
0.69195735,0.61318254,0.71572,0.6970000000000012,0.69549114,0.6258756
0.70766115,0.6477957,0.6981999999999999,0.5639900000000001,0.7148227,0.6815061
0.73865354,0.24359727,0.8037916666666657,0.5510818333333325,0.73501486,0.23779887
0.7034868,0.6665494,0.6929999999999992,0.627000000000001,0.7063234,0.6720044
0.7143417,0.15098459,0.7184737499999998,0.1680625952380953,0.72213525,0.16722701
0.6974945,0.64349675,0.7019999999999985,0.6559999999999995,0.7007081,0.67218584
0.7058029,0.6531194,0.7109999999999986,0.6850000000000018,0.7105853,0.69667363
0.71655697,0.67692304,0.7121299999999999,0.6972799999999999,0.72573036,0.722519
0.7237812,0.22596878,0.7392264999999999,0.2876290476190472,0.72958136,0.2539984
0.74618345,0.2335996,0.7387109999999997,0.2311333333333338,0.7408173,0.20902833
0.69070554,0.62800455,0.6835699999999991,0.6081699999999995,0.69053304,0.6630869
0.7538095,0.27830863,0.7503010833333336,0.2806134999999999,0.74876845,0.24292344
0.70319855,0.62937915,0.6869999999999991,0.5399999999999994,0.7031847,0.6311972
0.7382661,0.23585409,0.7357325000000001,0.2275049999999999,0.7428858,0.231432
0.72787464,0.22932005,0.7039599999999987,0.1461783333333329,0.7298567,0.21963048
0.73667437,0.23747662,0.7380403333333331,0.2193113333333332,0.7374229,0.2104656
0.74263585,0.24647105,0.7294700000000002,0.175745,0.7443816,0.22404954
0.6977531,0.67096263,0.6940000000000011,0.6689999999999986,0.70240647,0.69082063
0.7319741,0.20372862,0.732536,0.18905,0.7387718,0.20953286
0.68467784,0.55576086,0.6752099999999999,0.5152399999999999,0.67911494,0.52998614
0.7212916,0.17928731,0.7234164523809522,0.199961357142857,0.7294384,0.19778322
0.7422688,0.2588737,0.7396753333333332,0.2646914999999999,0.7442899,0.2356796
0.66125464,0.4934793,0.6641200000000009,0.5282899999999993,0.64861166,0.5846978
0.6646352,0.49137402,0.6444800000000004,0.3399999999999998,0.6676623,0.5665203
0.7003088,0.66043955,0.7014699999999994,0.6520399999999996,0.7142168,0.6911492
0.73194563,0.19978946,0.8390199999999998,0.6520500000000007,0.7398734,0.21791056
0.7097477,0.6563254,0.7160000000000022,0.6870000000000038,0.71315485,0.69279605
0.71016616,0.68627954,0.7250000000000003,0.7160000000000001,0.7176364,0.7202994
0.7371973,0.221798,0.7395476428571428,0.2354561666666667,0.7397643,0.22123945
0.7490515,0.25613344,0.7470875000000001,0.2547235714285713,0.7476779,0.24604627
0.68675345,0.60276955,0.7030000000000014,0.7060899999999988,0.6896721,0.6863846
0.7130776,0.66598475,0.718999999999999,0.6800000000000016,0.7178915,0.6967228
0.73321635,0.20992601,0.7566133333333336,0.3050784999999997,0.7313893,0.2071321
0.6724246,0.53467625,0.67734,0.5000599999999998,0.66922903,0.42910752
0.70010114,0.6500342,0.6949999999999997,0.6210000000000008,0.70221585,0.66402245
0.65100217,0.44157416,0.6536300000000016,0.4809999999999992,0.64742005,0.45978346
0.68042374,0.5792577,0.6969200000000002,0.6528800000000001,0.6855558,0.66824764
0.7381373,0.23071635,0.7177200000000015,0.1593025238095237,0.73577034,0.2101112
0.7130776,0.66598475,0.718999999999999,0.6800000000000016,0.7178915,0.6967228
0.69495916,0.59800327,0.6949999999999997,0.5850000000000007,0.7005422,0.6093524
0.7275307,0.1903655,0.7309659999999996,0.1973700000000001,0.72879493,0.17629123
0.73953533,0.24025083,0.7466831071428567,0.2670585000000001,0.7432536,0.24543403
0.69453293,0.59740734,0.7060000000000015,0.6540000000000016,0.69637513,0.6563584
0.72623974,0.18669125,0.731013333333333,0.2156264999999999,0.7344857,0.19670174
0.7382842,0.23874718,0.7303399999999992,0.2468659999999999,0.7412864,0.21710221
0.678093,0.5315073,0.6243300000000008,0.3334500000000003,0.67998904,0.5240038
0.72669464,0.18935454,0.73307,0.2196955833333333,0.73600435,0.20911035
0.7290499,0.18520325,0.73017,0.1945333333333333,0.72648597,0.19066769
0.71529734,0.6826232,0.7039999999999996,0.6289999999999992,0.7186608,0.69105846
0.6971224,0.63315094,0.7039999999999997,0.6629999999999984,0.696048,0.6676305
0.7077411,0.65023685,0.7229999999999993,0.7049999999999987,0.716035,0.70890224
0.696626,0.62084067,0.6802799999999997,0.5472599999999996,0.69713354,0.6240298
0.67073303,0.50832474,0.66518,0.5505599999999996,0.6642511,0.4996795
0.6887799,0.5893748,0.6809799999999998,0.5906400000000003,0.7006039,0.68410105
0.6952578,0.6485146,0.6989999999999985,0.6670000000000015,0.7012667,0.68064284
0.690932,0.61034775,0.7079999999999989,0.6760000000000006,0.69504964,0.66430676
0.7448081,0.2530706,0.8025000000000011,0.569222000000001,0.74298704,0.28544167
0.695295,0.60372967,0.7289999999999993,0.7229999999999994,0.69900084,0.67109054
0.7052221,0.66319704,0.7239999999999991,0.7069999999999999,0.70930934,0.70257264
0.7330384,0.20912462,0.7351679999999996,0.2157306904761904,0.7332855,0.19553515
0.73313403,0.20628661,0.7251032380952378,0.1612689047619048,0.73754,0.21711314
0.7319524,0.20373666,0.7311869285714278,0.2209600562770559,0.73601085,0.21165575
0.73178124,0.18918583,0.7316300000000004,0.1783549999999999,0.7428109,0.2069973
0.7283859,0.20468533,0.7270516666666669,0.2234600000000003,0.7424351,0.2498081
0.73501146,0.2508471,0.7273500476190472,0.223643238095238,0.7245729,0.20458376
0.70436597,0.65315026,0.7060000000000002,0.671,0.7056846,0.6836332
0.7382524,0.22339803,0.7301309999999992,0.1864559999999998,0.7364542,0.23451617
0.7164017,0.15692562,0.7261899999999993,0.2058283333333337,0.72662455,0.15799734
0.7402107,0.24940291,0.7417198333333335,0.2509321666666669,0.7412766,0.22695212
0.733112,0.21560085,0.7311774999999996,0.2052099999999997,0.73406136,0.20067719
0.73404634,0.21837613,0.737907,0.2268366428571428,0.7267896,0.18010454
0.72469515,0.15813756,0.7317683333333327,0.1905690000000001,0.7281869,0.18871942
0.7374767,0.26265663,0.737683333333333,0.2664040000000006,0.7422079,0.2618047
0.7308339,0.24214494,0.7098899761904757,0.1630411666666668,0.7359813,0.26396316
0.7396393,0.24083897,0.7462629523809521,0.2555301666666666,0.75273263,0.29609284
0.7029356,0.6451264,0.7029999999999975,0.6440000000000039,0.70833373,0.6949933
0.72763485,0.15062395,0.7259549999999991,0.1601335833333333,0.7283079,0.17816587
0.70672387,0.68088233,0.6949999999999996,0.6370000000000003,0.71171737,0.7050515
0.7369273,0.22380981,0.7405200952380953,0.2515188333333333,0.74378353,0.2562029
0.7214182,0.18354318,0.7230147380952379,0.1875285,0.7243491,0.1781303
0.56085503,0.19629121,0.5324600000000002,0.14109,0.539812,0.14779244
0.7421583,0.2431984,0.7741740119047623,0.3955706666666668,0.73764133,0.2203565
0.69495916,0.59800327,0.6949999999999997,0.5850000000000007,0.7005422,0.6093524
0.7163271,0.12550622,0.7210566666666667,0.1407383333333332,0.71150815,0.13286169
0.7343533,0.19781542,0.7354437222222222,0.241284,0.7305863,0.18884468
0.736244,0.22311586,0.7274293333333328,0.16971,0.7429337,0.20742556
0.731642,0.17224252,0.7268299999999992,0.1751400000000003,0.7214301,0.18516827
0.73938906,0.23225304,0.7282800000000003,0.1752266666666664,0.73923016,0.24236293
0.69703656,0.6313293,0.6838600000000008,0.5523500000000002,0.7100904,0.7036039
0.72946775,0.22822404,0.7340454999999995,0.2451486666666666,0.74193096,0.25563216
0.71743965,0.14829528,0.7302933333333338,0.2075088333333332,0.72918934,0.18384814
0.72664434,0.18997395,0.7255261904761907,0.1663757142857141,0.7303454,0.17937168
0.7280337,0.20657822,0.6997549999999992,0.0820214761904762,0.7309985,0.20515016
0.69493234,0.64520836,0.7009999999999996,0.6689999999999984,0.69777215,0.6664391
0.68949044,0.58857656,0.677,0.5730000000000003,0.69425184,0.649271
0.6872813,0.5849904,0.6747500000000004,0.6052500000000002,0.6875505,0.61485785
0.7297746,0.19575009,0.7269899999999992,0.1739206666666669,0.73338234,0.19495492
0.71079755,0.65818834,0.718000000000002,0.6670000000000011,0.7116323,0.6671125
0.7097477,0.6563254,0.7160000000000022,0.6870000000000038,0.71315485,0.69279605
0.7337252,0.2508184,0.7366669761904759,0.2520493992673993,0.7366213,0.2706716
0.7391724,0.27116746,0.734281023809524,0.243311642857143,0.7366134,0.2673882
0.704965,0.6657685,0.7180799999999992,0.7152199999999992,0.7148169,0.6812771
0.714366,0.6854947,0.7169999999999992,0.7139999999999991,0.7213291,0.7458669
0.6946788,0.58635545,0.6855800000000003,0.51141,0.6942489,0.6090495
0.7323331,0.24990436,0.7242119999999999,0.1960008809523808,0.7362439,0.26808065
0.7107184,0.122696936,0.7174345000000012,0.1419820238095237,0.72402906,0.16160092
0.73956615,0.24501505,0.7647600000000004,0.3572379999999999,0.74880916,0.26903433
0.69493234,0.64520836,0.7009999999999996,0.6689999999999984,0.69777215,0.6664391
0.68798244,0.5603322,0.6319999999999992,0.3009999999999993,0.685624,0.55128795
0.7353264,0.21732774,0.7369099999999997,0.2223933333333332,0.73907804,0.20042369
0.7440934,0.24668163,0.75818,0.3336375,0.7404559,0.22861567
0.7097477,0.6563254,0.7160000000000022,0.6870000000000038,0.71315485,0.69279605
0.72791964,0.17464375,0.7287658333333327,0.1835439166666667,0.7308451,0.18743654
0.7534494,0.2916686,0.7471547500000001,0.281385277777778,0.756979,0.2829857
0.6974945,0.64349675,0.7019999999999985,0.6559999999999995,0.7007081,0.67218584
0.6655946,0.525251,0.68208,0.6251999999999999,0.6656608,0.6076488
0.7542596,0.27717507,0.7495308333333328,0.258516,0.7424487,0.21447453
0.7130776,0.66598475,0.718999999999999,0.6800000000000016,0.7178915,0.6967228
0.7518649,0.28057826,0.7454164285714283,0.277241,0.75463694,0.26868156
0.70864314,0.13479143,0.7001200000000013,0.094053738095238,0.7145464,0.13857903
0.73331046,0.20770922,0.7379999999999995,0.2419035714285714,0.733088,0.2424875
0.70436597,0.65315026,0.7060000000000002,0.671,0.7056846,0.6836332
0.69493234,0.64520836,0.7009999999999996,0.6689999999999984,0.69777215,0.6664391
0.69853735,0.6034039,0.7060000000000008,0.6420000000000013,0.7014272,0.63789886
0.6939862,0.618022,0.6979999999999997,0.6430000000000006,0.6948221,0.6745489
0.6819801,0.5870902,0.6739999999999999,0.5540000000000005,0.678565,0.5773664
0.73108,0.21498987,0.7371068730158729,0.2289173333333334,0.7391962,0.25127074
0.72911406,0.20240206,0.7189650000000003,0.1402556666666667,0.7344831,0.19396216
0.73407006,0.22457421,0.740484833333333,0.2268035,0.73663074,0.23305392
0.69493234,0.64520836,0.7009999999999996,0.6689999999999984,0.69777215,0.6664391
0.6995576,0.665805,0.6970000000000012,0.6360000000000011,0.7068691,0.7063897
0.7330723,0.19789106,0.7327239999999999,0.227961607142857,0.73253024,0.20654161
0.7335354,0.23045301,0.7469648333333333,0.2534874999999998,0.736642,0.24959564
0.7365872,0.2222625,0.7501296666666666,0.2804816666666667,0.7482281,0.23870204
0.704305,0.6434227,0.7210499999999993,0.7080700000000014,0.70826006,0.6711265
0.71653426,0.15008736,0.7323066666666663,0.2077588333333332,0.72642255,0.19101843
0.72717535,0.19265336,0.7330536666666664,0.2305794246031746,0.7355287,0.20163247
0.6952534,0.62108564,0.6883400000000002,0.6148499999999992,0.70210814,0.68651253
0.70010114,0.6500342,0.6949999999999997,0.6210000000000008,0.70221585,0.66402245
0.53718156,0.15537775,0.5372499999999998,0.1290400000000001,0.52247065,0.15985434
0.7268243,0.19464877,0.7300831190476188,0.1981183333333332,0.7268216,0.17532474
0.6823212,0.57596105,0.6910000000000011,0.6460000000000007,0.6777344,0.6041162
0.7476229,0.26341313,0.7287144999999997,0.1702579999999999,0.7416634,0.22723143
0.662613,0.5244992,0.6400000000000005,0.3850000000000003,0.64638114,0.4645393
0.7314711,0.20037603,0.7337928333333329,0.2182821666666667,0.7269999,0.19559018
0.7403795,0.21163484,0.7645491666666672,0.3304783333333334,0.7395164,0.21858501
0.7269906,0.21541211,0.7383612142857142,0.242147857142857,0.7337667,0.23469253
0.65519494,0.5016327,0.6758299999999992,0.5710100000000007,0.64983404,0.49285686
0.72632736,0.17567691,0.7290935714285712,0.1782346666666666,0.72538114,0.1915485
0.7346796,0.24199608,0.7352131190476188,0.2320076666666666,0.737806,0.25793874
0.7272277,0.18236062,0.7311200000000001,0.20042,0.73999035,0.20282689
0.68018395,0.5959318,0.6725399999999999,0.56438,0.68355995,0.6376537
0.67391896,0.5152064,0.6313900000000003,0.3006500000000003,0.66470164,0.45424122
0.69655234,0.640739,0.706000000000001,0.6959999999999993,0.6991634,0.67977935
0.7333739,0.19454479,0.7445333333333329,0.2552623333333333,0.73577714,0.20662743
0.73765236,0.23076972,0.7199295833333329,0.1504033333333333,0.7422497,0.22932978
0.70461833,0.64250743,0.7239999999999991,0.7120000000000017,0.708207,0.69252926
0.69493234,0.64520836,0.7009999999999996,0.6689999999999984,0.69777215,0.6664391
0.73292685,0.20892942,0.7361434761904764,0.2082998333333333,0.7363944,0.20794162
0.73854494,0.23069549,0.7496495,0.2716783333333334,0.7427372,0.27043632
0.6631556,0.5078765,0.6520000000000006,0.4729999999999995,0.65882415,0.44925034
0.7097477,0.6563254,0.7160000000000022,0.6870000000000038,0.71315485,0.69279605
0.6701019,0.52870166,0.6034799999999987,0.2119999999999998,0.6682639,0.43503642
0.7302075,0.21137297,0.754511119047619,0.3122228333333334,0.7346481,0.2285814
0.68491757,0.5909964,0.6996700000000008,0.6187599999999991,0.69112945,0.61972195
0.6461527,0.44593215,0.66278,0.38513,0.6361139,0.48888987
0.73897034,0.21230036,0.7503159999999999,0.2481445,0.7387713,0.2210576
0.73032784,0.18073863,0.7282024999999993,0.1797641666666666,0.7341847,0.19838049
0.73998344,0.23288047,0.7355349285714281,0.2184635714285714,0.7369248,0.20472313
0.72949666,0.18599734,0.7374571666666665,0.2289124761904761,0.737373,0.20787068
0.6631556,0.5078765,0.6520000000000006,0.4729999999999995,0.65882415,0.44925034
0.7408803,0.2589509,0.7465439722222226,0.2542156666666667,0.7462809,0.24120018
0.72738206,0.20679066,0.7020856666666669,0.1191483333333333,0.71765137,0.16036804
0.73926127,0.23870113,0.740485833333333,0.2436098333333332,0.7403488,0.22880378
0.74183446,0.24110997,0.7225528571428563,0.1626166666666665,0.7404981,0.2282745
0.73598164,0.22447899,0.7340840714285711,0.1993068809523809,0.73983973,0.23630351
0.7457571,0.24947602,0.8176940079365076,0.5723500000000001,0.7436507,0.21778345
0.6896545,0.63333094,0.6800000000000002,0.6049999999999988,0.69071096,0.67220557
0.73655736,0.21547264,0.7370599999999999,0.20167,0.74258274,0.218903
0.7430315,0.25237682,0.7366807142857138,0.2125206493506493,0.7418859,0.23606178
0.66269624,0.4561841,0.6476999999999998,0.4794099999999998,0.6605373,0.38099742
0.72724354,0.20502907,0.7336174999999996,0.2320816666666665,0.7328791,0.19781438
0.66646755,0.5475182,0.6856900000000001,0.6751699999999997,0.6724962,0.5672212
0.7416085,0.28352255,0.7304074285714286,0.2242228571428571,0.7376225,0.2712996
0.7409606,0.25078982,0.7451376666666668,0.2776170238095237,0.74274325,0.23780781
0.7318481,0.19955647,0.7440289999999998,0.2430090952380955,0.73153114,0.19246808
0.73447937,0.21163446,0.7366582619047617,0.2117718333333333,0.7382964,0.21771565
0.64916986,0.16649246,0.6802199999999998,0.271491,0.66600454,0.27760977
0.6779375,0.59918433,0.6919900000000007,0.6925999999999999,0.6785195,0.7060576
0.72732735,0.16539365,0.7306780714285712,0.2062728571428571,0.73299694,0.20440713
0.72442806,0.19927174,0.7280466666666665,0.1980611666666666,0.72505486,0.19299702
0.7485523,0.26880822,0.7356486666666666,0.2401140000000001,0.74249566,0.23531961
0.73782885,0.18428147,0.7571933333333334,0.2823279999999999,0.7382491,0.21589783
0.6669984,0.5178829,0.6310000000000001,0.2409999999999997,0.6521573,0.38152087
0.7359578,0.2257863,0.7211266666666657,0.1630697500000001,0.7330407,0.19509497
0.7387678,0.2021502,0.7373794999999997,0.2154836666666666,0.735947,0.21132995
0.74063146,0.25596982,0.78228,0.4353266666666671,0.74888843,0.28412062
0.7325214,0.20663229,0.7212974999999993,0.1680385000000001,0.7301748,0.19694811
0.73325086,0.21325558,0.7174106666666671,0.1304589166666666,0.73595685,0.19614553
0.70436597,0.65315026,0.7060000000000002,0.671,0.7056846,0.6836332
0.73683536,0.2103096,0.7336108333333332,0.2060106666666664,0.73883986,0.20035627
0.70791817,0.66315967,0.7120000000000019,0.6870000000000005,0.7082808,0.66585344
0.6771383,0.5371698,0.7192999999999994,0.7037099999999996,0.686905,0.6229835
0.71185476,0.6322,0.7379899999999996,0.7280000000000002,0.7158344,0.68068534
0.7293887,0.24243984,0.759325428571429,0.3338011904761906,0.7322186,0.2656893
0.735411,0.21751863,0.73449,0.19397,0.7312206,0.18997943
0.7097477,0.6563254,0.7160000000000022,0.6870000000000038,0.71315485,0.69279605
0.7410228,0.2577529,0.7875850000000001,0.4447596666666666,0.7429665,0.25551224
0.7351684,0.23648,0.7423109999999998,0.2612932142857143,0.7306239,0.2394519
0.694534,0.62945163,0.7070000000000001,0.6910000000000011,0.69977444,0.6965253
0.7318471,0.21928242,0.7297523333333331,0.1873349999999999,0.73354983,0.19487408
0.7332157,0.21966752,0.7266025000000004,0.1598899999999998,0.73859215,0.21884811
0.72889924,0.17190498,0.7445466666666664,0.2456261666666666,0.73442817,0.18625212
0.73494864,0.22876972,0.7448133333333334,0.2626100000000005,0.73600435,0.2160162
0.7097477,0.6563254,0.7160000000000022,0.6870000000000038,0.71315485,0.69279605
0.7397081,0.24901026,0.7332249999999995,0.2104400000000003,0.74411577,0.26133323
0.7417707,0.26276737,0.7361683333333331,0.230477619047619,0.74496794,0.2532478
0.7243244,0.16380262,0.7434339999999997,0.2072908333333333,0.74208045,0.22720285
0.7335703,0.20324114,0.7476215238095243,0.2603408571428569,0.7317018,0.19977383
0.69003123,0.60918844,0.6989999999999994,0.6450000000000015,0.69068277,0.6346474
0.7068402,0.67965573,0.7019999999999986,0.6529999999999992,0.711099,0.7049921
0.72889495,0.20557755,0.7278834285714286,0.2523795079365081,0.72811186,0.17634502
0.67870945,0.5620991,0.6767400000000001,0.4962300000000001,0.68341637,0.52653486
0.72905856,0.18074876,0.7386471428571426,0.2377894999999997,0.7310529,0.2093345
0.7427335,0.25393826,0.7530846666666668,0.2997100000000001,0.74429727,0.2506381
0.7282488,0.20872104,0.7252464999999997,0.1706680714285713,0.7291252,0.20159225
0.7230829,0.17755497,0.7310191666666661,0.1849913571428571,0.73168325,0.19303298
0.7029356,0.6451264,0.7029999999999975,0.6440000000000039,0.70833373,0.6949933
0.69093204,0.61034775,0.7079999999999989,0.6760000000000006,0.6950496,0.66430676
0.7355914,0.21485117,0.7527369166666666,0.3039693333333332,0.7375835,0.24201988
0.70791817,0.66315967,0.7120000000000019,0.6870000000000005,0.7082808,0.66585344
0.74104416,0.25937778,0.7441269999999998,0.2662737857142856,0.7489213,0.25083575
0.7302608,0.19764113,0.7326949999999995,0.2072099999999997,0.73389685,0.19042581
0.7343693,0.19882858,0.7288433333333327,0.1571700000000002,0.7380204,0.2215037
0.7097477,0.6563254,0.7160000000000022,0.6870000000000038,0.71315485,0.69279605
0.6810458,0.58365905,0.6959999999999993,0.6860000000000005,0.6843864,0.6268857
0.7253279,0.18307304,0.724219999999999,0.1753209285714284,0.736685,0.20056486
0.74483895,0.25022054,0.7452036666666666,0.2356006666666667,0.74972194,0.25416183
0.7029356,0.6451264,0.7029999999999975,0.6440000000000039,0.70833373,0.6949933
0.730921,0.2063281,0.736451,0.2688199999999999,0.7334324,0.20131072
0.70880795,0.68798435,0.7079999999999989,0.6929999999999992,0.7148584,0.7058366
0.67862064,0.5453061,0.6561700000000009,0.4073699999999995,0.67215836,0.62107
0.7398478,0.22176167,0.7372474999999996,0.2068663333333333,0.7413161,0.21794991
0.73445296,0.25292674,0.7795100000000004,0.4646545476190474,0.73381877,0.27578533
0.72537446,0.21309274,0.7169921071428577,0.187683238095238,0.731048,0.21694794
0.70436597,0.65315026,0.7060000000000002,0.671,0.7056846,0.6836332
0.73814136,0.22803152,0.7380883333333331,0.2311644761904761,0.74489045,0.24823692
0.73323584,0.19606659,0.7339888571428571,0.190504,0.7392914,0.21278533
0.7190956,0.15891981,0.744200833333333,0.2662620000000003,0.7308254,0.18994415
0.7279561,0.19147778,0.7309469999999999,0.2115906666666665,0.7285841,0.19966808
0.73083276,0.18734252,0.7188740000000016,0.1431833333333331,0.7313472,0.18399027
0.739277,0.23238811,0.7348231904761902,0.2105884999999998,0.7363101,0.21662077
0.7051703,0.6379473,0.7220000000000002,0.7060000000000015,0.70669234,0.682625
0.6946161,0.5952049,0.696880000000001,0.6283599999999993,0.7036791,0.6181087
0.71491647,0.19975698,0.7238911904761903,0.2368158333333333,0.70932716,0.16820762
0.7440128,0.23735946,0.7324099999999997,0.2111516666666666,0.73716056,0.198533
0.6919325,0.65039074,0.6924200000000006,0.6696300000000008,0.6974007,0.7157677
0.7054617,0.66424704,0.7045999999999999,0.6545300000000001,0.7135189,0.7074447
0.7129587,0.67313087,0.7119999999999991,0.6730000000000017,0.7148888,0.6860619
0.7086153,0.6440444,0.7049999999999987,0.6510000000000015,0.71271807,0.6514884
0.7246883,0.1622724,0.7303333333333328,0.2024833333333335,0.7221215,0.19133535
0.73048574,0.19344437,0.7335370595238093,0.2190211666666666,0.7326907,0.20048374
0.7029356,0.6451264,0.7029999999999975,0.6440000000000039,0.70833373,0.6949933
0.7097477,0.6563254,0.7160000000000022,0.6870000000000038,0.71315485,0.69279605
0.7354281,0.21623635,0.7280500000000002,0.1723000000000002,0.73046273,0.19765939
0.68949044,0.58857656,0.677,0.5730000000000003,0.69425184,0.649271
0.70041263,0.6217951,0.7269999999999992,0.7139999999999991,0.7051301,0.6819933
0.694534,0.62945163,0.7070000000000001,0.6910000000000011,0.69977444,0.6965253
0.7281375,0.17915606,0.7167980000000014,0.1273716666666668,0.7347736,0.18593559
0.67440826,0.5828853,0.694080000000001,0.6967300000000012,0.68412805,0.69307715
0.7303897,0.20731232,0.7382374999999994,0.2329283333333333,0.7357298,0.20980275
0.6651467,0.49069858,0.6195199999999996,0.2250300000000002,0.6568768,0.45517486
0.7029356,0.6451264,0.7029999999999975,0.6440000000000039,0.70833373,0.6949933
0.7417817,0.23367482,0.7448700000000001,0.2328173333333331,0.7410691,0.21514466
0.70791817,0.66315967,0.7120000000000019,0.6870000000000005,0.7082808,0.66585344
0.7434163,0.23156756,0.7461333333333332,0.2570634285714287,0.7440759,0.2182478
0.6863556,0.5630096,0.7030100000000011,0.6198599999999993,0.69927657,0.62556475
0.72771275,0.17100728,0.7217016666666659,0.1460409523809523,0.73113537,0.23194897
0.7286159,0.22787532,0.7566600000000001,0.3255112142857145,0.7329086,0.25254142
0.6823771,0.55770946,0.63862,0.3097300000000003,0.6718767,0.37551507
0.7406429,0.23848987,0.7266299444444444,0.1803733333333333,0.7401334,0.21942408
0.6886358,0.6215875,0.6899999999999991,0.6259999999999991,0.69226784,0.6573034
0.7349436,0.2316392,0.7801174999999984,0.4550100000000007,0.7381305,0.2353527
0.73780715,0.22605395,0.7207461904761905,0.1447370111832613,0.7427033,0.21003993
0.73168147,0.20619261,0.71965,0.1478616666666663,0.7348113,0.21616828
0.7344458,0.23715943,0.7149999999999999,0.1916129999999999,0.73709524,0.23034424
0.6887026,0.6221223,0.7084299999999996,0.6284499999999994,0.6963198,0.66720134
0.6531223,0.44223428,0.6550000000000007,0.4350000000000002,0.6378868,0.3626808
0.7348985,0.21029708,0.726378833333333,0.1729008333333333,0.7355218,0.23620401
0.7097477,0.6563254,0.7160000000000022,0.6870000000000038,0.71315485,0.69279605
0.7130776,0.66598475,0.718999999999999,0.6800000000000016,0.7178915,0.6967228
0.71542525,0.14091933,0.7272288095238093,0.2036575,0.7172351,0.16379248
0.6670585,0.5313308,0.6845999999999993,0.6070599999999995,0.6634486,0.52631545
0.7367935,0.22857067,0.7451016666666664,0.2391036666666665,0.73833597,0.21999383
0.6600936,0.12863553,0.67779,0.2170378333333333,0.6742985,0.24614808
0.7384505,0.22794688,0.7306552380952376,0.1767449999999996,0.7363149,0.19410452
0.72722024,0.17936665,0.7354633333333335,0.207335,0.7329937,0.20074442
0.7065426,0.6655283,0.7090000000000016,0.6520000000000006,0.7107169,0.67272866
0.70436597,0.65315026,0.7060000000000002,0.671,0.7056846,0.6836332
0.73072,0.2018455,0.7309074999999996,0.1936016666666666,0.72608006,0.1721229
0.75464535,0.28490365,0.7701066666666654,0.3509300000000004,0.73593193,0.22013897
0.6819801,0.5870902,0.6739999999999999,0.5540000000000005,0.678565,0.5773664
0.6799881,0.5423462,0.6805099999999996,0.5555999999999996,0.6751298,0.519657
0.72018576,0.17283356,0.7261716060606059,0.2080596190476189,0.724874,0.17199662
0.7029356,0.6451264,0.7029999999999975,0.6440000000000039,0.70833373,0.6949933
0.73838246,0.24147171,0.7355760714285712,0.2194361666666666,0.7388494,0.21472588
0.7341378,0.20389715,0.7189500238095244,0.1403788863636362,0.72770524,0.17429978
0.7397634,0.23161343,0.7335816666666664,0.2214223809523809,0.7359557,0.21401279
0.73804843,0.22732973,0.7282533333333334,0.1805018095238094,0.73429346,0.2047711
0.73875844,0.23857725,0.7405321666666663,0.2390426666666665,0.7392999,0.22825775
0.72689617,0.17579818,0.7359799999999997,0.2130366666666666,0.7308984,0.1984607
0.6977531,0.67096263,0.6940000000000011,0.6689999999999986,0.70240647,0.69082063
0.73994035,0.24401271,0.812264333333333,0.590290888888889,0.74118125,0.22556995
0.7148576,0.666628,0.7280000000000004,0.7160000000000001,0.7210172,0.72206146
0.70360434,0.6415009,0.7239999999999991,0.7120000000000017,0.70824265,0.7069578
0.6974945,0.64349675,0.7019999999999985,0.6559999999999995,0.7007081,0.67218584
0.6881722,0.57714725,0.6979999999999997,0.6310000000000001,0.69254076,0.6379797
0.7294209,0.17436624,0.7245656666666663,0.1491714285714284,0.7349806,0.19358186
0.7009966,0.6323535,0.7150000000000019,0.6760000000000006,0.70585644,0.7034564
0.70795655,0.6270491,0.7139999999999991,0.6520000000000007,0.70920676,0.67108876
0.66887236,0.5459972,0.6689999999999986,0.5480000000000013,0.6601547,0.55747706
0.6568347,0.46763182,0.6510000000000015,0.4969999999999999,0.6524565,0.5334316
0.69592595,0.6011852,0.6949999999999997,0.6450000000000015,0.70246166,0.6621499
0.71993685,0.18439135,0.732700880952381,0.2024872142857142,0.7293943,0.19470963
0.7097477,0.6563254,0.7160000000000022,0.6870000000000038,0.71315485,0.69279605
0.73967147,0.24551332,0.7390366666666663,0.2264478809523808,0.7430669,0.25510833
0.7097477,0.6563254,0.7160000000000022,0.6870000000000038,0.71315485,0.69279605
0.70852184,0.6841707,0.70961,0.6900499999999998,0.7127643,0.7091746
0.73390424,0.1978836,0.7326996428571426,0.2045703333333333,0.7387046,0.19759618
0.70436597,0.65315026,0.7060000000000002,0.671,0.7056846,0.6836332
0.7395258,0.23521811,0.7256626746031745,0.1736225476190474,0.7413225,0.22359687
0.66755736,0.48296285,0.6856800000000005,0.5213499999999991,0.6623017,0.58403534
0.7376669,0.20336509,0.7401049999999997,0.2286199999999999,0.7345205,0.19365169
0.74715245,0.24887758,0.7410969166666667,0.2327957857142856,0.7439176,0.20674334
0.6995989,0.63633007,0.67761,0.6039999999999993,0.6980524,0.6704337
0.70090544,0.6194098,0.7189999999999996,0.6929999999999983,0.70443755,0.67247957
0.730111,0.22993198,0.751051428571429,0.3392138571428572,0.72851926,0.23906994
0.7357636,0.236285,0.7418245,0.2733724523809524,0.73694646,0.26089337
0.7164017,0.15692562,0.7261899999999993,0.2058283333333337,0.72662455,0.15799734
0.73096806,0.20262676,0.7353954523809523,0.2194901666666665,0.7317642,0.20014198
0.68044674,0.5758805,0.6790000000000007,0.5880000000000006,0.6810588,0.5791629
0.7219151,0.18381453,0.7228000000000001,0.1877059999999998,0.73349845,0.1927249
0.70078146,0.6210716,0.6990399999999992,0.6370000000000003,0.70130575,0.634558
0.73695606,0.24603587,0.7467545238095242,0.3051628571428574,0.724419,0.18295985
0.73198235,0.19636971,0.7359089999999996,0.2441102142857142,0.7372657,0.1990581
0.7411857,0.2448616,0.7703685714285714,0.4056313333333331,0.74107325,0.22969526
0.73243546,0.20703521,0.7247440000000002,0.1615984999999999,0.73830986,0.20876794
0.73529214,0.22100535,0.7346877380952378,0.2105069761904762,0.7405143,0.20414855
0.7289914,0.18845022,0.75055,0.2874285000000002,0.7329286,0.20211402
0.7343217,0.22274113,0.7386651666666663,0.2237026666666666,0.7399125,0.217636
0.7283295,0.18648297,0.7295633333333335,0.1965683333333333,0.73769933,0.20481849
0.73340255,0.2122156,0.7398274999999996,0.2446260000000002,0.7367512,0.21379808
0.7245873,0.23452926,0.7599013333333337,0.3777808333333335,0.73327535,0.26174012
0.70672387,0.68088233,0.6949999999999996,0.6370000000000003,0.71171737,0.7050515
0.6972554,0.589288,0.6989999999999994,0.5670000000000001,0.70518476,0.6394356
0.69881773,0.665211,0.7060000000000014,0.7049999999999987,0.7077288,0.6877985
0.7344893,0.21150899,0.7312452857142857,0.1960483333333333,0.73658246,0.19874728
0.7226135,0.15744197,0.7306990476190475,0.1838146587301587,0.7274284,0.16510887
0.7421694,0.2542175,0.7356683809523805,0.2083523333333333,0.7450123,0.23473996
0.6952578,0.6485146,0.6989999999999985,0.6670000000000015,0.70126665,0.6806429
0.7029356,0.6451264,0.7029999999999975,0.6440000000000039,0.70833373,0.6949933
0.73356766,0.20780134,0.7271418333333325,0.173541,0.7361072,0.21611057
0.70247,0.6613997,0.7030000000000014,0.6659999999999985,0.7033946,0.692787
0.7358686,0.21270987,0.7507188333333334,0.2836200000000002,0.73329043,0.24884209
0.73427355,0.19959703,0.7398339999999997,0.247856,0.7355305,0.20326531
0.7278361,0.18442586,0.7311669642857139,0.1892245,0.7366132,0.20196699
0.73442674,0.2214903,0.7305914999999998,0.2142217619047617,0.7404314,0.20373157
0.70090544,0.6194098,0.7189999999999996,0.6929999999999983,0.70443755,0.67247957
0.7097477,0.6563254,0.7160000000000022,0.6870000000000038,0.71315485,0.69279605
0.72481287,0.17898774,0.7111019999999988,0.1266524999999998,0.72842985,0.18735369
0.7089207,0.6298752,0.6899999999999991,0.5349999999999987,0.711794,0.6635716
0.68675345,0.60276955,0.7030000000000014,0.7060899999999988,0.6896721,0.6863846
0.7359875,0.20317966,0.7344724999999991,0.2012886666666666,0.74196416,0.2134862
0.7097477,0.6563254,0.7160000000000022,0.6870000000000038,0.71315485,0.69279605
0.69592595,0.6011852,0.6949999999999997,0.6450000000000015,0.70246166,0.6621499
0.6974945,0.64349675,0.7019999999999985,0.6559999999999995,0.7007081,0.67218584
0.6786278,0.20655906,0.6884333333333335,0.2768983333333332,0.6804331,0.24965423
0.74559903,0.24578226,0.7393349999999996,0.2449779880952381,0.7446116,0.20403036
0.74764794,0.25544217,0.7417174999999997,0.2624480000000002,0.7440203,0.2172501
0.7401112,0.20365843,0.7375208333333332,0.2282183333333333,0.73794466,0.21694022
0.74253976,0.23507595,0.7330307499999997,0.1870504047619047,0.74038005,0.20329641
0.7237812,0.22596878,0.7392264999999999,0.2876290476190472,0.72958136,0.2539984
0.6820301,0.5878749,0.6936700000000006,0.6130899999999995,0.67302746,0.6517991
0.7295413,0.19910428,0.7307588650793647,0.1856611904761904,0.73041654,0.19581866
0.6676314,0.48995572,0.622,0.218,0.6592589,0.33924413
0.68798244,0.5603322,0.6319999999999992,0.3009999999999993,0.685624,0.55128795
0.7029356,0.6451264,0.7029999999999975,0.6440000000000039,0.70833373,0.6949933
0.70041263,0.6217951,0.7269999999999992,0.7139999999999991,0.7051301,0.6819933
0.7287203,0.19402713,0.7272126666666666,0.1901208333333333,0.7353056,0.19586408
0.7279702,0.20601529,0.7155799999999998,0.1670166666666664,0.7331664,0.19658883
0.73655796,0.23142701,0.7291099999999996,0.1868400000000001,0.7402822,0.20333566
0.6977531,0.67096263,0.6940000000000011,0.6689999999999986,0.70240647,0.69082063
0.732121,0.21955144,0.7367729999999999,0.2669729999999997,0.72831416,0.18710943
0.736344,0.21944171,0.7369363888888885,0.2024554999999997,0.7406076,0.22716698
0.70247,0.6613997,0.7030000000000014,0.6659999999999985,0.7033946,0.692787
0.7129587,0.67313087,0.7119999999999991,0.6730000000000017,0.7148888,0.6860619
0.7241727,0.18386292,0.7309349999999999,0.2119996666666667,0.7311206,0.18967631
0.7508145,0.28499067,0.7469026666666667,0.2741882110389609,0.74971634,0.26653883
0.73194623,0.20277578,0.7318133333333331,0.1798073333333333,0.7318679,0.19187683
0.6786136,0.5230705,0.6090000000000012,0.1910000000000001,0.67949575,0.49954814
0.59190595,0.30582643,0.5569400000000001,0.2847014285714285,0.60161966,0.32392666
0.7308899,0.19714803,0.7376313333333333,0.2482139999999999,0.7409041,0.21901113
0.72534204,0.19229889,0.7189310000000002,0.153845,0.7289888,0.19893406
0.7399747,0.23560396,0.7436848015873015,0.2276346666666667,0.7446784,0.23376055
0.73989284,0.23322934,0.7262520000000001,0.1776120000000001,0.733117,0.19825967
0.7354165,0.21688607,0.7342240476190475,0.2219636666666666,0.7394891,0.22333674
0.7326615,0.23534536,0.7195524999999993,0.1409433333333331,0.7386482,0.27583718
0.69681185,0.5833494,0.7090000000000016,0.6370000000000003,0.70146424,0.63001627
0.72609144,0.17779797,0.7145092142857143,0.1381844365079364,0.7265029,0.18904838
0.7252718,0.15519527,0.7501586666666665,0.2684789999999999,0.7286669,0.22635755
0.73328656,0.2201091,0.7545700000000001,0.2918160000000003,0.73866093,0.21500209
0.67483014,0.20614332,0.67836,0.2614799999999998,0.6772872,0.24786848
0.71938634,0.6724346,0.7250000000000001,0.7000000000000013,0.72178423,0.7164727
0.67053956,0.4949417,0.616999999999999,0.2439999999999998,0.6650995,0.39851168
0.7262939,0.17651138,0.723339357142857,0.1427152857142856,0.730011,0.19425063
0.7271989,0.19627723,0.730220833333333,0.207440111111111,0.7286064,0.20346525
0.7265038,0.19000491,0.7242748809523808,0.1530958095238096,0.72527534,0.1743404
0.68680394,0.25449434,0.68911,0.2741326666666667,0.6856884,0.23995365
0.7233876,0.17575875,0.7844752142857142,0.4806026666666664,0.72896093,0.19093668
0.7029356,0.6451264,0.7029999999999975,0.6440000000000039,0.70833373,0.6949933
0.7130776,0.66598475,0.718999999999999,0.6800000000000016,0.7178915,0.6967228
0.69493234,0.64520836,0.7009999999999996,0.6689999999999984,0.69777215,0.6664391
0.7086153,0.6440444,0.7049999999999987,0.6510000000000015,0.71271807,0.6514884
0.69028145,0.6297411,0.6919799999999995,0.6520000000000006,0.693442,0.657203
0.7376149,0.23017058,0.7315125000000003,0.1758526190476192,0.73622835,0.2033717
0.6631556,0.5078765,0.6520000000000006,0.4729999999999995,0.65882415,0.44925034
0.73037505,0.19753999,0.7323333333333335,0.2015994999999999,0.7361492,0.20085333
0.7052221,0.66319704,0.7239999999999991,0.7069999999999999,0.70930934,0.70257264
0.72618836,0.17097265,0.7338400000000002,0.2155650000000004,0.7261307,0.19828397
0.7090051,0.67461574,0.7250000000000003,0.716,0.71607035,0.7278839
0.7272221,0.17349464,0.7254916666666668,0.1830768333333333,0.7262571,0.17278916
0.7029356,0.6451264,0.7029999999999975,0.6440000000000039,0.70833373,0.6949933
0.7029356,0.6451264,0.7029999999999975,0.6440000000000039,0.70833373,0.6949933
0.7480087,0.24541846,0.736792857142857,0.188928,0.7462808,0.21423578
0.72794133,0.20184824,0.7250036666666665,0.1928217619047619,0.72915846,0.19628575
0.72784156,0.20936921,0.7344156666666669,0.2215103333333333,0.73597145,0.22311229
0.73196137,0.22273427,0.74326,0.2238350000000001,0.7304009,0.19081911
0.6940272,0.5989983,0.6980999999999997,0.6017600000000006,0.69040567,0.6335488
0.70461833,0.64250743,0.7239999999999991,0.7120000000000017,0.708207,0.69252926
0.7294414,0.18116483,0.7350329166666664,0.2193351190476189,0.7400168,0.20329171
0.6952578,0.6485146,0.6989999999999985,0.6670000000000015,0.70126665,0.6806429
0.7029356,0.6451264,0.7029999999999975,0.6440000000000039,0.70833373,0.6949933
0.7129587,0.67313087,0.7119999999999991,0.6730000000000017,0.7148888,0.6860619
0.7298223,0.1919466,0.7339700000000005,0.217667142857143,0.7404146,0.22216004
0.7477974,0.27347422,0.790825000000001,0.4655259999999993,0.74602056,0.26974106
0.73092544,0.21922925,0.7304899999999996,0.22301,0.7277046,0.19375929
0.694534,0.62945163,0.7070000000000001,0.6910000000000011,0.69977444,0.6965253
0.7383995,0.22719601,0.7313325,0.200442,0.73698425,0.24026163
0.7247964,0.19722357,0.7151350000000012,0.1637342857142853,0.729894,0.20122011
0.7130776,0.66598475,0.718999999999999,0.6800000000000016,0.7178915,0.6967228
0.70436597,0.65315026,0.7060000000000002,0.671,0.7056846,0.6836332
0.7059493,0.6906583,0.6979999999999997,0.6830000000000004,0.70827115,0.687779
0.68923414,0.57632744,0.6959599999999994,0.6335699999999993,0.69402486,0.6673681
0.695295,0.60372967,0.7289999999999993,0.7229999999999994,0.69900084,0.67109054
0.73892283,0.22059035,0.737607,0.2204066666666665,0.7354733,0.21818772
0.7121556,0.18788254,0.7251451904761904,0.2775318333333334,0.7124753,0.17172156
0.66799474,0.53030324,0.6921600000000003,0.6827999999999999,0.6687829,0.6154919
0.73640054,0.22314715,0.738833333333333,0.2003449999999999,0.7457305,0.22786626
0.72917616,0.20861724,0.7166000000000016,0.1408933333333332,0.730934,0.1882905
0.6952578,0.6485146,0.6989999999999985,0.6670000000000015,0.70126665,0.6806429
0.7129587,0.67313087,0.7119999999999991,0.6730000000000017,0.7148888,0.6860619
0.7286322,0.20220038,0.736338416666667,0.2326412619047618,0.7313266,0.17559837
0.73036563,0.22882149,0.7335911547619048,0.2516479523809524,0.7403368,0.23127358
0.70791817,0.66315967,0.7120000000000019,0.6870000000000005,0.7082808,0.66585344
0.7083342,0.68335354,0.6997500000000001,0.6211999999999998,0.7099925,0.7103459
0.7246089,0.17975396,0.7177871666666674,0.1648558333333332,0.7335026,0.19642651
0.73816156,0.209295,0.7345224999999996,0.2143421904761902,0.7377983,0.19260636
0.7368054,0.20355558,0.7279266666666665,0.1933533333333333,0.73083943,0.16902784
0.6921947,0.639103,0.6929999999999992,0.6580000000000008,0.69121563,0.6583683
0.7262382,0.20738131,0.7130208333333325,0.1402413333333332,0.7303128,0.19408694
0.7129587,0.67313087,0.7119999999999991,0.6730000000000017,0.7148888,0.6860619
0.7377481,0.2326675,0.7308233333333329,0.2018005,0.73780566,0.20819217
0.7129587,0.67313087,0.7119999999999991,0.6730000000000017,0.7148888,0.6860619
0.7014393,0.59832036,0.68018,0.5324799999999998,0.6862141,0.64834315
0.73120123,0.19150329,0.7400222857142859,0.2421709603174604,0.7364063,0.20478773
0.72412014,0.18847525,0.730162,0.2108274880952381,0.7298926,0.19061098
0.7321926,0.20641413,0.7302133333333332,0.2285860000000001,0.73833954,0.2115238
0.74579644,0.24347353,0.7364999999999996,0.2124533333333333,0.74280787,0.21980676
0.71529734,0.6826232,0.7039999999999996,0.6289999999999992,0.7186608,0.69105846
0.73683035,0.21873641,0.7209259090909083,0.1470700000000001,0.7332727,0.19791776
0.6950526,0.6123062,0.6929999999999992,0.6109999999999989,0.6992123,0.66515094
0.70048285,0.6642649,0.7019999999999986,0.6700000000000013,0.70159066,0.6708604
0.7272221,0.17349464,0.7254916666666668,0.1830768333333333,0.7262571,0.17278916
0.7416117,0.25415123,0.7290134285714283,0.1734999999999997,0.7476046,0.25328845
0.7222453,0.17710638,0.7241543170995673,0.1955829835164835,0.7247038,0.19138247
0.7239578,0.18551487,0.7304534999999998,0.1936188571428571,0.73348117,0.18389904
0.6782456,0.2240828,0.6804750000000003,0.2312496666666667,0.67812586,0.21102498
0.7012236,0.6371995,0.7266799999999993,0.7253699999999995,0.71269643,0.7034412
0.7129587,0.67313087,0.7119999999999991,0.6730000000000017,0.7148888,0.6860619
0.7284494,0.19316506,0.7395379047619044,0.248290142857143,0.7377801,0.21135908
0.71984315,0.15191728,0.7304700000000003,0.2012866666666663,0.72632784,0.19094189
0.6832965,0.5780033,0.7018899999999995,0.6514199999999997,0.6921505,0.6799486
0.7518649,0.28057826,0.7454164285714283,0.277241,0.75463694,0.26868156
0.68982124,0.585198,0.6949999999999997,0.6370000000000003,0.69623005,0.64610934
0.7059493,0.6906583,0.6979999999999997,0.6830000000000004,0.70827115,0.687779
0.7129587,0.67313087,0.7119999999999991,0.6730000000000017,0.7148888,0.6860619
0.740506,0.23760319,0.7643988333333334,0.3691658333333334,0.7407038,0.22549915
0.6998011,0.6412221,0.7098199999999995,0.5962100000000005,0.7045711,0.685504
0.73569316,0.22028822,0.7462133333333331,0.2814199999999995,0.7405771,0.2101937
0.7405763,0.2342957,0.7365266666666664,0.2305461666666667,0.740515,0.22378017
0.7237812,0.22596878,0.7392264999999999,0.2876290476190472,0.72958136,0.2539984
0.7457156,0.23978248,0.7381049999999996,0.2178973333333333,0.74516046,0.21065241
0.69093204,0.61034775,0.7079999999999989,0.6760000000000006,0.6950496,0.66430676
0.7451474,0.25898832,0.7406843333333333,0.2469575952380952,0.7443001,0.21083057
0.698217,0.6147554,0.6839999999999989,0.6019999999999986,0.7039496,0.6960313
0.7338114,0.21995565,0.7417649870129867,0.2468824999999999,0.73485875,0.2464332
0.7303568,0.21385044,0.7360554999999996,0.214452,0.737822,0.22072184
0.7287847,0.23786235,0.726052484126984,0.2238706666666666,0.73917353,0.27127028
0.7029356,0.6451264,0.7029999999999975,0.6440000000000039,0.70833373,0.6949933
0.73169684,0.2010141,0.7229799999999992,0.1507491666666667,0.7368461,0.19184896
0.73056585,0.19421941,0.7317531666666663,0.1830933333333333,0.7347924,0.22695702
0.6952578,0.6485146,0.6989999999999985,0.6670000000000015,0.70126665,0.6806429
0.6952578,0.6485146,0.6989999999999985,0.6670000000000015,0.70126665,0.6806429
0.6952578,0.6485146,0.6989999999999985,0.6670000000000015,0.70126665,0.6806429
0.7129587,0.67313087,0.7119999999999991,0.6730000000000017,0.7148888,0.6860619
0.6972554,0.589288,0.6989999999999994,0.5670000000000001,0.70518476,0.6394356
0.7097477,0.6563254,0.7160000000000022,0.6870000000000038,0.71315485,0.69279605
0.729941,0.18452173,0.7299899999999994,0.1766409047619048,0.73449886,0.19348307
0.729576,0.1914508,0.7387099999999998,0.2163683333333333,0.74183685,0.20794359
0.7034868,0.6665494,0.6929999999999992,0.627000000000001,0.7063234,0.6720044
0.7010369,0.5887548,0.7013700000000012,0.6028799999999996,0.70181376,0.6630523
0.68798244,0.5603322,0.6319999999999992,0.3009999999999993,0.685624,0.55128795
0.7130776,0.66598475,0.718999999999999,0.6800000000000016,0.7178915,0.6967228
0.7358826,0.2109707,0.7361299999999994,0.22036,0.7401303,0.21870187
0.70090544,0.6194098,0.7189999999999996,0.6929999999999983,0.70443755,0.67247957
0.72342324,0.1678884,0.7152400000000018,0.1223799999999998,0.7275992,0.17109753
0.7350712,0.20894569,0.7414566666666667,0.2088678571428572,0.740032,0.20521097
0.72947186,0.19717282,0.7431999999999991,0.2552566666666666,0.740231,0.22498953
0.7433308,0.2618761,0.7342300000000005,0.2114230357142855,0.74300873,0.26310986
0.74016047,0.2167005,0.7398549999999997,0.2262213333333333,0.7474822,0.22644377
0.69994116,0.60720545,0.6929999999999992,0.5649999999999993,0.702966,0.59600616
0.73854756,0.22186899,0.7335542380952379,0.2093163928571428,0.74175775,0.23356925
0.6777264,0.5545868,0.6899999999999991,0.6520000000000009,0.67468464,0.615218
0.6985846,0.60645664,0.7060000000000015,0.6629999999999984,0.7048444,0.6735955
0.7383598,0.22136071,0.7410473333333333,0.2466959047619047,0.73934984,0.2106829
0.67699975,0.5618074,0.6910000000000011,0.6619999999999996,0.6793384,0.6369894
0.7236002,0.19948742,0.7296985714285712,0.2023795238095238,0.7327221,0.20458663
0.6928059,0.6059402,0.6911000000000006,0.6493600000000008,0.70234287,0.57217854
0.72720975,0.16378325,0.7280911428571426,0.175301357142857,0.73501915,0.19174501
0.6950526,0.6123062,0.6929999999999992,0.6109999999999989,0.6992123,0.66515094
0.74428815,0.24069884,0.7600755555555558,0.3447084285714284,0.74538803,0.23262227
0.7302047,0.16212606,0.7346532499999996,0.2157333409090909,0.727881,0.20521101
0.72851473,0.19267261,0.7303649999999999,0.19543375,0.732435,0.1936014
0.7240594,0.17796439,0.7255596904761902,0.1703684047619047,0.7276751,0.18656456
0.70010114,0.6500342,0.6949999999999997,0.6210000000000008,0.70221585,0.66402245
0.72326374,0.16091958,0.7355684999999994,0.2096533333333332,0.7284609,0.16904142
0.73878914,0.22418162,0.7178599999999998,0.1327278571428572,0.7452515,0.24583444
0.69655234,0.640739,0.706000000000001,0.6959999999999993,0.6991634,0.67977935
0.7396046,0.25510597,0.7431733333333331,0.2454416904761903,0.73793876,0.25166458
0.6892831,0.28522858,0.6545333333333329,0.2948816666666666,0.6883987,0.22940408
0.7153299,0.66400075,0.7196799999999998,0.6687899999999993,0.72964084,0.72176564
0.72303504,0.21959025,0.7156382380952379,0.2346780833333333,0.7255515,0.22377822
0.7517004,0.2730683,0.7446369999999995,0.2375926666666666,0.741928,0.2259933
0.69583917,0.6355732,0.7039999999999997,0.6499999999999991,0.6986185,0.67331284
0.7329819,0.20210636,0.7435912380952382,0.2527339999999999,0.7435578,0.22210008
0.74756885,0.28567713,0.7221174999999992,0.2071139999999997,0.733745,0.23180196
0.7097477,0.6563254,0.7160000000000022,0.6870000000000038,0.71315485,0.69279605
0.7246438,0.1703727,0.7321599999999995,0.2032671666666666,0.72635007,0.20053498
0.70178825,0.66589534,0.6949999999999997,0.6460000000000007,0.70912385,0.6885973
0.7417673,0.24129573,0.7409468095238093,0.2308133333333332,0.74552286,0.23844469
0.7415222,0.23002818,0.7359739999999998,0.2111097500000001,0.73616403,0.2052469
0.6974945,0.64349675,0.7019999999999985,0.6559999999999995,0.7007081,0.67218584
0.7029356,0.6451264,0.7029999999999975,0.6440000000000039,0.70833373,0.6949933
0.6857174,0.5550094,0.6867799999999994,0.5648100000000006,0.6771053,0.5797605
0.7097477,0.6563254,0.7160000000000022,0.6870000000000038,0.71315485,0.69279605
0.70766115,0.6477957,0.6981999999999999,0.5639900000000001,0.7148227,0.6815061
0.73935723,0.23424017,0.7149399999999991,0.1280716666666668,0.7423482,0.21297175
0.726465,0.17607483,0.72209,0.139336738095238,0.73267627,0.22077312
0.74366736,0.23388821,0.7467599999999996,0.2426599999999998,0.7457878,0.22405142
0.7331048,0.2269597,0.7221750000000009,0.1620283095238095,0.7395371,0.23464087
0.7130776,0.66598475,0.718999999999999,0.6800000000000016,0.7178915,0.6967228
0.7228759,0.16334474,0.7227799999999992,0.1405264999999999,0.73281395,0.18790722
0.73092926,0.23326337,0.7412224642857139,0.2702129523809524,0.7391263,0.24505308
0.745242,0.25516593,0.7867223333333334,0.4785226666666669,0.7463513,0.24673998
0.706914,0.6871661,0.7019999999999987,0.6839999999999989,0.70737326,0.698592
0.7320506,0.20727292,0.7302906666666662,0.2016318095238095,0.7330549,0.2087073
0.6913086,0.59902537,0.6840800000000001,0.5409800000000001,0.69194484,0.6461541
0.728323,0.17429826,0.7361984047619048,0.238515119047619,0.72957325,0.19422863
0.7377581,0.23636729,0.7280375238095231,0.1930088333333332,0.7403599,0.22648183
0.7336221,0.20749903,0.726815,0.163705,0.7383845,0.21291284
0.71307755,0.66598463,0.718999999999999,0.6800000000000016,0.71789145,0.6967228
0.7468288,0.2562452,0.7975350000000009,0.4749179166666663,0.74016815,0.21069884
0.69592595,0.6011852,0.6949999999999997,0.6450000000000015,0.70246166,0.6621499
0.6706655,0.52425385,0.6869999999999991,0.6019999999999986,0.6674534,0.56995577
0.68958217,0.64065063,0.6858599999999995,0.6425199999999994,0.69019926,0.6955504
0.6669984,0.5178829,0.6310000000000001,0.2409999999999997,0.6521573,0.38152087
0.7029356,0.6451264,0.7029999999999975,0.6440000000000039,0.70833373,0.6949933
0.70842546,0.65064764,0.7087999999999997,0.66155,0.7213903,0.7181255
0.70436597,0.65315026,0.7060000000000002,0.671,0.7056846,0.6836332
0.7129587,0.67313087,0.7119999999999991,0.6730000000000017,0.7148888,0.6860619
0.68830425,0.6280277,0.6760000000000006,0.622999999999999,0.68667036,0.65886325
0.72948664,0.24451953,0.7259578333333334,0.1915768333333333,0.7431753,0.29970863
0.7272675,0.17177135,0.7314974999999997,0.2142353333333332,0.73112077,0.17784914
0.7358054,0.23674145,0.7471033333333333,0.3345326785714286,0.74497193,0.24616244
0.7286709,0.1832268,0.7348716666666664,0.221485,0.73244786,0.1895947
0.6974945,0.64349675,0.7019999999999985,0.6559999999999995,0.7007081,0.67218584
0.7029356,0.6451264,0.7029999999999975,0.6440000000000039,0.70833373,0.6949933
0.70090544,0.6194098,0.7189999999999996,0.6929999999999983,0.70443755,0.67247957
0.68982124,0.585198,0.6949999999999997,0.6370000000000003,0.69623005,0.64610934
0.7126198,0.6661153,0.7310000000000003,0.7230899999999992,0.72092897,0.73921734
0.6749136,0.56449914,0.6629999999999984,0.5510000000000004,0.66455483,0.61589986
0.7097477,0.6563254,0.7160000000000022,0.6870000000000038,0.71315485,0.69279605
0.73109233,0.20507917,0.7243685714285708,0.1592769999999998,0.7299589,0.19319998
0.7330982,0.22576371,0.7202959880952378,0.1509239999999999,0.7312579,0.17814964
0.6989243,0.6480974,0.7044899999999997,0.6925899999999998,0.7032112,0.7440712
0.7029356,0.6451264,0.7029999999999975,0.6440000000000039,0.70833373,0.6949933
0.6896393,0.6109481,0.6937899999999996,0.61175,0.69706357,0.7013161
0.72131646,0.15402323,0.7330749999999999,0.2088999999999999,0.7340076,0.20453489
0.7379663,0.22247633,0.7336429166666665,0.1959491666666665,0.7320492,0.1999487
0.72962147,0.20320308,0.7315766666666665,0.1942863333333333,0.7315997,0.19114742
0.7029356,0.6451264,0.7029999999999975,0.6440000000000039,0.70833373,0.6949933
0.7213516,0.15516883,0.728719166666666,0.1766245000000003,0.71342564,0.16015193
0.70436597,0.65315026,0.7060000000000002,0.671,0.7056846,0.6836332
0.74051136,0.22232392,0.7356891666666661,0.1989709999999999,0.73977995,0.20335211
0.7265866,0.21189082,0.7337547499999999,0.2490832936507937,0.73597014,0.21878837
0.7434927,0.24835226,0.7396449999999998,0.2207436666666665,0.74304813,0.23376751
0.7291396,0.19412574,0.7374599999999996,0.2197744761904761,0.73671657,0.21156138
0.7097477,0.6563254,0.7160000000000022,0.6870000000000038,0.71315485,0.69279605
0.6531223,0.44223428,0.6550000000000007,0.4350000000000002,0.6378868,0.3626808
0.73498523,0.19855982,0.7906150000000008,0.4633406666666669,0.740244,0.25290528
0.50402796,0.053770423,0.52793,0.14368,0.5016302,0.1419652
0.72285956,0.19478327,0.7333429999999994,0.2320899999999996,0.7356238,0.23308074
0.74234724,0.24912792,0.7357966666666665,0.2090799285714286,0.7460117,0.22661208
0.7344533,0.20224231,0.7270091666666666,0.1809136666666667,0.735163,0.18842387
0.6967213,0.60928094,0.7039999999999997,0.664000000000001,0.68914616,0.6180701
0.7029356,0.6451264,0.7029999999999975,0.6440000000000039,0.70833373,0.6949933
0.73339486,0.20051938,0.7363846666666666,0.2218116666666667,0.73263836,0.20871133
0.73492205,0.22494623,0.7251800000000002,0.1801757619047618,0.7403075,0.23235966
0.7292111,0.2142998,0.7344403333333329,0.2015031190476189,0.73445225,0.19093925
0.7421351,0.22314131,0.7330149999999995,0.1672093333333333,0.74083865,0.20688218
0.7058029,0.6531194,0.7109999999999986,0.6850000000000018,0.7105853,0.69667363
0.6985846,0.60645664,0.7060000000000015,0.6629999999999984,0.7048444,0.6735955
0.7029356,0.6451264,0.7029999999999975,0.6440000000000039,0.70833373,0.6949933
0.736189,0.2307018,0.7471576507936506,0.2942480952380952,0.74019563,0.23864001
0.7130776,0.66598475,0.718999999999999,0.6800000000000016,0.7178915,0.6967228
0.75094306,0.27311355,0.7415599999999998,0.2493,0.7482591,0.22924489
0.6902192,0.5617257,0.69742,0.63637,0.69013804,0.59027076
0.73782176,0.22821566,0.7356266666666664,0.2211,0.73834294,0.23496032
0.7279702,0.20601529,0.7155799999999998,0.1670166666666664,0.7331664,0.19658883
0.69093204,0.61034775,0.7079999999999989,0.6760000000000006,0.6950496,0.66430676
0.7290075,0.17260405,0.738196722222222,0.2306736666666666,0.73530614,0.20959601
0.72803485,0.18142411,0.7261499999999992,0.164367142857143,0.7310839,0.18795705
0.6788414,0.5303837,0.6249100000000009,0.3290200000000003,0.65919864,0.39288867
0.7432749,0.26309535,0.754222892857143,0.2699086428571429,0.740339,0.27493778
0.6981987,0.16532594,0.704742638888889,0.1973183333333333,0.71226966,0.14253283
0.7362803,0.23087087,0.7578628571428574,0.3352329999999999,0.73055106,0.20591491
0.673483,0.59161645,0.685819999999999,0.6867500000000011,0.67381823,0.6609437
0.6985846,0.60645664,0.7060000000000015,0.6629999999999984,0.7048444,0.6735955
0.7243801,0.16693452,0.7216201428571424,0.1546965714285714,0.7258035,0.1847278
0.69495916,0.59800327,0.6949999999999997,0.5850000000000007,0.7005422,0.6093524
0.68695426,0.5978717,0.697050000000001,0.6190499999999998,0.6920364,0.6476032
0.7111458,0.10019356,0.7284237500000004,0.1805653809523807,0.71991295,0.16405654
0.7360821,0.25617546,0.7259780000000002,0.1887213333333331,0.73602474,0.2424496
0.73816305,0.24289638,0.7513105000000002,0.27918125,0.74447423,0.25208998
0.731983,0.21435565,0.7175875,0.1600502857142857,0.73428106,0.21328458
0.6869691,0.61958295,0.6957199999999998,0.6507800000000005,0.6887321,0.6808759
0.68044674,0.5758805,0.6790000000000007,0.5880000000000006,0.6810588,0.5791629
0.74050593,0.23760322,0.7643988333333334,0.3691658333333334,0.7407038,0.22549915
0.6984699,0.61679375,0.6989999999999994,0.6289999999999992,0.70387006,0.67154115
0.70319855,0.62937915,0.6869999999999991,0.5399999999999994,0.7031847,0.6311972
0.74407005,0.24753827,0.7368349999999996,0.2124555238095238,0.74455047,0.21228647
0.70814604,0.6725079,0.7229999999999991,0.7120000000000017,0.7137892,0.73061967
0.73832756,0.24052325,0.7365113333333331,0.2116821666666666,0.7436542,0.22688198
0.6985846,0.60645664,0.7060000000000015,0.6629999999999984,0.7048444,0.6735955
0.7029356,0.6451264,0.7029999999999975,0.6440000000000039,0.70833373,0.6949933
0.69707966,0.652122,0.6979999999999997,0.6679999999999997,0.70106244,0.6847742
0.73247826,0.23406032,0.7497901666666665,0.2497375,0.73881525,0.25671923
0.7097477,0.6563254,0.7160000000000022,0.6870000000000038,0.71315485,0.69279605
0.7009966,0.6323535,0.7150000000000019,0.6760000000000006,0.70585644,0.7034564
0.67053956,0.4949417,0.616999999999999,0.2439999999999998,0.6650995,0.39851168
0.72158086,0.17901531,0.7318541666666667,0.2251330555555554,0.7269491,0.18407694
0.71189046,0.13849336,0.7250577777777777,0.1782990476190475,0.72270614,0.1712774
0.70048285,0.6642649,0.7019999999999986,0.6700000000000013,0.70159066,0.6708604
0.724931,0.1965164,0.7393899999999998,0.2742091666666664,0.7285666,0.19097202
0.7129587,0.67313087,0.7119999999999991,0.6730000000000017,0.7148888,0.6860619
0.7289351,0.20761007,0.7177091904761904,0.202927,0.73173237,0.20121476
0.72199357,0.18137217,0.709812,0.1039252619047619,0.72868204,0.18147317
0.73008966,0.19937256,0.7220000000000002,0.1697752129488158,0.7330706,0.19358954
0.73918504,0.20644689,0.7355499999999994,0.1914600000000001,0.73648524,0.214315
0.6919325,0.65039074,0.6924200000000006,0.6696300000000008,0.6974007,0.7157677
0.7325286,0.2271123,0.7222599999999991,0.1914833333333332,0.7414706,0.23001145
0.70628595,0.6662015,0.710999999999999,0.71,0.707188,0.68258077
0.7306989,0.19613323,0.7318506666666661,0.2072182142857143,0.73321235,0.18974161
0.6777264,0.5545868,0.6899999999999991,0.6520000000000009,0.67468464,0.615218
0.6652162,0.16598696,0.6827225000000001,0.2484814285714285,0.67233473,0.23250893
0.69070554,0.62800455,0.6835699999999991,0.6081699999999995,0.69053304,0.6630869
0.7273402,0.22001114,0.7132599999999992,0.1661569999999998,0.7317884,0.21548831
0.67909,0.57407373,0.6777399999999999,0.4632900000000001,0.67210037,0.57708675
0.6660925,0.55707896,0.6745299999999999,0.5683400000000001,0.67876285,0.7070623
0.7029356,0.6451264,0.7029999999999975,0.6440000000000039,0.70833373,0.6949933
0.73906446,0.24347183,0.7791950000000003,0.4321600000000002,0.74219203,0.21821943
0.70010114,0.6500342,0.6949999999999997,0.6210000000000008,0.70221585,0.66402245
0.69936424,0.6332452,0.7050199999999998,0.5851200000000001,0.721606,0.73157424
0.73893595,0.24579597,0.7374212857142852,0.240204857142857,0.7419294,0.2138446
0.7156141,0.674485,0.7389999999999997,0.7369999999999998,0.7175502,0.70743287
0.68684894,0.5638832,0.6079999999999988,0.2250000000000002,0.6951238,0.56727344
0.70010114,0.6500342,0.6949999999999997,0.6210000000000008,0.70221585,0.66402245
0.69853735,0.6034039,0.7060000000000008,0.6420000000000013,0.7014272,0.63789886
0.70050967,0.62802804,0.710999999999999,0.6730000000000014,0.7054278,0.6904178
0.71291345,0.14498311,0.7048499999999989,0.1065133333333333,0.72039044,0.15345906
0.7333931,0.19903019,0.7298499999999993,0.18893,0.7402855,0.20771796
0.69592595,0.6011852,0.6949999999999997,0.6450000000000015,0.70246166,0.6621499
0.68593144,0.5764927,0.6949999999999997,0.6199999999999989,0.6967182,0.6191585
0.7360867,0.22135794,0.7313846666666661,0.1927584999999999,0.7394855,0.2022159
0.68949044,0.58857656,0.677,0.5730000000000003,0.69425184,0.649271
0.70672387,0.68088233,0.6949999999999996,0.6370000000000003,0.71171737,0.7050515
0.725708,0.19815648,0.7305449285714283,0.2339088333333334,0.7336992,0.20785645
0.7215612,0.20452797,0.7139,0.1568343333333332,0.72842294,0.21754485
0.6871718,0.586672,0.6709999999999998,0.5720000000000008,0.69191366,0.6664745
0.7300489,0.21070379,0.7157208874458878,0.1650452380952381,0.72719646,0.17582075
0.7357223,0.22616804,0.7183000000000002,0.1426226666666667,0.7434568,0.24487093
0.68880415,0.6256625,0.6777300000000007,0.5994600000000009,0.6944597,0.6990257
0.7365765,0.21873987,0.7379999999999997,0.2241534552669554,0.73949015,0.23831342
0.72657585,0.18696052,0.7267910000000003,0.1844918333333333,0.7292849,0.18710354
0.7358667,0.22663403,0.7463285,0.3027573809523812,0.7387972,0.23201954
0.7406192,0.25203237,0.7258800000000002,0.18789,0.73852664,0.20839782
0.724931,0.1965164,0.7393899999999998,0.2742091666666664,0.7285666,0.19097202
0.73831236,0.22545016,0.7342100000000004,0.2114560476190475,0.7409446,0.2315109
0.7288939,0.19876707,0.731691111111111,0.2161233333333332,0.7289461,0.19533733
0.67053956,0.4949417,0.616999999999999,0.2439999999999998,0.6650995,0.39851168
0.7100392,0.66785365,0.7213599999999996,0.6975200000000011,0.713992,0.7258206
0.69755596,0.26361746,0.700404761904762,0.2403180000000001,0.6880034,0.24777666
0.6767925,0.57794297,0.6592099999999995,0.5409999999999989,0.67688215,0.66282386
0.68990815,0.61968243,0.710999999999999,0.6946199999999998,0.6929217,0.65034825
0.727772,0.17292213,0.729395999999999,0.1695528333333333,0.73152006,0.21112871
0.7228046,0.15535358,0.7323389999999996,0.2208646666666666,0.73383427,0.19613838
0.70247,0.6613997,0.7030000000000014,0.6659999999999985,0.7033946,0.692787
0.67092586,0.5800239,0.6805199999999995,0.6404600000000009,0.66943204,0.69070345
0.706914,0.6871661,0.7019999999999987,0.6839999999999989,0.70737326,0.698592
0.73244286,0.19962582,0.7261416666666659,0.1827829999999998,0.7238478,0.1768968
0.7373817,0.23562354,0.7364251666666667,0.2527158809523809,0.74078053,0.24116808
0.71452844,0.6987119,0.7077,0.6752600000000001,0.7266952,0.7255944
0.68294656,0.5956545,0.6719999999999987,0.5889999999999991,0.68611556,0.65132296
0.7029356,0.6451264,0.7029999999999975,0.6440000000000039,0.70833373,0.6949933
0.70436597,0.65315026,0.7060000000000002,0.671,0.7056846,0.6836332
0.7088132,0.65504205,0.7160299999999994,0.6942499999999993,0.7160815,0.728203
0.74895215,0.27666318,0.744259333333333,0.2578050476190475,0.74293375,0.21434736
0.7373407,0.2327098,0.7370934285714285,0.2156288333333333,0.73532355,0.19675756
0.73015153,0.21199465,0.7223000000000002,0.179493357142857,0.73367864,0.21206942
0.7281375,0.17915606,0.7167980000000014,0.1273716666666668,0.7347736,0.18593559
0.7301018,0.22312981,0.7205733333333327,0.194799,0.7313626,0.21785422
0.73348206,0.20278198,0.7240269999999996,0.1555117142857144,0.737096,0.19172814
0.71865827,0.6910781,0.7280000000000004,0.719999999999999,0.7194066,0.728761
0.7268579,0.198666,0.7183233333333325,0.1378499999999998,0.73254645,0.18787208
0.6755289,0.5736755,0.6830000000000004,0.6649999999999996,0.6729253,0.6659933
0.6886358,0.6215875,0.6899999999999991,0.6259999999999991,0.69226784,0.6573034
0.7182716,0.6826223,0.7318499999999994,0.6632199999999985,0.7297382,0.7133215
0.7366117,0.239528,0.7380427857142854,0.235588,0.74053985,0.21375296
0.7398549,0.24715447,0.7325099999999997,0.1964355,0.74291,0.23450875
0.69592595,0.6011852,0.6949999999999997,0.6450000000000015,0.70246166,0.6621499
0.70922184,0.6614078,0.7229999999999994,0.7030000000000014,0.7102222,0.66634613
0.7009966,0.6323535,0.7150000000000019,0.6760000000000006,0.70585644,0.7034564
0.7029356,0.6451264,0.7029999999999975,0.6440000000000039,0.70833373,0.6949933
0.7097477,0.6563254,0.7160000000000022,0.6870000000000038,0.71315485,0.69279605
0.52322483,0.104287475,0.5231100000000001,0.1464,0.5098993,0.25678742
0.7435997,0.2389816,0.724019999999999,0.1597899999999998,0.73211706,0.21686362
0.7312077,0.22403717,0.7289049999999995,0.2037563333333333,0.73453224,0.20212114
0.70090544,0.6194098,0.7189999999999996,0.6929999999999983,0.70443755,0.67247957
0.7432275,0.2548836,0.7527099999999999,0.3110750000000003,0.7403071,0.28290254
0.73604465,0.22868502,0.768773333333334,0.4094899999999997,0.73862904,0.22322881
0.7298687,0.20766994,0.7371699999999995,0.2330624999999999,0.7383144,0.22450879
0.71117616,0.69602275,0.71402,0.6701199999999993,0.72188956,0.75388813
0.7440606,0.24421644,0.7225351666666665,0.1549799285714285,0.742494,0.21662025
0.701756,0.6328167,0.7169999999999992,0.7049999999999987,0.697039,0.6696994
0.7129587,0.67313087,0.7119999999999991,0.6730000000000017,0.7148888,0.6860619
0.71016616,0.68627954,0.7250000000000003,0.7160000000000001,0.7176364,0.7202994
0.6777264,0.5545868,0.6899999999999991,0.6520000000000009,0.67468464,0.615218
0.7384311,0.25527513,0.7660919047619048,0.3491233333333333,0.74187285,0.23551756
0.68638134,0.6302974,0.6780300000000004,0.6300799999999989,0.69205976,0.70650846
0.7026643,0.6202643,0.6945999999999991,0.64982,0.70449233,0.6324597
0.73079485,0.1958327,0.7390576388888885,0.2529883333333333,0.73970574,0.23933148
0.7309482,0.21188432,0.7142624999999991,0.1409750317460317,0.7352931,0.1970386
0.72355986,0.16452578,0.7161773571428575,0.1297057222222222,0.7268691,0.17775264
0.67972594,0.54588246,0.6894499999999993,0.5632400000000001,0.6813702,0.5921758
0.7340928,0.21327049,0.7316308333333329,0.1886379761904763,0.7353716,0.21948494
0.72668636,0.17650238,0.7292599999999994,0.1992899999999997,0.7275579,0.17886332
0.7419394,0.24651456,0.7689708333333339,0.3792850000000002,0.74764407,0.24410424
0.711004,0.20380837,0.7319283333333333,0.2487338333333332,0.71330744,0.18132633
0.69453293,0.59740734,0.7060000000000015,0.6540000000000016,0.69637513,0.6563584
0.7282369,0.20380586,0.7300783333333333,0.1931218333333332,0.7360112,0.20350558
0.6881722,0.57714725,0.6979999999999997,0.6310000000000001,0.69254076,0.6379797
0.70090544,0.6194098,0.7189999999999996,0.6929999999999983,0.70443755,0.67247957
0.69709915,0.6377932,0.7207899999999989,0.7320800000000005,0.70367867,0.69317764
0.7050843,0.6667797,0.7161600000000005,0.7099999999999995,0.7152543,0.7157579
0.7296026,0.20174336,0.7331739047619047,0.1906506507936508,0.73444897,0.19605432
0.7368053,0.22036982,0.724099999999999,0.15902,0.7380703,0.23151463
0.73554647,0.22763962,0.7344469999999995,0.2148171111111111,0.7378167,0.2035495
0.6674026,0.53079265,0.6499999999999991,0.4570000000000006,0.65978277,0.45373452
0.68684894,0.5638832,0.6079999999999988,0.2250000000000002,0.6951238,0.56727344
0.7335303,0.21570784,0.7339191666666663,0.2346555194805194,0.73584235,0.20202936
0.7290832,0.18681604,0.7433199999999995,0.2421223333333332,0.73855686,0.20623262
0.6952578,0.6485146,0.6989999999999985,0.6670000000000015,0.70126665,0.6806429
0.731689,0.22277093,0.7261676666666668,0.1945451190476191,0.73268753,0.1964199
0.7430693,0.24867666,0.7375712380952377,0.2146371666666667,0.744957,0.2344847
0.7331985,0.20414945,0.7362151428571428,0.2188396904761905,0.73526603,0.19948712
0.7029356,0.6451264,0.7029999999999975,0.6440000000000039,0.70833373,0.6949933
0.700339,0.63467044,0.7102400000000002,0.6848999999999998,0.7104173,0.7237629
0.7346284,0.23196152,0.7324774563492062,0.2168386388888889,0.73760706,0.2297058
0.7346305,0.2039232,0.725389999999999,0.1726953333333333,0.73415774,0.19205059
0.7462997,0.2590836,0.7365848333333329,0.2583358333333334,0.7464932,0.28542548
0.6726755,0.5860949,0.6815650000000001,0.5566299999999998,0.67964673,0.708045
0.7078437,0.15915206,0.7275463888888887,0.1951985,0.71518546,0.18642025
0.73593056,0.23502353,0.7274028968253965,0.1906991587301587,0.7337058,0.19856486
0.71529734,0.6826232,0.7039999999999996,0.6289999999999992,0.7186608,0.69105846
0.738165,0.24788594,0.7359282500000001,0.2356192857142857,0.73792124,0.21389228
0.74239135,0.24738753,0.7438574999999997,0.2523886428571432,0.7478688,0.2321555
0.6974945,0.64349675,0.7019999999999985,0.6559999999999995,0.7007081,0.67218584
0.73498523,0.19855982,0.7906150000000008,0.4633406666666669,0.740244,0.25290528
0.7400266,0.22591859,0.7385053571428568,0.2178408333333332,0.74408007,0.21728072
0.6984699,0.61679375,0.6989999999999994,0.6289999999999992,0.70387006,0.67154115
0.6819801,0.5870902,0.6739999999999999,0.5540000000000005,0.678565,0.5773664
0.70795655,0.6270491,0.7139999999999991,0.6520000000000007,0.7092068,0.67108876
0.73719054,0.24729517,0.7327699999999995,0.2174637063492063,0.744226,0.2697159
0.6788761,0.55475277,0.7042199999999997,0.5953000000000002,0.6811199,0.6411918
0.7267461,0.18824434,0.7260591666666666,0.1866197619047619,0.73477197,0.19575049
0.66700363,0.5669721,0.6855299999999995,0.6250800000000006,0.67260903,0.59217864
0.70672387,0.68088233,0.6949999999999996,0.6370000000000003,0.71171737,0.7050515
0.7284131,0.20677212,0.7365896666666665,0.2591329999999999,0.7333876,0.20703754
0.69994116,0.60720545,0.6929999999999992,0.5649999999999993,0.702966,0.59600616
0.7029356,0.6451264,0.7029999999999975,0.6440000000000039,0.70833373,0.6949933
0.5200597,0.078006625,0.5303900000000001,0.13198,0.5308123,0.1562134
0.7413476,0.23368204,0.7283840000000003,0.1724260317460317,0.7365281,0.21973848
0.73893684,0.23607534,0.7291919999999995,0.1805949999999998,0.741706,0.20352525
0.7436745,0.24275729,0.7324116666666662,0.2161902142857142,0.7434724,0.21772857
0.70791817,0.66315967,0.7120000000000019,0.6870000000000005,0.7082808,0.66585344
0.6919348,0.5994155,0.67332,0.56849,0.70920545,0.7143818
0.6974945,0.64349675,0.7019999999999985,0.6559999999999995,0.7007081,0.67218584
0.7130776,0.66598475,0.718999999999999,0.6800000000000016,0.7178915,0.6967228
0.7121422,0.6686169,0.7169699999999992,0.6914199999999995,0.71311545,0.6979824
0.73471916,0.24703938,0.7597066666666669,0.3564699285714285,0.7385539,0.2483092
0.7308747,0.19084132,0.7200799999999994,0.1501975000000001,0.7335552,0.19237897
0.7047108,0.16275808,0.7144783571428573,0.2107340238095237,0.7162595,0.18399934
0.70818734,0.6877856,0.7021299999999999,0.6552499999999999,0.71499014,0.69110286
0.72960985,0.1923055,0.7234199999999994,0.1666673333333331,0.7252182,0.1955019
0.7058029,0.6531194,0.7109999999999986,0.6850000000000018,0.7105853,0.69667363
0.69853735,0.6034039,0.7060000000000008,0.6420000000000013,0.7014272,0.63789886
0.6847728,0.58858865,0.71,0.7090000000000016,0.67801464,0.6013002
0.74237704,0.27735442,0.7347615238095243,0.2389777777777778,0.73534775,0.2155035
0.73292875,0.22289106,0.7385089999999994,0.2545066666666665,0.7407582,0.22094277
0.70090544,0.6194098,0.7189999999999996,0.6929999999999983,0.70443755,0.67247957
0.7345586,0.20305014,0.7364741666666663,0.2274696904761903,0.7346748,0.20085767
0.6775726,0.48902735,0.67058,0.4663199999999998,0.6679993,0.47874448
0.7130776,0.66598475,0.718999999999999,0.6800000000000016,0.7178915,0.6967228
0.6777264,0.5545868,0.6899999999999991,0.6520000000000009,0.67468464,0.615218
0.70667714,0.67594814,0.7099799999999991,0.6841599999999989,0.70747775,0.68906516
0.72667646,0.20101225,0.72678,0.2062581666666665,0.72694397,0.18039438
0.6758846,0.5640055,0.6748199999999989,0.5569100000000007,0.6706537,0.53558576
